idx,image_quality
0,0.45
1,0.45
2,0.45
3,0.12
4,0.12
5,0.2
6,0.27
7,0.12
8,0.45
9,0.45
10,0.45
11,0.45
12,0.23
13,0.62
14,0.15
15,0.35
16,0.32
17,0.45
18,0.65
19,0.32
20,0.47
21,0.32
22,0.34
23,0.32
24,0.45
25,0.32
26,0.45
27,0.32
28,0.22
29,0.35
30,0.35
31,0.58
32,0.35
33,0.45
34,0.35
35,0.32
36,0.35
37,0.65
38,0.35
39,0.25
40,0.12
41,0.25
42,0.32
43,0.12
44,0.42
45,0.1
46,0.45
47,0.35
48,0.25
49,0.3
50,0.35
51,0.25
52,0.3
53,0.42
54,0.32
55,0.45
56,0.35
57,0.45
58,0.45
59,0.42
60,0.45
61,0.2
62,0.35
63,0.22
64,0.45
65,0.52
66,0.45
67,0.3
68,0.25
69,0.28
70,0.65
71,0.25
72,0.47
73,0.15
74,0.1
75,0.25
76,0.67
77,0.15
78,0.32
79,0.63
80,0.42
81,0.22
82,0.15
83,0.56
84,0.15
85,0.45
86,0.45
87,0.45
88,0.78
89,0.65
90,0.54
91,0.25
92,0.47
93,0.32
94,0.35
95,0.37
96,0.47
97,0.12
98,0.62
99,0.95
100,0.15
101,0.42
102,0.92
103,0.95
104,0.35
105,0.45
106,0.78
107,0.12
108,0.35
109,0.52
110,0.15
111,0.36
112,0.1
113,0.22
114,0.15
115,0.67
116,0.3
117,0.55
118,0.45
119,0.75
120,0.25
121,0.92
122,0.52
123,0.42
124,0.72
125,0.45
126,0.85
127,0.28
128,0.85
129,0.72
130,0.35
131,0.78
132,0.45
133,0.26
134,0.25
135,0.52
136,0.15
137,0.85
138,0.74
139,0.52
140,0.45
141,0.32
142,0.25
143,0.45
144,0.12
145,0.65
146,0.35
147,0.35
148,0.47
149,0.45
150,0.15
151,0.35
152,0.42
153,0.45
154,0.25
155,0.25
156,0.45
157,0.15
158,0.42
159,0.15
160,0.78
161,0.78
162,0.72
163,0.35
164,0.65
165,0.45
166,0.35
167,0.12
168,0.3
169,0.25
170,0.23
171,0.42
172,0.85
173,0.2
174,0.45
175,0.53
176,0.2
177,0.25
178,0.35
179,0.45
180,0.65
181,0.35
182,0.45
183,0.35
184,0.12
185,0.92
186,0.35
187,0.32
188,0.21
189,0.47
190,0.25
191,0.4
192,0.45
193,0.68
194,0.47
195,0.72
196,0.77
197,0.21
198,0.45
199,0.32
200,0.32
201,0.32
202,0.32
203,0.55
204,0.45
205,0.65
206,0.35
207,0.32
208,0.15
209,0.55
210,0.33
211,0.45
212,0.78
213,0.2
214,0.32
215,0.55
216,0.67
217,0.15
218,0.45
219,0.25
220,0.45
221,0.45
222,0.37
223,0.45
224,0.42
225,0.35
226,0.68
227,0.45
228,0.68
229,0.65
230,0.72
231,0.65
232,0.42
233,0.35
234,0.32
235,0.28
236,0.15
237,0.76
238,0.72
239,0.35
240,0.75
241,0.62
242,0.32
243,0.35
244,0.47
245,0.35
246,0.52
247,0.35
248,0.35
249,0.45
250,0.32
251,0.45
252,0.15
253,0.45
254,0.45
255,0.55
256,0.58
257,0.35
258,0.35
259,0.52
260,0.23
261,0.32
262,0.15
263,0.35
264,0.32
265,0.32
266,0.25
267,0.62
268,0.42
269,0.87
270,0.25
271,0.45
272,0.32
273,0.25
274,0.27
275,0.15
276,0.72
277,0.32
278,0.52
279,0.55
280,0.35
281,0.41
282,0.35
283,0.82
284,0.65
285,0.15
286,0.58
287,0.85
288,0.65
289,0.65
290,0.25
291,0.3
292,0.35
293,0.62
294,0.45
295,0.32
296,0.32
297,0.32
298,0.42
299,0.32
300,0.15
301,0.22
302,0.34
303,0.23
304,0.32
305,0.35
306,0.32
307,0.35
308,0.43
309,0.45
310,0.28
311,0.35
312,0.45
313,0.35
314,0.35
315,0.45
316,0.45
317,0.45
318,0.35
319,0.42
320,0.62
321,0.42
322,0.62
323,0.52
324,0.35
325,0.45
326,0.52
327,0.21
328,0.45
329,0.35
330,0.25
331,0.72
332,0.2
333,0.65
334,0.45
335,0.45
336,0.42
337,0.45
338,0.2
339,0.32
340,0.35
341,0.25
342,0.65
343,0.45
344,0.45
345,0.32
346,0.25
347,0.85
348,0.45
349,0.65
350,0.15
351,0.56
352,0.15
353,0.23
354,0.62
355,0.32
356,0.85
357,0.82
358,0.32
359,0.62
360,0.35
361,0.42
362,0.88
363,0.85
364,0.3
365,0.45
366,0.42
367,0.65
368,0.72
369,0.53
370,0.68
371,0.92
372,0.45
373,0.67
374,0.45
375,0.15
376,0.15
377,0.78
378,0.82
379,0.22
380,0.82
381,0.45
382,0.25
383,0.3
384,0.35
385,0.1
386,0.25
387,0.27
388,0.45
389,0.45
390,0.85
391,0.15
392,0.15
393,0.58
394,0.15
395,0.45
396,0.65
397,0.85
398,0.32
399,0.58
400,0.35
401,0.87
402,0.65
403,0.45
404,0.45
405,0.72
406,0.42
407,0.35
408,0.73
409,0.12
410,0.62
411,0.68
412,0.35
413,0.63
414,0.45
415,0.45
416,0.32
417,0.85
418,0.72
419,0.15
420,0.42
421,0.45
422,0.3
423,0.45
424,0.3
425,0.25
426,0.35
427,0.58
428,0.45
429,0.45
430,0.35
431,0.37
432,0.42
433,0.45
434,0.32
435,0.32
436,0.32
437,0.34
438,0.25
439,0.35
440,0.25
441,0.85
442,0.32
443,0.28
444,0.45
445,0.42
446,0.68
447,0.35
448,0.32
449,0.62
450,0.68
451,0.45
452,0.32
453,0.68
454,0.75
455,0.2
456,0.65
457,0.82
458,0.15
459,0.63
460,0.68
461,0.32
462,0.65
463,0.32
464,0.25
465,0.45
466,0.45
467,0.32
468,0.75
469,0.25
470,0.32
471,0.2
472,0.1
473,0.35
474,0.25
475,0.35
476,0.45
477,0.65
478,0.45
479,0.15
480,0.72
481,0.65
482,0.35
483,0.42
484,0.12
485,0.45
486,0.42
487,0.21
488,0.38
489,0.72
490,0.32
491,0.35
492,0.55
493,0.32
494,0.35
495,0.25
496,0.35
497,0.45
498,0.32
499,0.87
500,0.85
501,0.45
502,0.25
503,0.75
504,0.35
505,0.12
506,0.35
507,0.85
508,0.32
509,0.45
510,0.3
511,0.55
512,0.32
513,0.15
514,0.15
515,0.76
516,0.45
517,0.23
518,0.32
519,0.32
520,0.45
521,0.35
522,0.75
523,0.45
524,0.72
525,0.35
526,0.12
527,0.85
528,0.55
529,0.45
530,0.45
531,0.78
532,0.45
533,0.72
534,0.65
535,0.32
536,0.15
537,0.82
538,0.32
539,0.15
540,0.23
541,0.32
542,0.32
543,0.45
544,0.32
545,0.25
546,0.45
547,0.28
548,0.15
549,0.32
550,0.37
551,0.45
552,0.45
553,0.45
554,0.35
555,0.15
556,0.32
557,0.35
558,0.32
559,0.42
560,0.65
561,0.1
562,0.45
563,0.78
564,0.75
565,0.42
566,0.35
567,0.32
568,0.3
569,0.35
570,0.72
571,0.42
572,0.25
573,0.35
574,0.75
575,0.45
576,0.15
577,0.15
578,0.32
579,0.31
580,0.45
581,0.22
582,0.65
583,0.4
584,0.33
585,0.45
586,0.45
587,0.45
588,0.62
589,0.55
590,0.45
591,0.42
592,0.35
593,0.42
594,0.68
595,0.45
596,0.45
597,0.55
598,0.45
599,0.45
600,0.55
601,0.28
602,0.65
603,0.32
604,0.32
605,0.45
606,0.78
607,0.22
608,0.86
609,0.65
610,0.32
611,0.25
612,0.45
613,0.35
614,0.3
615,0.15
616,0.45
617,0.58
618,0.32
619,0.63
620,0.45
621,0.65
622,0.15
623,0.22
624,0.45
625,0.22
626,0.32
627,0.65
628,0.72
629,0.87
630,0.62
631,0.32
632,0.15
633,0.65
634,0.72
635,0.45
636,0.12
637,0.37
638,0.32
639,0.2
640,0.25
641,0.32
642,0.32
643,0.2
644,0.18
645,0.35
646,0.15
647,0.45
648,0.32
649,0.45
650,0.45
651,0.75
652,0.15
653,0.52
654,0.85
655,0.45
656,0.15
657,0.62
658,0.45
659,0.32
660,0.28
661,0.35
662,0.32
663,0.47
664,0.35
665,0.55
666,0.12
667,0.35
668,0.45
669,0.47
670,0.45
671,0.22
672,0.23
673,0.45
674,0.21
675,0.12
676,0.57
677,0.55
678,0.32
679,0.73
680,0.72
681,0.85
682,0.62
683,0.15
684,0.23
685,0.72
686,0.63
687,0.85
688,0.92
689,0.55
690,0.87
691,0.72
692,0.45
693,0.32
694,0.15
695,0.45
696,0.65
697,0.25
698,0.32
699,0.62
700,0.45
701,0.73
702,0.35
703,0.58
704,0.15
705,0.42
706,0.45
707,0.32
708,0.45
709,0.76
710,0.34
711,0.32
712,0.45
713,0.32
714,0.15
715,0.15
716,0.67
717,0.15
718,0.32
719,0.36
720,0.25
721,0.15
722,0.65
723,0.32
724,0.45
725,0.85
726,0.15
727,0.72
728,0.45
729,0.66
730,0.55
731,0.62
732,0.35
733,0.42
734,0.85
735,0.45
736,0.23
737,0.65
738,0.2
739,0.85
740,0.15
741,0.15
742,0.85
743,0.76
744,0.32
745,0.23
746,0.42
747,0.55
748,0.42
749,0.72
750,0.32
751,0.15
752,0.45
753,0.55
754,0.32
755,0.32
756,0.76
757,0.45
758,0.25
759,0.62
760,0.23
761,0.42
762,0.35
763,0.65
764,0.45
765,0.15
766,0.32
767,0.43
768,0.72
769,0.45
770,0.32
771,0.42
772,0.15
773,0.62
774,0.74
775,0.85
776,0.45
777,0.72
778,0.12
779,0.45
780,0.15
781,0.34
782,0.45
783,0.65
784,0.55
785,0.35
786,0.22
787,0.65
788,0.75
789,0.73
790,0.78
791,0.35
792,0.12
793,0.15
794,0.41
795,0.35
796,0.25
797,0.85
798,0.45
799,0.12
800,0.22
801,0.45
802,0.32
803,0.35
804,0.35
805,0.15
806,0.87
807,0.45
808,0.2
809,0.24
810,0.85
811,0.42
812,0.32
813,0.47
814,0.35
815,0.45
816,0.55
817,0.35
818,0.35
819,0.45
820,0.85
821,0.67
822,0.42
823,0.32
824,0.25
825,0.32
826,0.45
827,0.35
828,0.32
829,0.32
830,0.45
831,0.45
832,0.55
833,0.32
834,0.27
835,0.55
836,0.22
837,0.32
838,0.72
839,0.25
840,0.42
841,0.45
842,0.15
843,0.45
844,0.15
845,0.32
846,0.15
847,0.35
848,0.45
849,0.51
850,0.42
851,0.32
852,0.32
853,0.55
854,0.34
855,0.45
856,0.45
857,0.35
858,0.35
859,0.45
860,0.45
861,0.45
862,0.42
863,0.35
864,0.32
865,0.32
866,0.32
867,0.65
868,0.15
869,0.56
870,0.22
871,0.67
872,0.38
873,0.42
874,0.45
875,0.15
876,0.47
877,0.33
878,0.23
879,0.45
880,0.32
881,0.32
882,0.65
883,0.47
884,0.13
885,0.42
886,0.45
887,0.58
888,0.32
889,0.35
890,0.45
891,0.45
892,0.62
893,0.32
894,0.45
895,0.45
896,0.35
897,0.25
898,0.35
899,0.23
900,0.23
901,0.15
902,0.35
903,0.35
904,0.35
905,0.35
906,0.22
907,0.55
908,0.45
909,0.15
910,0.45
911,0.22
912,0.21
913,0.25
914,0.3
915,0.65
916,0.24
917,0.2
918,0.32
919,0.58
920,0.15
921,0.45
922,0.15
923,0.55
924,0.32
925,0.43
926,0.23
927,0.35
928,0.45
929,0.35
930,0.35
931,0.52
932,0.35
933,0.46
934,0.23
935,0.45
936,0.67
937,0.35
938,0.42
939,0.45
940,0.15
941,0.35
942,0.43
943,0.35
944,0.47
945,0.35
946,0.45
947,0.21
948,0.45
949,0.78
950,0.62
951,0.45
952,0.55
953,0.25
954,0.15
955,0.47
956,0.65
957,0.45
958,0.42
959,0.45
960,0.42
961,0.45
962,0.18
963,0.32
964,0.32
965,0.65
966,0.32
967,0.37
968,0.12
969,0.23
970,0.42
971,0.45
972,0.42
973,0.45
974,0.45
975,0.45
976,0.15
977,0.35
978,0.21
979,0.32
980,0.55
981,0.22
982,0.55
983,0.15
984,0.23
985,0.12
986,0.32
987,0.45
988,0.45
989,0.27
990,0.23
991,0.45
992,0.42
993,0.42
994,0.45
995,0.45
996,0.45
997,0.45
998,0.45
999,0.56
1000,0.52
1001,0.55
1002,0.32
1003,0.45
1004,0.35
1005,0.15
1006,0.32
1007,0.55
1008,0.65
1009,0.25
1010,0.32
1011,0.35
1012,0.47
1013,0.15
1014,0.15
1015,0.2
1016,0.67
1017,0.3
1018,0.35
1019,0.17
1020,0.45
1021,0.45
1022,0.53
1023,0.35
1024,0.53
1025,0.78
1026,0.35
1027,0.32
1028,0.35
1029,0.45
1030,0.25
1031,0.45
1032,0.45
1033,0.35
1034,0.65
1035,0.15
1036,0.32
1037,0.47
1038,0.23
1039,0.32
1040,0.32
1041,0.45
1042,0.32
1043,0.42
1044,0.23
1045,0.15
1046,0.25
1047,0.24
1048,0.25
1049,0.65
1050,0.45
1051,0.45
1052,0.45
1053,0.42
1054,0.22
1055,0.65
1056,0.25
1057,0.36
1058,0.42
1059,0.42
1060,0.62
1061,0.45
1062,0.15
1063,0.25
1064,0.25
1065,0.45
1066,0.65
1067,0.47
1068,0.45
1069,0.45
1070,0.32
1071,0.45
1072,0.32
1073,0.35
1074,0.45
1075,0.25
1076,0.32
1077,0.42
1078,0.3
1079,0.15
1080,0.45
1081,0.52
1082,0.35
1083,0.45
1084,0.32
1085,0.15
1086,0.27
1087,0.73
1088,0.32
1089,0.45
1090,0.32
1091,0.18
1092,0.42
1093,0.65
1094,0.55
1095,0.42
1096,0.32
1097,0.45
1098,0.52
1099,0.35
1100,0.25
1101,0.32
1102,0.32
1103,0.35
1104,0.37
1105,0.22
1106,0.45
1107,0.15
1108,0.45
1109,0.42
1110,0.3
1111,0.22
1112,0.43
1113,0.45
1114,0.42
1115,0.48
1116,0.35
1117,0.45
1118,0.45
1119,0.32
1120,0.35
1121,0.42
1122,0.36
1123,0.62
1124,0.35
1125,0.37
1126,0.45
1127,0.32
1128,0.45
1129,0.65
1130,0.35
1131,0.52
1132,0.22
1133,0.45
1134,0.32
1135,0.32
1136,0.35
1137,0.75
1138,0.42
1139,0.45
1140,0.65
1141,0.32
1142,0.35
1143,0.22
1144,0.15
1145,0.45
1146,0.15
1147,0.34
1148,0.3
1149,0.32
1150,0.68
1151,0.25
1152,0.56
1153,0.35
1154,0.78
1155,0.42
1156,0.62
1157,0.45
1158,0.35
1159,0.42
1160,0.15
1161,0.45
1162,0.72
1163,0.45
1164,0.32
1165,0.45
1166,0.45
1167,0.43
1168,0.25
1169,0.34
1170,0.67
1171,0.45
1172,0.75
1173,0.42
1174,0.33
1175,0.62
1176,0.52
1177,0.28
1178,0.54
1179,0.45
1180,0.65
1181,0.32
1182,0.32
1183,0.12
1184,0.57
1185,0.45
1186,0.45
1187,0.65
1188,0.25
1189,0.42
1190,0.32
1191,0.23
1192,0.72
1193,0.25
1194,0.15
1195,0.42
1196,0.15
1197,0.25
1198,0.35
1199,0.72
1200,0.65
1201,0.27
1202,0.65
1203,0.23
1204,0.42
1205,0.56
1206,0.23
1207,0.15
1208,0.5
1209,0.45
1210,0.25
1211,0.65
1212,0.55
1213,0.57
1214,0.46
1215,0.78
1216,0.81
1217,0.25
1218,0.95
1219,0.68
1220,0.72
1221,0.25
1222,0.2
1223,0.45
1224,0.12
1225,0.45
1226,0.25
1227,0.15
1228,0.15
1229,0.32
1230,0.42
1231,0.25
1232,0.95
1233,0.85
1234,0.45
1235,0.68
1236,0.3
1237,0.85
1238,0.45
1239,0.42
1240,0.76
1241,0.62
1242,0.25
1243,0.15
1244,0.45
1245,0.45
1246,0.25
1247,0.87
1248,0.65
1249,0.43
1250,0.45
1251,0.25
1252,0.85
1253,0.32
1254,0.72
1255,0.15
1256,0.13
1257,0.42
1258,0.3
1259,0.42
1260,0.1
1261,0.47
1262,0.45
1263,0.85
1264,0.32
1265,0.15
1266,0.45
1267,0.85
1268,0.22
1269,0.15
1270,0.62
1271,0.25
1272,0.45
1273,0.25
1274,0.58
1275,0.12
1276,0.32
1277,0.22
1278,0.42
1279,0.55
1280,0.97
1281,0.45
1282,0.42
1283,0.35
1284,0.15
1285,0.56
1286,0.85
1287,0.65
1288,0.21
1289,0.35
1290,0.15
1291,0.65
1292,0.45
1293,0.87
1294,0.12
1295,0.1
1296,0.42
1297,0.45
1298,0.87
1299,0.25
1300,0.2
1301,0.65
1302,0.75
1303,0.22
1304,0.12
1305,0.32
1306,0.15
1307,0.86
1308,0.95
1309,0.45
1310,0.35
1311,0.32
1312,0.75
1313,0.25
1314,0.72
1315,0.25
1316,0.23
1317,0.45
1318,0.32
1319,0.21
1320,0.52
1321,0.12
1322,0.12
1323,0.85
1324,0.45
1325,0.45
1326,0.92
1327,0.95
1328,0.85
1329,0.15
1330,0.45
1331,0.32
1332,0.35
1333,0.45
1334,0.65
1335,0.55
1336,0.45
1337,0.65
1338,0.45
1339,0.25
1340,0.15
1341,0.21
1342,0.34
1343,0.62
1344,0.15
1345,0.45
1346,0.15
1347,0.32
1348,0.62
1349,0.56
1350,0.27
1351,0.32
1352,0.42
1353,0.68
1354,0.32
1355,0.32
1356,0.47
1357,0.32
1358,0.45
1359,0.42
1360,0.45
1361,0.32
1362,0.65
1363,0.45
1364,0.15
1365,0.35
1366,0.24
1367,0.57
1368,0.36
1369,0.63
1370,0.32
1371,0.25
1372,0.37
1373,0.15
1374,0.45
1375,0.45
1376,0.32
1377,0.45
1378,0.34
1379,0.55
1380,0.45
1381,0.2
1382,0.25
1383,0.22
1384,0.4
1385,0.45
1386,0.45
1387,0.35
1388,0.35
1389,0.45
1390,0.32
1391,0.32
1392,0.45
1393,0.42
1394,0.65
1395,0.1
1396,0.35
1397,0.21
1398,0.35
1399,0.35
1400,0.72
1401,0.35
1402,0.45
1403,0.78
1404,0.45
1405,0.45
1406,0.35
1407,0.66
1408,0.25
1409,0.12
1410,0.45
1411,0.65
1412,0.62
1413,0.32
1414,0.35
1415,0.25
1416,0.42
1417,0.2
1418,0.87
1419,0.25
1420,0.52
1421,0.52
1422,0.3
1423,0.25
1424,0.23
1425,0.42
1426,0.32
1427,0.45
1428,0.45
1429,0.18
1430,0.35
1431,0.55
1432,0.23
1433,0.23
1434,0.15
1435,0.12
1436,0.12
1437,0.42
1438,0.65
1439,0.25
1440,0.32
1441,0.15
1442,0.15
1443,0.35
1444,0.45
1445,0.35
1446,0.32
1447,0.52
1448,0.65
1449,0.35
1450,0.65
1451,0.42
1452,0.23
1453,0.32
1454,0.15
1455,0.42
1456,0.12
1457,0.23
1458,0.32
1459,0.32
1460,0.25
1461,0.45
1462,0.65
1463,0.35
1464,0.52
1465,0.42
1466,0.45
1467,0.23
1468,0.35
1469,0.56
1470,0.3
1471,0.45
1472,0.35
1473,0.62
1474,0.15
1475,0.32
1476,0.67
1477,0.45
1478,0.23
1479,0.25
1480,0.32
1481,0.36
1482,0.45
1483,0.45
1484,0.15
1485,0.45
1486,0.3
1487,0.36
1488,0.32
1489,0.45
1490,0.57
1491,0.32
1492,0.32
1493,0.25
1494,0.35
1495,0.32
1496,0.85
1497,0.37
1498,0.25
1499,0.32
1500,0.45
1501,0.35
1502,0.52
1503,0.32
1504,0.42
1505,0.34
1506,0.35
1507,0.72
1508,0.22
1509,0.25
1510,0.25
1511,0.25
1512,0.27
1513,0.45
1514,0.45
1515,0.56
1516,0.55
1517,0.65
1518,0.65
1519,0.83
1520,0.56
1521,0.45
1522,0.45
1523,0.45
1524,0.67
1525,0.15
1526,0.72
1527,0.65
1528,0.65
1529,0.85
1530,0.32
1531,0.88
1532,0.32
1533,0.78
1534,0.32
1535,0.72
1536,0.15
1537,0.32
1538,0.45
1539,0.45
1540,0.35
1541,0.15
1542,0.15
1543,0.22
1544,0.42
1545,0.34
1546,0.25
1547,0.35
1548,0.23
1549,0.15
1550,0.12
1551,0.45
1552,0.15
1553,0.58
1554,0.45
1555,0.52
1556,0.32
1557,0.45
1558,0.45
1559,0.67
1560,0.45
1561,0.47
1562,0.45
1563,0.47
1564,0.72
1565,0.35
1566,0.45
1567,0.47
1568,0.15
1569,0.45
1570,0.45
1571,0.45
1572,0.45
1573,0.35
1574,0.32
1575,0.42
1576,0.32
1577,0.35
1578,0.35
1579,0.35
1580,0.25
1581,0.23
1582,0.25
1583,0.12
1584,0.15
1585,0.15
1586,0.25
1587,0.32
1588,0.35
1589,0.23
1590,0.32
1591,0.22
1592,0.23
1593,0.28
1594,0.62
1595,0.52
1596,0.35
1597,0.41
1598,0.32
1599,0.45
1600,0.62
1601,0.25
1602,0.42
1603,0.15
1604,0.45
1605,0.18
1606,0.52
1607,0.23
1608,0.15
1609,0.25
1610,0.32
1611,0.15
1612,0.35
1613,0.34
1614,0.15
1615,0.68
1616,0.45
1617,0.23
1618,0.2
1619,0.15
1620,0.15
1621,0.42
1622,0.45
1623,0.21
1624,0.42
1625,0.15
1626,0.42
1627,0.45
1628,0.52
1629,0.45
1630,0.42
1631,0.45
1632,0.15
1633,0.25
1634,0.23
1635,0.47
1636,0.35
1637,0.22
1638,0.15
1639,0.2
1640,0.42
1641,0.32
1642,0.37
1643,0.15
1644,0.42
1645,0.42
1646,0.22
1647,0.32
1648,0.32
1649,0.15
1650,0.41
1651,0.45
1652,0.35
1653,0.65
1654,0.42
1655,0.32
1656,0.23
1657,0.34
1658,0.2
1659,0.42
1660,0.4
1661,0.23
1662,0.15
1663,0.65
1664,0.15
1665,0.25
1666,0.45
1667,0.45
1668,0.32
1669,0.12
1670,0.32
1671,0.34
1672,0.35
1673,0.32
1674,0.18
1675,0.32
1676,0.48
1677,0.42
1678,0.25
1679,0.47
1680,0.21
1681,0.32
1682,0.32
1683,0.35
1684,0.45
1685,0.68
1686,0.42
1687,0.47
1688,0.43
1689,0.45
1690,0.45
1691,0.15
1692,0.32
1693,0.23
1694,0.42
1695,0.72
1696,0.55
1697,0.43
1698,0.45
1699,0.67
1700,0.45
1701,0.65
1702,0.32
1703,0.45
1704,0.67
1705,0.55
1706,0.58
1707,0.45
1708,0.32
1709,0.45
1710,0.35
1711,0.43
1712,0.45
1713,0.22
1714,0.25
1715,0.32
1716,0.45
1717,0.42
1718,0.25
1719,0.78
1720,0.52
1721,0.25
1722,0.65
1723,0.42
1724,0.32
1725,0.34
1726,0.52
1727,0.52
1728,0.72
1729,0.65
1730,0.35
1731,0.32
1732,0.57
1733,0.15
1734,0.22
1735,0.52
1736,0.65
1737,0.35
1738,0.35
1739,0.34
1740,0.45
1741,0.25
1742,0.32
1743,0.55
1744,0.35
1745,0.35
1746,0.56
1747,0.35
1748,0.48
1749,0.21
1750,0.15
1751,0.58
1752,0.45
1753,0.45
1754,0.25
1755,0.25
1756,0.25
1757,0.56
1758,0.32
1759,0.32
1760,0.42
1761,0.55
1762,0.32
1763,0.48
1764,0.25
1765,0.2
1766,0.72
1767,0.3
1768,0.47
1769,0.45
1770,0.56
1771,0.65
1772,0.25
1773,0.35
1774,0.45
1775,0.58
1776,0.25
1777,0.78
1778,0.22
1779,0.45
1780,0.32
1781,0.45
1782,0.47
1783,0.78
1784,0.45
1785,0.87
1786,0.65
1787,0.65
1788,0.35
1789,0.24
1790,0.65
1791,0.42
1792,0.45
1793,0.42
1794,0.23
1795,0.25
1796,0.32
1797,0.45
1798,0.45
1799,0.45
1800,0.45
1801,0.2
1802,0.43
1803,0.1
1804,0.32
1805,0.23
1806,0.46
1807,0.68
1808,0.65
1809,0.32
1810,0.76
1811,0.15
1812,0.73
1813,0.15
1814,0.25
1815,0.23
1816,0.85
1817,0.32
1818,0.78
1819,0.25
1820,0.2
1821,0.35
1822,0.25
1823,0.15
1824,0.45
1825,0.42
1826,0.55
1827,0.15
1828,0.12
1829,0.42
1830,0.72
1831,0.85
1832,0.87
1833,0.35
1834,0.42
1835,0.42
1836,0.78
1837,0.23
1838,0.45
1839,0.85
1840,0.52
1841,0.15
1842,0.45
1843,0.25
1844,0.35
1845,0.45
1846,0.76
1847,0.32
1848,0.15
1849,0.68
1850,0.42
1851,0.45
1852,0.85
1853,0.45
1854,0.78
1855,0.23
1856,0.52
1857,0.65
1858,0.45
1859,0.62
1860,0.88
1861,0.45
1862,0.65
1863,0.45
1864,0.76
1865,0.72
1866,0.45
1867,0.72
1868,0.12
1869,0.65
1870,0.35
1871,0.85
1872,0.35
1873,0.35
1874,0.85
1875,0.85
1876,0.84
1877,0.87
1878,0.57
1879,0.72
1880,0.45
1881,0.85
1882,0.75
1883,0.25
1884,0.23
1885,0.35
1886,0.85
1887,0.85
1888,0.12
1889,0.35
1890,0.92
1891,0.15
1892,0.32
1893,0.65
1894,0.45
1895,0.15
1896,0.15
1897,0.72
1898,0.15
1899,0.3
1900,0.45
1901,0.2
1902,0.15
1903,0.25
1904,0.75
1905,0.12
1906,0.15
1907,0.95
1908,0.35
1909,0.72
1910,0.35
1911,0.45
1912,0.43
1913,0.62
1914,0.35
1915,0.42
1916,0.32
1917,0.35
1918,0.35
1919,0.85
1920,0.85
1921,0.32
1922,0.72
1923,0.85
1924,0.45
1925,0.22
1926,0.34
1927,0.45
1928,0.21
1929,0.88
1930,0.65
1931,0.45
1932,0.45
1933,0.65
1934,0.55
1935,0.25
1936,0.58
1937,0.55
1938,0.65
1939,0.65
1940,0.78
1941,0.43
1942,0.45
1943,0.87
1944,0.92
1945,0.35
1946,0.45
1947,0.45
1948,0.32
1949,0.72
1950,0.85
1951,0.45
1952,0.85
1953,0.32
1954,0.95
1955,0.35
1956,0.45
1957,0.55
1958,0.45
1959,0.65
1960,0.35
1961,0.25
1962,0.42
1963,0.72
1964,0.35
1965,0.78
1966,0.56
1967,0.15
1968,0.25
1969,0.35
1970,0.32
1971,0.25
1972,0.23
1973,0.65
1974,0.45
1975,0.67
1976,0.72
1977,0.63
1978,0.35
1979,0.35
1980,0.25
1981,0.45
1982,0.35
1983,0.32
1984,0.2
1985,0.45
1986,0.32
1987,0.32
1988,0.23
1989,0.28
1990,0.28
1991,0.24
1992,0.57
1993,0.47
1994,0.3
1995,0.55
1996,0.15
1997,0.32
1998,0.42
1999,0.15
2000,0.23
2001,0.65
2002,0.42
2003,0.32
2004,0.35
2005,0.15
2006,0.31
2007,0.43
2008,0.35
2009,0.32
2010,0.15
2011,0.3
2012,0.35
2013,0.42
2014,0.52
2015,0.72
2016,0.23
2017,0.18
2018,0.15
2019,0.35
2020,0.43
2021,0.32
2022,0.25
2023,0.32
2024,0.32
2025,0.32
2026,0.42
2027,0.32
2028,0.15
2029,0.32
2030,0.45
2031,0.35
2032,0.25
2033,0.63
2034,0.68
2035,0.32
2036,0.45
2037,0.45
2038,0.22
2039,0.42
2040,0.2
2041,0.3
2042,0.32
2043,0.2
2044,0.25
2045,0.65
2046,0.65
2047,0.68
2048,0.35
2049,0.62
2050,0.62
2051,0.52
2052,0.25
2053,0.55
2054,0.42
2055,0.2
2056,0.32
2057,0.62
2058,0.46
2059,0.45
2060,0.62
2061,0.72
2062,0.45
2063,0.45
2064,0.32
2065,0.65
2066,0.15
2067,0.42
2068,0.56
2069,0.32
2070,0.35
2071,0.35
2072,0.32
2073,0.25
2074,0.78
2075,0.45
2076,0.62
2077,0.45
2078,0.68
2079,0.35
2080,0.45
2081,0.42
2082,0.58
2083,0.58
2084,0.35
2085,0.52
2086,0.45
2087,0.32
2088,0.2
2089,0.42
2090,0.32
2091,0.45
2092,0.32
2093,0.39
2094,0.37
2095,0.42
2096,0.78
2097,0.35
2098,0.15
2099,0.32
2100,0.32
2101,0.67
2102,0.62
2103,0.35
2104,0.55
2105,0.35
2106,0.33
2107,0.35
2108,0.35
2109,0.23
2110,0.45
2111,0.22
2112,0.2
2113,0.45
2114,0.42
2115,0.25
2116,0.35
2117,0.45
2118,0.47
2119,0.52
2120,0.48
2121,0.15
2122,0.35
2123,0.72
2124,0.42
2125,0.3
2126,0.45
2127,0.32
2128,0.32
2129,0.85
2130,0.35
2131,0.45
2132,0.42
2133,0.23
2134,0.72
2135,0.56
2136,0.42
2137,0.28
2138,0.32
2139,0.45
2140,0.45
2141,0.68
2142,0.15
2143,0.45
2144,0.45
2145,0.47
2146,0.32
2147,0.32
2148,0.42
2149,0.25
2150,0.52
2151,0.12
2152,0.32
2153,0.25
2154,0.21
2155,0.58
2156,0.76
2157,0.45
2158,0.45
2159,0.65
2160,0.25
2161,0.32
2162,0.62
2163,0.35
2164,0.35
2165,0.55
2166,0.78
2167,0.88
2168,0.45
2169,0.45
2170,0.32
2171,0.45
2172,0.52
2173,0.45
2174,0.45
2175,0.32
2176,0.85
2177,0.76
2178,0.2
2179,0.52
2180,0.77
2181,0.32
2182,0.87
2183,0.85
2184,0.83
2185,0.3
2186,0.95
2187,0.15
2188,0.85
2189,0.45
2190,0.25
2191,0.68
2192,0.72
2193,0.15
2194,0.65
2195,0.35
2196,0.35
2197,0.45
2198,0.45
2199,0.23
2200,0.45
2201,0.42
2202,0.23
2203,0.32
2204,0.25
2205,0.25
2206,0.45
2207,0.28
2208,0.35
2209,0.56
2210,0.32
2211,0.15
2212,0.32
2213,0.45
2214,0.85
2215,0.32
2216,0.62
2217,0.65
2218,0.52
2219,0.67
2220,0.45
2221,0.75
2222,0.21
2223,0.42
2224,0.23
2225,0.65
2226,0.35
2227,0.35
2228,0.65
2229,0.32
2230,0.45
2231,0.1
2232,0.65
2233,0.52
2234,0.45
2235,0.85
2236,0.32
2237,0.52
2238,0.65
2239,0.15
2240,0.35
2241,0.75
2242,0.18
2243,0.15
2244,0.45
2245,0.72
2246,0.42
2247,0.2
2248,0.25
2249,0.12
2250,0.5
2251,0.15
2252,0.15
2253,0.65
2254,0.25
2255,0.12
2256,0.32
2257,0.67
2258,0.65
2259,0.85
2260,0.15
2261,0.45
2262,0.76
2263,0.32
2264,0.85
2265,0.22
2266,0.67
2267,0.45
2268,0.25
2269,0.78
2270,0.85
2271,0.15
2272,0.32
2273,0.2
2274,0.35
2275,0.78
2276,0.45
2277,0.15
2278,0.52
2279,0.85
2280,0.35
2281,0.32
2282,0.85
2283,0.15
2284,0.32
2285,0.47
2286,0.85
2287,0.25
2288,0.85
2289,0.73
2290,0.85
2291,0.45
2292,0.47
2293,0.82
2294,0.62
2295,0.78
2296,0.12
2297,0.35
2298,0.65
2299,0.45
2300,0.32
2301,0.95
2302,0.65
2303,0.25
2304,0.85
2305,0.58
2306,0.85
2307,0.72
2308,0.25
2309,0.65
2310,0.32
2311,0.25
2312,0.32
2313,0.67
2314,0.42
2315,0.35
2316,0.42
2317,0.45
2318,0.85
2319,0.65
2320,0.85
2321,0.75
2322,0.35
2323,0.52
2324,0.56
2325,0.45
2326,0.87
2327,0.35
2328,0.53
2329,0.28
2330,0.35
2331,0.56
2332,0.28
2333,0.72
2334,0.45
2335,0.25
2336,0.62
2337,0.32
2338,0.32
2339,0.25
2340,0.45
2341,0.32
2342,0.68
2343,0.35
2344,0.87
2345,0.42
2346,0.45
2347,0.35
2348,0.35
2349,0.45
2350,0.42
2351,0.32
2352,0.78
2353,0.62
2354,0.15
2355,0.25
2356,0.18
2357,0.2
2358,0.45
2359,0.32
2360,0.45
2361,0.45
2362,0.65
2363,0.68
2364,0.45
2365,0.25
2366,0.42
2367,0.18
2368,0.45
2369,0.3
2370,0.42
2371,0.78
2372,0.35
2373,0.45
2374,0.32
2375,0.45
2376,0.45
2377,0.45
2378,0.85
2379,0.0
2380,0.15
2381,0.92
2382,0.15
2383,0.12
2384,0.45
2385,0.4
2386,0.78
2387,0.15
2388,0.72
2389,0.43
2390,0.45
2391,0.85
2392,0.78
2393,0.65
2394,0.2
2395,0.85
2396,0.32
2397,0.25
2398,0.15
2399,0.45
2400,0.45
2401,0.85
2402,0.35
2403,0.35
2404,0.3
2405,0.42
2406,0.45
2407,0.45
2408,0.75
2409,0.42
2410,0.35
2411,0.45
2412,0.35
2413,0.15
2414,0.15
2415,0.25
2416,0.45
2417,0.45
2418,0.32
2419,0.65
2420,0.25
2421,0.2
2422,0.45
2423,0.35
2424,0.37
2425,0.32
2426,0.32
2427,0.15
2428,0.35
2429,0.62
2430,0.85
2431,0.52
2432,0.45
2433,0.45
2434,0.35
2435,0.35
2436,0.42
2437,0.32
2438,0.45
2439,0.65
2440,0.25
2441,0.22
2442,0.45
2443,0.25
2444,0.45
2445,0.42
2446,0.65
2447,0.35
2448,0.67
2449,0.78
2450,0.45
2451,0.45
2452,0.12
2453,0.35
2454,0.34
2455,0.75
2456,0.42
2457,0.92
2458,0.65
2459,0.45
2460,0.87
2461,0.62
2462,0.65
2463,0.45
2464,0.25
2465,0.85
2466,0.32
2467,0.32
2468,0.45
2469,0.13
2470,0.2
2471,0.2
2472,0.25
2473,0.2
2474,0.45
2475,0.45
2476,0.45
2477,0.27
2478,0.45
2479,0.32
2480,0.42
2481,0.35
2482,0.42
2483,0.45
2484,0.32
2485,0.22
2486,0.15
2487,0.25
2488,0.35
2489,0.27
2490,0.23
2491,0.32
2492,0.45
2493,0.23
2494,0.42
2495,0.3
2496,0.72
2497,0.32
2498,0.22
2499,0.45
2500,0.45
2501,0.15
2502,0.45
2503,0.35
2504,0.25
2505,0.62
2506,0.23
2507,0.18
2508,0.42
2509,0.45
2510,0.25
2511,0.42
2512,0.45
2513,0.42
2514,0.15
2515,0.25
2516,0.15
2517,0.25
2518,0.62
2519,0.35
2520,0.45
2521,0.45
2522,0.35
2523,0.25
2524,0.28
2525,0.25
2526,0.32
2527,0.12
2528,0.45
2529,0.34
2530,0.15
2531,0.3
2532,0.21
2533,0.22
2534,0.35
2535,0.34
2536,0.42
2537,0.45
2538,0.43
2539,0.25
2540,0.35
2541,0.35
2542,0.55
2543,0.32
2544,0.35
2545,0.15
2546,0.42
2547,0.35
2548,0.23
2549,0.32
2550,0.78
2551,0.35
2552,0.35
2553,0.35
2554,0.52
2555,0.56
2556,0.57
2557,0.45
2558,0.67
2559,0.32
2560,0.25
2561,0.35
2562,0.56
2563,0.45
2564,0.35
2565,0.85
2566,0.42
2567,0.78
2568,0.67
2569,0.35
2570,0.42
2571,0.32
2572,0.33
2573,0.65
2574,0.85
2575,0.25
2576,0.72
2577,0.57
2578,0.67
2579,0.78
2580,0.45
2581,0.45
2582,0.65
2583,0.65
2584,0.35
2585,0.35
2586,0.22
2587,0.2
2588,0.22
2589,0.32
2590,0.25
2591,0.32
2592,0.52
2593,0.32
2594,0.42
2595,0.45
2596,0.35
2597,0.85
2598,0.75
2599,0.87
2600,0.32
2601,0.85
2602,0.92
2603,0.32
2604,0.87
2605,0.45
2606,0.21
2607,0.72
2608,0.45
2609,0.32
2610,0.32
2611,0.45
2612,0.87
2613,0.82
2614,0.35
2615,0.85
2616,0.87
2617,0.35
2618,0.15
2619,0.35
2620,0.78
2621,0.62
2622,0.67
2623,0.47
2624,0.45
2625,0.45
2626,0.57
2627,0.45
2628,0.85
2629,0.42
2630,0.85
2631,0.45
2632,0.45
2633,0.35
2634,0.42
2635,0.62
2636,0.65
2637,0.35
2638,0.67
2639,0.43
2640,0.52
2641,0.78
2642,0.2
2643,0.45
2644,0.65
2645,0.23
2646,0.62
2647,0.45
2648,0.41
2649,0.25
2650,0.85
2651,0.65
2652,0.45
2653,0.85
2654,0.72
2655,0.18
2656,0.85
2657,0.32
2658,0.65
2659,0.25
2660,0.42
2661,0.25
2662,0.2
2663,0.56
2664,0.2
2665,0.85
2666,0.35
2667,0.85
2668,0.78
2669,0.85
2670,0.78
2671,0.45
2672,0.45
2673,0.42
2674,0.85
2675,0.28
2676,0.28
2677,0.47
2678,0.85
2679,0.45
2680,0.12
2681,0.42
2682,0.65
2683,0.45
2684,0.47
2685,0.32
2686,0.45
2687,0.32
2688,0.45
2689,0.3
2690,0.12
2691,0.2
2692,0.85
2693,0.48
2694,0.67
2695,0.85
2696,0.52
2697,0.57
2698,0.32
2699,0.62
2700,0.35
2701,0.85
2702,0.45
2703,0.45
2704,0.45
2705,0.32
2706,0.55
2707,0.45
2708,0.42
2709,0.72
2710,0.43
2711,0.35
2712,0.32
2713,0.45
2714,0.32
2715,0.72
2716,0.42
2717,0.87
2718,0.35
2719,0.45
2720,0.72
2721,0.62
2722,0.55
2723,0.45
2724,0.42
2725,0.55
2726,0.32
2727,0.62
2728,0.35
2729,0.42
2730,0.15
2731,0.52
2732,0.42
2733,0.35
2734,0.47
2735,0.45
2736,0.46
2737,0.45
2738,0.65
2739,0.23
2740,0.64
2741,0.35
2742,0.35
2743,0.45
2744,0.35
2745,0.23
2746,0.45
2747,0.72
2748,0.25
2749,0.85
2750,0.85
2751,0.25
2752,0.45
2753,0.87
2754,0.45
2755,0.68
2756,0.35
2757,0.35
2758,0.65
2759,0.32
2760,0.35
2761,0.12
2762,0.15
2763,0.35
2764,0.78
2765,0.63
2766,0.72
2767,0.75
2768,0.15
2769,0.32
2770,0.35
2771,0.45
2772,0.35
2773,0.45
2774,0.22
2775,0.45
2776,0.42
2777,0.32
2778,0.15
2779,0.37
2780,0.35
2781,0.3
2782,0.35
2783,0.45
2784,0.23
2785,0.45
2786,0.65
2787,0.32
2788,0.45
2789,0.35
2790,0.12
2791,0.76
2792,0.72
2793,0.32
2794,0.72
2795,0.67
2796,0.58
2797,0.65
2798,0.65
2799,0.52
2800,0.23
2801,0.85
2802,0.75
2803,0.42
2804,0.68
2805,0.45
2806,0.78
2807,0.67
2808,0.2
2809,0.15
2810,0.1
2811,0.45
2812,0.25
2813,0.52
2814,0.32
2815,0.87
2816,0.43
2817,0.45
2818,0.3
2819,0.32
2820,0.85
2821,0.34
2822,0.78
2823,0.56
2824,0.22
2825,0.28
2826,0.23
2827,0.42
2828,0.45
2829,0.25
2830,0.58
2831,0.25
2832,0.85
2833,0.65
2834,0.65
2835,0.35
2836,0.15
2837,0.25
2838,0.55
2839,0.25
2840,0.22
2841,0.35
2842,0.32
2843,0.52
2844,0.15
2845,0.45
2846,0.35
2847,0.72
2848,0.2
2849,0.2
2850,0.45
2851,0.68
2852,0.42
2853,0.32
2854,0.85
2855,0.3
2856,0.3
2857,0.45
2858,0.45
2859,0.25
2860,0.25
2861,0.35
2862,0.15
2863,0.15
2864,0.22
2865,0.45
2866,0.35
2867,0.32
2868,0.25
2869,0.65
2870,0.35
2871,0.65
2872,0.78
2873,0.52
2874,0.45
2875,0.73
2876,0.45
2877,0.25
2878,0.65
2879,0.42
2880,0.35
2881,0.67
2882,0.25
2883,0.25
2884,0.25
2885,0.65
2886,0.85
2887,0.42
2888,0.85
2889,0.42
2890,0.2
2891,0.15
2892,0.42
2893,0.32
2894,0.45
2895,0.82
2896,0.35
2897,0.43
2898,0.28
2899,0.88
2900,0.85
2901,0.65
2902,0.35
2903,0.42
2904,0.45
2905,0.76
2906,0.65
2907,0.25
2908,0.48
2909,0.35
2910,0.58
2911,0.35
2912,0.75
2913,0.25
2914,0.35
2915,0.72
2916,0.35
2917,0.85
2918,0.22
2919,0.62
2920,0.35
2921,0.45
2922,0.45
2923,0.65
2924,0.78
2925,0.42
2926,0.42
2927,0.45
2928,0.75
2929,0.76
2930,0.85
2931,0.55
2932,0.32
2933,0.15
2934,0.35
2935,0.45
2936,0.15
2937,0.42
2938,0.23
2939,0.72
2940,0.72
2941,0.2
2942,0.45
2943,0.34
2944,0.23
2945,0.65
2946,0.66
2947,0.23
2948,0.15
2949,0.78
2950,0.22
2951,0.25
2952,0.45
2953,0.25
2954,0.22
2955,0.45
2956,0.12
2957,0.42
2958,0.15
2959,0.36
2960,0.15
2961,0.28
2962,0.32
2963,0.15
2964,0.72
2965,0.45
2966,0.45
2967,0.2
2968,0.15
2969,0.42
2970,0.35
2971,0.17
2972,0.45
2973,0.15
2974,0.45
2975,0.52
2976,0.45
2977,0.32
2978,0.32
2979,0.15
2980,0.12
2981,0.45
2982,0.65
2983,0.35
2984,0.32
2985,0.35
2986,0.45
2987,0.32
2988,0.47
2989,0.42
2990,0.45
2991,0.2
2992,0.35
2993,0.45
2994,0.35
2995,0.45
2996,0.47
2997,0.32
2998,0.45
2999,0.15
3000,0.23
3001,0.2
3002,0.45
3003,0.62
3004,0.75
3005,0.45
3006,0.78
3007,0.42
3008,0.65
3009,0.42
3010,0.57
3011,0.65
3012,0.62
3013,0.52
3014,0.12
3015,0.42
3016,0.45
3017,0.36
3018,0.45
3019,0.68
3020,0.65
3021,0.45
3022,0.45
3023,0.42
3024,0.25
3025,0.12
3026,0.25
3027,0.45
3028,0.35
3029,0.65
3030,0.15
3031,0.58
3032,0.32
3033,0.55
3034,0.15
3035,0.52
3036,0.72
3037,0.35
3038,0.35
3039,0.32
3040,0.88
3041,0.95
3042,0.12
3043,0.23
3044,0.25
3045,0.1
3046,0.35
3047,0.45
3048,0.65
3049,0.35
3050,0.25
3051,0.32
3052,0.65
3053,0.35
3054,0.25
3055,0.78
3056,0.85
3057,0.25
3058,0.47
3059,0.92
3060,0.45
3061,0.15
3062,0.45
3063,0.25
3064,0.63
3065,0.2
3066,0.95
3067,0.85
3068,0.85
3069,0.12
3070,0.45
3071,0.45
3072,0.15
3073,0.45
3074,0.42
3075,0.8
3076,0.65
3077,0.45
3078,0.89
3079,0.46
3080,0.35
3081,0.22
3082,0.32
3083,0.85
3084,0.15
3085,0.65
3086,0.45
3087,0.35
3088,0.52
3089,0.72
3090,0.35
3091,0.32
3092,0.45
3093,0.42
3094,0.45
3095,0.25
3096,0.4
3097,0.45
3098,0.42
3099,0.32
3100,0.72
3101,0.47
3102,0.45
3103,0.45
3104,0.35
3105,0.42
3106,0.48
3107,0.85
3108,0.68
3109,0.23
3110,0.72
3111,0.45
3112,0.72
3113,0.45
3114,0.62
3115,0.75
3116,0.43
3117,0.45
3118,0.45
3119,0.55
3120,0.35
3121,0.65
3122,0.42
3123,0.45
3124,0.45
3125,0.45
3126,0.3
3127,0.47
3128,0.45
3129,0.62
3130,0.45
3131,0.25
3132,0.35
3133,0.37
3134,0.65
3135,0.73
3136,0.72
3137,0.35
3138,0.78
3139,0.72
3140,0.45
3141,0.58
3142,0.76
3143,0.15
3144,0.23
3145,0.45
3146,0.35
3147,0.32
3148,0.35
3149,0.56
3150,0.55
3151,0.35
3152,0.18
3153,0.45
3154,0.25
3155,0.45
3156,0.62
3157,0.48
3158,0.15
3159,0.85
3160,0.2
3161,0.42
3162,0.15
3163,0.2
3164,0.52
3165,0.12
3166,0.32
3167,0.25
3168,0.35
3169,0.62
3170,0.56
3171,0.32
3172,0.35
3173,0.25
3174,0.37
3175,0.45
3176,0.52
3177,0.45
3178,0.2
3179,0.67
3180,0.45
3181,0.87
3182,0.85
3183,0.75
3184,0.32
3185,0.75
3186,0.45
3187,0.22
3188,0.1
3189,0.85
3190,0.45
3191,0.45
3192,0.35
3193,0.72
3194,0.45
3195,0.55
3196,0.32
3197,0.15
3198,0.67
3199,0.65
3200,0.42
3201,0.63
3202,0.45
3203,0.65
3204,0.23
3205,0.32
3206,0.56
3207,0.2
3208,0.85
3209,0.15
3210,0.52
3211,0.18
3212,0.25
3213,0.65
3214,0.45
3215,0.58
3216,0.47
3217,0.23
3218,0.32
3219,0.15
3220,0.82
3221,0.45
3222,0.45
3223,0.32
3224,0.42
3225,0.43
3226,0.32
3227,0.55
3228,0.3
3229,0.42
3230,0.35
3231,0.32
3232,0.35
3233,0.3
3234,0.62
3235,0.32
3236,0.47
3237,0.12
3238,0.15
3239,0.32
3240,0.68
3241,0.32
3242,0.2
3243,0.15
3244,0.58
3245,0.45
3246,0.35
3247,0.45
3248,0.15
3249,0.37
3250,0.45
3251,0.2
3252,0.35
3253,0.88
3254,0.42
3255,0.65
3256,0.32
3257,0.72
3258,0.21
3259,0.35
3260,0.32
3261,0.45
3262,0.35
3263,0.73
3264,0.35
3265,0.67
3266,0.45
3267,0.75
3268,0.15
3269,0.42
3270,0.72
3271,0.45
3272,0.32
3273,0.78
3274,0.65
3275,0.45
3276,0.76
3277,0.65
3278,0.32
3279,0.43
3280,0.42
3281,0.32
3282,0.62
3283,0.15
3284,0.68
3285,0.4
3286,0.34
3287,0.15
3288,0.78
3289,0.45
3290,0.63
3291,0.72
3292,0.25
3293,0.45
3294,0.67
3295,0.32
3296,0.75
3297,0.42
3298,0.18
3299,0.42
3300,0.35
3301,0.62
3302,0.1
3303,0.67
3304,0.15
3305,0.58
3306,0.45
3307,0.45
3308,0.85
3309,0.45
3310,0.42
3311,0.15
3312,0.85
3313,0.55
3314,0.45
3315,0.35
3316,0.15
3317,0.25
3318,0.32
3319,0.25
3320,0.65
3321,0.35
3322,0.12
3323,0.19
3324,0.52
3325,0.15
3326,0.72
3327,0.23
3328,0.15
3329,0.62
3330,0.68
3331,0.55
3332,0.75
3333,0.32
3334,0.25
3335,0.22
3336,0.25
3337,0.62
3338,0.72
3339,0.71
3340,0.32
3341,0.55
3342,0.55
3343,0.58
3344,0.43
3345,0.65
3346,0.73
3347,0.55
3348,0.76
3349,0.78
3350,0.15
3351,0.45
3352,0.27
3353,0.65
3354,0.72
3355,0.45
3356,0.72
3357,0.42
3358,0.35
3359,0.32
3360,0.33
3361,0.15
3362,0.87
3363,0.42
3364,0.12
3365,0.85
3366,0.73
3367,0.35
3368,0.62
3369,0.45
3370,0.45
3371,0.45
3372,0.42
3373,0.42
3374,0.65
3375,0.35
3376,0.25
3377,0.87
3378,0.45
3379,0.32
3380,0.65
3381,0.45
3382,0.35
3383,0.2
3384,0.15
3385,0.25
3386,0.15
3387,0.15
3388,0.62
3389,0.35
3390,0.32
3391,0.45
3392,0.24
3393,0.45
3394,0.25
3395,0.62
3396,0.68
3397,0.45
3398,0.45
3399,0.75
3400,0.34
3401,0.75
3402,0.67
3403,0.45
3404,0.42
3405,0.23
3406,0.32
3407,0.2
3408,0.35
3409,0.12
3410,0.65
3411,0.78
3412,0.15
3413,0.45
3414,0.72
3415,0.45
3416,0.25
3417,0.35
3418,0.85
3419,0.23
3420,0.25
3421,0.73
3422,0.35
3423,0.45
3424,0.15
3425,0.32
3426,0.35
3427,0.32
3428,0.62
3429,0.72
3430,0.35
3431,0.42
3432,0.72
3433,0.85
3434,0.18
3435,0.82
3436,0.25
3437,0.45
3438,0.45
3439,0.58
3440,0.25
3441,0.25
3442,0.65
3443,0.15
3444,0.45
3445,0.57
3446,0.34
3447,0.45
3448,0.65
3449,0.32
3450,0.65
3451,0.45
3452,0.68
3453,0.42
3454,0.85
3455,0.23
3456,0.28
3457,0.87
3458,0.45
3459,0.4
3460,0.25
3461,0.85
3462,0.45
3463,0.35
3464,0.45
3465,0.27
3466,0.85
3467,0.85
3468,0.15
3469,0.25
3470,0.67
3471,0.32
3472,0.72
3473,0.42
3474,0.45
3475,0.62
3476,0.75
3477,0.85
3478,0.32
3479,0.47
3480,0.85
3481,0.75
3482,0.92
3483,0.28
3484,0.45
3485,0.15
3486,0.45
3487,0.32
3488,0.32
3489,0.32
3490,0.65
3491,0.72
3492,0.23
3493,0.65
3494,0.85
3495,0.3
3496,0.32
3497,0.45
3498,0.32
3499,0.57
3500,0.72
3501,0.2
3502,0.67
3503,0.35
3504,0.52
3505,0.27
3506,0.28
3507,0.75
3508,0.55
3509,0.55
3510,0.85
3511,0.22
3512,0.65
3513,0.23
3514,0.72
3515,0.21
3516,0.52
3517,0.87
3518,0.44
3519,0.35
3520,0.23
3521,0.73
3522,0.68
3523,0.23
3524,0.62
3525,0.85
3526,0.25
3527,0.32
3528,0.25
3529,0.45
3530,0.25
3531,0.48
3532,0.45
3533,0.42
3534,0.45
3535,0.78
3536,0.85
3537,0.42
3538,0.57
3539,0.65
3540,0.45
3541,0.58
3542,0.52
3543,0.42
3544,0.35
3545,0.35
3546,0.26
3547,0.85
3548,0.23
3549,0.42
3550,0.25
3551,0.45
3552,0.45
3553,0.15
3554,0.25
3555,0.62
3556,0.55
3557,0.32
3558,0.35
3559,0.43
3560,0.2
3561,0.45
3562,0.45
3563,0.73
3564,0.4
3565,0.25
3566,0.15
3567,0.42
3568,0.2
3569,0.73
3570,0.15
3571,0.32
3572,0.25
3573,0.45
3574,0.75
3575,0.78
3576,0.68
3577,0.85
3578,0.65
3579,0.68
3580,0.45
3581,0.85
3582,0.35
3583,0.33
3584,0.2
3585,0.62
3586,0.52
3587,0.25
3588,0.25
3589,0.25
3590,0.45
3591,0.45
3592,0.72
3593,0.45
3594,0.35
3595,0.55
3596,0.35
3597,0.65
3598,0.72
3599,0.35
3600,0.68
3601,0.25
3602,0.32
3603,0.32
3604,0.72
3605,0.35
3606,0.32
3607,0.72
3608,0.32
3609,0.76
3610,0.85
3611,0.85
3612,0.15
3613,0.35
3614,0.78
3615,0.35
3616,0.62
3617,0.23
3618,0.65
3619,0.18
3620,0.15
3621,0.65
3622,0.57
3623,0.45
3624,0.45
3625,0.65
3626,0.45
3627,0.37
3628,0.45
3629,0.72
3630,0.72
3631,0.72
3632,0.68
3633,0.35
3634,0.2
3635,0.28
3636,0.45
3637,0.92
3638,0.45
3639,0.35
3640,0.68
3641,0.25
3642,0.62
3643,0.58
3644,0.32
3645,0.32
3646,0.15
3647,0.25
3648,0.45
3649,0.15
3650,0.15
3651,0.15
3652,0.57
3653,0.23
3654,0.65
3655,0.28
3656,0.45
3657,0.72
3658,0.15
3659,0.85
3660,0.35
3661,0.62
3662,0.32
3663,0.35
3664,0.15
3665,0.45
3666,0.42
3667,0.75
3668,0.72
3669,0.25
3670,0.12
3671,0.27
3672,0.35
3673,0.32
3674,0.45
3675,0.85
3676,0.35
3677,0.65
3678,0.72
3679,0.35
3680,0.65
3681,0.57
3682,0.35
3683,0.85
3684,0.55
3685,0.23
3686,0.87
3687,0.72
3688,0.42
3689,0.85
3690,0.72
3691,0.15
3692,0.15
3693,0.42
3694,0.65
3695,0.87
3696,0.45
3697,0.1
3698,0.32
3699,0.45
3700,0.32
3701,0.23
3702,0.32
3703,0.55
3704,0.65
3705,0.45
3706,0.25
3707,0.35
3708,0.76
3709,0.26
3710,0.15
3711,0.15
3712,0.42
3713,0.45
3714,0.78
3715,0.45
3716,0.35
3717,0.42
3718,0.79
3719,0.23
3720,0.15
3721,0.15
3722,0.32
3723,0.41
3724,0.42
3725,0.15
3726,0.32
3727,0.45
3728,0.42
3729,0.22
3730,0.32
3731,0.62
3732,0.45
3733,0.35
3734,0.35
3735,0.32
3736,0.35
3737,0.78
3738,0.85
3739,0.85
3740,0.45
3741,0.42
3742,0.45
3743,0.32
3744,0.45
3745,0.78
3746,0.78
3747,0.45
3748,0.25
3749,0.65
3750,0.62
3751,0.75
3752,0.65
3753,0.15
3754,0.85
3755,0.25
3756,0.85
3757,0.85
3758,0.67
3759,0.45
3760,0.45
3761,0.35
3762,0.63
3763,0.42
3764,0.15
3765,0.25
3766,0.35
3767,0.45
3768,0.35
3769,0.25
3770,0.28
3771,0.22
3772,0.45
3773,0.56
3774,0.45
3775,0.15
3776,0.3
3777,0.25
3778,0.47
3779,0.67
3780,0.2
3781,0.25
3782,0.35
3783,0.41
3784,0.45
3785,0.32
3786,0.32
3787,0.42
3788,0.42
3789,0.32
3790,0.32
3791,0.25
3792,0.3
3793,0.23
3794,0.73
3795,0.65
3796,0.72
3797,0.15
3798,0.62
3799,0.45
3800,0.48
3801,0.2
3802,0.65
3803,0.25
3804,0.23
3805,0.45
3806,0.22
3807,0.76
3808,0.45
3809,0.65
3810,0.85
3811,0.78
3812,0.42
3813,0.45
3814,0.65
3815,0.65
3816,0.45
3817,0.65
3818,0.22
3819,0.78
3820,0.65
3821,0.37
3822,0.42
3823,0.35
3824,0.85
3825,0.21
3826,0.45
3827,0.78
3828,0.32
3829,0.45
3830,0.23
3831,0.25
3832,0.45
3833,0.73
3834,0.35
3835,0.85
3836,0.23
3837,0.85
3838,0.12
3839,0.68
3840,0.52
3841,0.32
3842,0.35
3843,0.45
3844,0.35
3845,0.65
3846,0.85
3847,0.37
3848,0.65
3849,0.15
3850,0.15
3851,0.25
3852,0.48
3853,0.15
3854,0.35
3855,0.42
3856,0.68
3857,0.35
3858,0.45
3859,0.25
3860,0.45
3861,0.65
3862,0.65
3863,0.25
3864,0.12
3865,0.45
3866,0.45
3867,0.12
3868,0.68
3869,0.45
3870,0.25
3871,0.25
3872,0.25
3873,0.45
3874,0.15
3875,0.22
3876,0.15
3877,0.42
3878,0.75
3879,0.35
3880,0.62
3881,0.52
3882,0.85
3883,0.39
3884,0.85
3885,0.67
3886,0.32
3887,0.4
3888,0.95
3889,0.32
3890,0.72
3891,0.1
3892,0.45
3893,0.65
3894,0.35
3895,0.45
3896,0.35
3897,0.22
3898,0.15
3899,0.12
3900,0.35
3901,0.32
3902,0.35
3903,0.65
3904,0.42
3905,0.12
3906,0.85
3907,0.35
3908,0.32
3909,0.78
3910,0.45
3911,0.45
3912,0.42
3913,0.95
3914,0.45
3915,0.42
3916,0.56
3917,0.22
3918,0.15
3919,0.72
3920,0.45
3921,0.45
3922,0.32
3923,0.25
3924,0.15
3925,0.67
3926,0.68
3927,0.45
3928,0.25
3929,0.45
3930,0.45
3931,0.32
3932,0.45
3933,0.15
3934,0.3
3935,0.15
3936,0.67
3937,0.35
3938,0.65
3939,0.62
3940,0.62
3941,0.45
3942,0.56
3943,0.35
3944,0.85
3945,0.15
3946,0.47
3947,0.32
3948,0.76
3949,0.95
3950,0.45
3951,0.15
3952,0.15
3953,0.15
3954,0.65
3955,0.35
3956,0.28
3957,0.92
3958,0.12
3959,0.15
3960,0.65
3961,0.65
3962,0.45
3963,0.75
3964,0.35
3965,0.46
3966,0.15
3967,0.78
3968,0.45
3969,0.32
3970,0.62
3971,0.42
3972,0.52
3973,0.2
3974,0.62
3975,0.35
3976,0.32
3977,0.62
3978,0.85
3979,0.55
3980,0.68
3981,0.62
3982,0.2
3983,0.35
3984,0.32
3985,0.25
3986,0.15
3987,0.45
3988,0.72
3989,0.32
3990,0.35
3991,0.25
3992,0.15
3993,0.42
3994,0.2
3995,0.2
3996,0.12
3997,0.45
3998,0.75
