label,class_name,cloud_coverage
0,Non-ship,0.1679
0,Non-ship,0.0831
0,Non-ship,0.265
0,Non-ship,0.1624
0,Non-ship,0.0558
0,Non-ship,0.36
0,Non-ship,0.2517
0,Non-ship,0.1484
0,Non-ship,0.1487
0,Non-ship,0.1468
0,Non-ship,0.3383
0,Non-ship,0.0795
0,Non-ship,0.0724
0,Non-ship,0.1414
0,Non-ship,0.1692
0,Non-ship,0.4046
0,Non-ship,0.4393
0,Non-ship,0.0739
0,Non-ship,0.2705
0,Non-ship,0.1256
0,Non-ship,0.0785
0,Non-ship,0.1541
0,Non-ship,0.086
0,Non-ship,0.0342
0,Non-ship,0.0736
0,Non-ship,0.0928
0,Non-ship,0.1429
0,Non-ship,0.6332
0,Non-ship,0.0972
0,Non-ship,0.0937
0,Non-ship,0.0672
0,Non-ship,0.4628
0,Non-ship,0.6232
0,Non-ship,0.0195
0,Non-ship,0.0642
0,Non-ship,0.0566
0,Non-ship,0.1469
0,Non-ship,0.1472
0,Non-ship,0.1976
0,Non-ship,0.0944
0,Non-ship,0.4258
0,Non-ship,0.1096
0,Non-ship,0.028
0,Non-ship,0.0751
0,Non-ship,0.0532
0,Non-ship,0.3326
0,Non-ship,0.6001
0,Non-ship,0.0712
0,Non-ship,0.0624
0,Non-ship,0.0882
0,Non-ship,0.0959
0,Non-ship,0.2737
0,Non-ship,0.4808
0,Non-ship,0.0839
0,Non-ship,0.0317
0,Non-ship,0.0895
0,Non-ship,0.0902
0,Non-ship,0.107
0,Non-ship,0.5933
0,Non-ship,0.2606
0,Non-ship,0.0487
0,Non-ship,0.0758
0,Non-ship,0.6011
0,Non-ship,0.1118
0,Non-ship,0.6119
0,Non-ship,0.5647
0,Non-ship,0.1069
0,Non-ship,0.6379
0,Non-ship,0.5359
0,Non-ship,0.3661
0,Non-ship,0.5342
0,Non-ship,0.0691
0,Non-ship,0.1541
0,Non-ship,0.1045
0,Non-ship,0.1247
0,Non-ship,0.0547
0,Non-ship,0.5575
0,Non-ship,0.1361
0,Non-ship,0.4571
0,Non-ship,0.0799
0,Non-ship,0.0642
0,Non-ship,0.6214
0,Non-ship,0.1225
0,Non-ship,0.0583
0,Non-ship,0.1122
0,Non-ship,0.087
0,Non-ship,0.1033
0,Non-ship,0.6567
0,Non-ship,0.1764
0,Non-ship,0.1305
0,Non-ship,0.1353
0,Non-ship,0.3734
0,Non-ship,0.3318
0,Non-ship,0.0444
0,Non-ship,0.088
0,Non-ship,0.0864
0,Non-ship,0.0609
1,Aircraft carrier,0.1882
1,Aircraft carrier,0.5782
1,Aircraft carrier,0.2153
1,Aircraft carrier,0.0794
1,Aircraft carrier,0.2593
1,Aircraft carrier,0.051
1,Aircraft carrier,0.0333
1,Aircraft carrier,0.0838
1,Aircraft carrier,0.5284
1,Aircraft carrier,0.1083
1,Aircraft carrier,0.0755
1,Aircraft carrier,0.0873
1,Aircraft carrier,0.1019
1,Aircraft carrier,0.3791
1,Aircraft carrier,0.2553
1,Aircraft carrier,0.4051
1,Aircraft carrier,0.4157
1,Aircraft carrier,0.1317
1,Aircraft carrier,0.0355
1,Aircraft carrier,0.6679
1,Aircraft carrier,0.3602
1,Aircraft carrier,0.1149
1,Aircraft carrier,0.4473
1,Aircraft carrier,0.1175
1,Aircraft carrier,0.0483
1,Aircraft carrier,0.1883
1,Aircraft carrier,0.0566
1,Aircraft carrier,0.0717
1,Aircraft carrier,0.0744
1,Aircraft carrier,0.6802
1,Aircraft carrier,0.5132
1,Aircraft carrier,0.062
1,Aircraft carrier,0.0854
1,Aircraft carrier,0.2391
2,Submarine,0.0502
2,Submarine,0.5992
2,Submarine,0.0722
2,Submarine,0.0688
2,Submarine,0.4197
2,Submarine,0.2243
2,Submarine,0.1085
2,Submarine,0.1755
2,Submarine,0.1204
2,Submarine,0.0901
2,Submarine,0.0376
2,Submarine,0.3299
2,Submarine,0.405
2,Submarine,0.0414
2,Submarine,0.0669
2,Submarine,0.4033
2,Submarine,0.1532
2,Submarine,0.0565
2,Submarine,0.1091
2,Submarine,0.0613
2,Submarine,0.1395
2,Submarine,0.0776
2,Submarine,0.0852
2,Submarine,0.3601
2,Submarine,0.6247
2,Submarine,0.3468
2,Submarine,0.3099
2,Submarine,0.1496
2,Submarine,0.1204
2,Submarine,0.3245
2,Submarine,0.104
2,Submarine,0.2394
2,Submarine,0.0698
2,Submarine,0.0636
2,Submarine,0.1458
2,Submarine,0.3669
2,Submarine,0.0705
2,Submarine,0.0349
2,Submarine,0.0896
2,Submarine,0.5937
2,Submarine,0.2204
2,Submarine,0.2073
2,Submarine,0.0728
2,Submarine,0.2145
2,Submarine,0.0631
2,Submarine,0.0617
2,Submarine,0.6743
2,Submarine,0.1851
3,Medical ship,0.1143
3,Medical ship,0.1376
3,Medical ship,0.1931
3,Medical ship,0.1371
3,Medical ship,0.2223
3,Medical ship,0.4369
3,Medical ship,0.0555
3,Medical ship,0.0897
3,Medical ship,0.5967
3,Medical ship,0.4479
4,Combat boat,0.0381
4,Combat boat,0.0735
4,Combat boat,0.5353
4,Combat boat,0.1522
4,Combat boat,0.0498
4,Combat boat,0.3163
4,Combat boat,0.0385
4,Combat boat,0.2833
4,Combat boat,0.0981
4,Combat boat,0.0991
4,Combat boat,0.0936
4,Combat boat,0.4527
4,Combat boat,0.0738
4,Combat boat,0.1356
4,Combat boat,0.0458
4,Combat boat,0.2345
4,Combat boat,0.3099
4,Combat boat,0.6184
4,Combat boat,0.3838
4,Combat boat,0.0967
4,Combat boat,0.1229
4,Combat boat,0.2576
4,Combat boat,0.1443
4,Combat boat,0.3658
4,Combat boat,0.1773
4,Combat boat,0.2764
4,Combat boat,0.1202
4,Combat boat,0.1035
4,Combat boat,0.3641
5,Auxiliary ship,0.1154
5,Auxiliary ship,0.1935
5,Auxiliary ship,0.0922
5,Auxiliary ship,0.406
5,Auxiliary ship,0.1185
5,Auxiliary ship,0.0493
5,Auxiliary ship,0.1064
5,Auxiliary ship,0.0475
5,Auxiliary ship,0.4673
5,Auxiliary ship,0.106
5,Auxiliary ship,0.1347
5,Auxiliary ship,0.1612
5,Auxiliary ship,0.0725
5,Auxiliary ship,0.1581
5,Auxiliary ship,0.4022
5,Auxiliary ship,0.1317
5,Auxiliary ship,0.6118
5,Auxiliary ship,0.4038
5,Auxiliary ship,0.2067
5,Auxiliary ship,0.5363
5,Auxiliary ship,0.4593
5,Auxiliary ship,0.1735
5,Auxiliary ship,0.3098
5,Auxiliary ship,0.4517
5,Auxiliary ship,0.1158
5,Auxiliary ship,0.2218
5,Auxiliary ship,0.5105
5,Auxiliary ship,0.1416
5,Auxiliary ship,0.1002
5,Auxiliary ship,0.1768
5,Auxiliary ship,0.047
5,Auxiliary ship,0.0925
5,Auxiliary ship,0.2892
5,Auxiliary ship,0.0825
5,Auxiliary ship,0.1866
5,Auxiliary ship,0.1179
5,Auxiliary ship,0.082
5,Auxiliary ship,0.1055
5,Auxiliary ship,0.0639
5,Auxiliary ship,0.3831
5,Auxiliary ship,0.1304
5,Auxiliary ship,0.4927
5,Auxiliary ship,0.1648
5,Auxiliary ship,0.0999
5,Auxiliary ship,0.4975
6,Container ship,0.0491
6,Container ship,0.2932
6,Container ship,0.0443
6,Container ship,0.3655
6,Container ship,0.0837
6,Container ship,0.0709
6,Container ship,0.2366
6,Container ship,0.0521
6,Container ship,0.2784
6,Container ship,0.085
6,Container ship,0.5098
6,Container ship,0.4836
6,Container ship,0.2076
6,Container ship,0.4105
6,Container ship,0.1584
6,Container ship,0.4352
6,Container ship,0.4391
6,Container ship,0.0586
6,Container ship,0.4326
7,Car carrier,0.4572
7,Car carrier,0.2898
7,Car carrier,0.3111
7,Car carrier,0.4414
7,Car carrier,0.0406
7,Car carrier,0.2331
7,Car carrier,0.1019
7,Car carrier,0.0553
7,Car carrier,0.2997
7,Car carrier,0.0809
7,Car carrier,0.3183
7,Car carrier,0.5849
7,Car carrier,0.0137
7,Car carrier,0.0569
8,Hovercraft,0.0709
8,Hovercraft,0.3251
8,Hovercraft,0.4395
8,Hovercraft,0.152
8,Hovercraft,0.3226
8,Hovercraft,0.0881
8,Hovercraft,0.1137
8,Hovercraft,0.1449
8,Hovercraft,0.5921
8,Hovercraft,0.0812
8,Hovercraft,0.0797
8,Hovercraft,0.0556
8,Hovercraft,0.0897
8,Hovercraft,0.5214
8,Hovercraft,0.281
8,Hovercraft,0.0518
8,Hovercraft,0.0737
8,Hovercraft,0.5262
8,Hovercraft,0.534
8,Hovercraft,0.1609
8,Hovercraft,0.0753
8,Hovercraft,0.3793
8,Hovercraft,0.0753
8,Hovercraft,0.5253
9,Bulk carrier,0.087
9,Bulk carrier,0.1019
9,Bulk carrier,0.0874
9,Bulk carrier,0.1175
9,Bulk carrier,0.1285
9,Bulk carrier,0.0713
9,Bulk carrier,0.3194
9,Bulk carrier,0.3796
9,Bulk carrier,0.0991
9,Bulk carrier,0.0643
9,Bulk carrier,0.0864
9,Bulk carrier,0.6788
9,Bulk carrier,0.0384
9,Bulk carrier,0.2566
9,Bulk carrier,0.3004
9,Bulk carrier,0.0317
9,Bulk carrier,0.0386
9,Bulk carrier,0.2191
9,Bulk carrier,0.102
9,Bulk carrier,0.5694
9,Bulk carrier,0.4315
9,Bulk carrier,0.053
9,Bulk carrier,0.401
9,Bulk carrier,0.1007
9,Bulk carrier,0.1077
9,Bulk carrier,0.2165
9,Bulk carrier,0.0311
9,Bulk carrier,0.5739
9,Bulk carrier,0.5714
9,Bulk carrier,0.2672
9,Bulk carrier,0.1157
9,Bulk carrier,0.0343
9,Bulk carrier,0.0698
9,Bulk carrier,0.3145
9,Bulk carrier,0.1124
9,Bulk carrier,0.0734
9,Bulk carrier,0.3835
9,Bulk carrier,0.1058
9,Bulk carrier,0.0766
9,Bulk carrier,0.1058
9,Bulk carrier,0.0671
9,Bulk carrier,0.1768
9,Bulk carrier,0.1127
9,Bulk carrier,0.5391
9,Bulk carrier,0.0947
9,Bulk carrier,0.4083
9,Bulk carrier,0.1879
9,Bulk carrier,0.0865
9,Bulk carrier,0.3712
9,Bulk carrier,0.4169
9,Bulk carrier,0.5702
9,Bulk carrier,0.3444
9,Bulk carrier,0.1467
9,Bulk carrier,0.0538
9,Bulk carrier,0.4117
9,Bulk carrier,0.2968
9,Bulk carrier,0.0797
9,Bulk carrier,0.1029
9,Bulk carrier,0.0953
9,Bulk carrier,0.0626
9,Bulk carrier,0.0871
9,Bulk carrier,0.0701
9,Bulk carrier,0.1182
9,Bulk carrier,0.0944
9,Bulk carrier,0.023
9,Bulk carrier,0.1562
9,Bulk carrier,0.5531
9,Bulk carrier,0.0846
9,Bulk carrier,0.2853
10,Oil tanker,0.1163
10,Oil tanker,0.307
10,Oil tanker,0.112
10,Oil tanker,0.0462
10,Oil tanker,0.3522
10,Oil tanker,0.1044
10,Oil tanker,0.6131
10,Oil tanker,0.4686
10,Oil tanker,0.2676
10,Oil tanker,0.0489
10,Oil tanker,0.0461
10,Oil tanker,0.1813
10,Oil tanker,0.1011
10,Oil tanker,0.0706
10,Oil tanker,0.137
10,Oil tanker,0.0779
10,Oil tanker,0.4649
10,Oil tanker,0.2932
10,Oil tanker,0.3528
10,Oil tanker,0.1553
10,Oil tanker,0.1355
10,Oil tanker,0.4226
10,Oil tanker,0.0633
10,Oil tanker,0.0294
10,Oil tanker,0.2042
10,Oil tanker,0.1026
10,Oil tanker,0.6638
10,Oil tanker,0.2207
10,Oil tanker,0.0606
10,Oil tanker,0.1313
10,Oil tanker,0.0518
10,Oil tanker,0.5155
10,Oil tanker,0.3352
11,Fishing boat,0.0613
11,Fishing boat,0.1693
11,Fishing boat,0.1255
11,Fishing boat,0.2967
11,Fishing boat,0.2993
11,Fishing boat,0.1631
11,Fishing boat,0.1128
11,Fishing boat,0.308
11,Fishing boat,0.1056
11,Fishing boat,0.2757
11,Fishing boat,0.0803
11,Fishing boat,0.0189
11,Fishing boat,0.2675
11,Fishing boat,0.137
11,Fishing boat,0.1836
11,Fishing boat,0.2342
11,Fishing boat,0.1694
11,Fishing boat,0.2464
11,Fishing boat,0.0571
11,Fishing boat,0.1038
12,Destroyer,0.4397
12,Destroyer,0.0941
12,Destroyer,0.0422
12,Destroyer,0.1024
12,Destroyer,0.1058
12,Destroyer,0.1735
12,Destroyer,0.0829
12,Destroyer,0.2345
12,Destroyer,0.051
12,Destroyer,0.4662
12,Destroyer,0.0491
12,Destroyer,0.5388
12,Destroyer,0.5362
12,Destroyer,0.0639
12,Destroyer,0.0659
12,Destroyer,0.6095
12,Destroyer,0.0869
12,Destroyer,0.0311
12,Destroyer,0.0756
12,Destroyer,0.1166
12,Destroyer,0.1001
12,Destroyer,0.095
12,Destroyer,0.1223
12,Destroyer,0.3995
12,Destroyer,0.0741
12,Destroyer,0.0732
12,Destroyer,0.061
12,Destroyer,0.518
12,Destroyer,0.0259
12,Destroyer,0.096
12,Destroyer,0.0468
12,Destroyer,0.0868
12,Destroyer,0.3426
12,Destroyer,0.1111
12,Destroyer,0.0613
12,Destroyer,0.0715
12,Destroyer,0.0711
12,Destroyer,0.0556
12,Destroyer,0.0521
12,Destroyer,0.637
12,Destroyer,0.1453
12,Destroyer,0.1604
12,Destroyer,0.0895
12,Destroyer,0.1002
12,Destroyer,0.3477
12,Destroyer,0.1001
12,Destroyer,0.2689
12,Destroyer,0.2658
12,Destroyer,0.6545
12,Destroyer,0.075
12,Destroyer,0.0913
12,Destroyer,0.1396
12,Destroyer,0.1348
12,Destroyer,0.0768
12,Destroyer,0.4764
12,Destroyer,0.3182
12,Destroyer,0.0851
12,Destroyer,0.0548
12,Destroyer,0.5935
12,Destroyer,0.3857
12,Destroyer,0.1373
12,Destroyer,0.0703
12,Destroyer,0.0893
12,Destroyer,0.0986
12,Destroyer,0.0705
12,Destroyer,0.4024
12,Destroyer,0.1348
12,Destroyer,0.5131
12,Destroyer,0.3561
12,Destroyer,0.307
12,Destroyer,0.0997
12,Destroyer,0.0564
12,Destroyer,0.2312
12,Destroyer,0.129
12,Destroyer,0.578
12,Destroyer,0.0953
12,Destroyer,0.2858
12,Destroyer,0.1652
12,Destroyer,0.1451
12,Destroyer,0.31
12,Destroyer,0.181
12,Destroyer,0.1614
12,Destroyer,0.1224
12,Destroyer,0.1028
12,Destroyer,0.5761
12,Destroyer,0.0864
12,Destroyer,0.1689
12,Destroyer,0.0255
12,Destroyer,0.3505
12,Destroyer,0.2094
12,Destroyer,0.6644
12,Destroyer,0.3747
12,Destroyer,0.0587
12,Destroyer,0.0469
12,Destroyer,0.4517
12,Destroyer,0.1384
12,Destroyer,0.1045
12,Destroyer,0.0548
12,Destroyer,0.4185
12,Destroyer,0.0669
12,Destroyer,0.1146
12,Destroyer,0.1863
12,Destroyer,0.053
12,Destroyer,0.0983
12,Destroyer,0.487
12,Destroyer,0.1092
12,Destroyer,0.0331
12,Destroyer,0.1209
13,Passenger ship,0.1022
13,Passenger ship,0.0736
13,Passenger ship,0.117
13,Passenger ship,0.3214
13,Passenger ship,0.1173
13,Passenger ship,0.3963
13,Passenger ship,0.1015
13,Passenger ship,0.1193
13,Passenger ship,0.1079
13,Passenger ship,0.1099
13,Passenger ship,0.077
13,Passenger ship,0.0907
13,Passenger ship,0.3983
13,Passenger ship,0.2374
13,Passenger ship,0.3515
13,Passenger ship,0.4417
13,Passenger ship,0.0477
13,Passenger ship,0.083
14,Liquefied gas ship,0.4146
14,Liquefied gas ship,0.2942
14,Liquefied gas ship,0.0812
14,Liquefied gas ship,0.1578
14,Liquefied gas ship,0.4272
14,Liquefied gas ship,0.2763
14,Liquefied gas ship,0.2765
14,Liquefied gas ship,0.0564
14,Liquefied gas ship,0.1129
14,Liquefied gas ship,0.2519
14,Liquefied gas ship,0.0314
14,Liquefied gas ship,0.0847
14,Liquefied gas ship,0.0889
14,Liquefied gas ship,0.4455
14,Liquefied gas ship,0.1078
14,Liquefied gas ship,0.0905
14,Liquefied gas ship,0.2938
14,Liquefied gas ship,0.1094
14,Liquefied gas ship,0.219
14,Liquefied gas ship,0.0634
15,Barge,0.3801
15,Barge,0.6513
15,Barge,0.0462
15,Barge,0.1173
15,Barge,0.333
15,Barge,0.142
15,Barge,0.1225
15,Barge,0.101
15,Barge,0.0629
15,Barge,0.2003
15,Barge,0.632
16,Landing craft,0.0972
16,Landing craft,0.1656
16,Landing craft,0.0506
16,Landing craft,0.127
16,Landing craft,0.0465
16,Landing craft,0.0793
16,Landing craft,0.1399
16,Landing craft,0.1798
16,Landing craft,0.0895
16,Landing craft,0.1118
16,Landing craft,0.3698
16,Landing craft,0.0436
16,Landing craft,0.1066
16,Landing craft,0.1158
16,Landing craft,0.3089
16,Landing craft,0.0824
16,Landing craft,0.0203
16,Landing craft,0.5602
16,Landing craft,0.0466
16,Landing craft,0.0581
16,Landing craft,0.0832
16,Landing craft,0.061
17,Frigate,0.381
17,Frigate,0.4124
17,Frigate,0.0968
17,Frigate,0.0314
17,Frigate,0.1464
17,Frigate,0.2036
17,Frigate,0.1788
17,Frigate,0.0654
17,Frigate,0.2363
17,Frigate,0.6099
17,Frigate,0.0849
17,Frigate,0.0929
17,Frigate,0.0347
17,Frigate,0.0301
17,Frigate,0.0356
17,Frigate,0.0886
17,Frigate,0.2858
17,Frigate,0.1288
17,Frigate,0.1151
17,Frigate,0.0586
17,Frigate,0.0657
17,Frigate,0.6005
17,Frigate,0.4643
17,Frigate,0.6445
17,Frigate,0.5609
17,Frigate,0.0788
17,Frigate,0.1001
17,Frigate,0.0798
17,Frigate,0.5313
17,Frigate,0.148
17,Frigate,0.1235
17,Frigate,0.0566
17,Frigate,0.2649
17,Frigate,0.0529
17,Frigate,0.116
17,Frigate,0.0834
17,Frigate,0.124
17,Frigate,0.6009
17,Frigate,0.2771
17,Frigate,0.422
17,Frigate,0.1634
17,Frigate,0.1377
17,Frigate,0.1382
17,Frigate,0.0675
17,Frigate,0.0558
17,Frigate,0.0582
17,Frigate,0.0519
17,Frigate,0.3917
17,Frigate,0.4396
17,Frigate,0.0474
17,Frigate,0.0387
17,Frigate,0.2526
17,Frigate,0.3239
17,Frigate,0.2984
17,Frigate,0.1619
17,Frigate,0.3851
17,Frigate,0.4299
17,Frigate,0.5383
17,Frigate,0.1531
18,Amphibious transport dock,0.4056
18,Amphibious transport dock,0.3376
18,Amphibious transport dock,0.0436
18,Amphibious transport dock,0.0834
18,Amphibious transport dock,0.3133
18,Amphibious transport dock,0.0581
18,Amphibious transport dock,0.0738
18,Amphibious transport dock,0.1084
18,Amphibious transport dock,0.169
18,Amphibious transport dock,0.5029
18,Amphibious transport dock,0.6042
18,Amphibious transport dock,0.434
18,Amphibious transport dock,0.4148
18,Amphibious transport dock,0.4506
18,Amphibious transport dock,0.2993
18,Amphibious transport dock,0.2215
18,Amphibious transport dock,0.2671
18,Amphibious transport dock,0.1649
19,Cruiser,0.163
19,Cruiser,0.0556
19,Cruiser,0.0844
19,Cruiser,0.1211
19,Cruiser,0.0821
19,Cruiser,0.6039
19,Cruiser,0.0685
19,Cruiser,0.0679
19,Cruiser,0.1243
19,Cruiser,0.0361
19,Cruiser,0.0935
19,Cruiser,0.0698
19,Cruiser,0.0844
19,Cruiser,0.097
19,Cruiser,0.2934
19,Cruiser,0.2026
19,Cruiser,0.6022
19,Cruiser,0.354
19,Cruiser,0.6244
19,Cruiser,0.3193
19,Cruiser,0.1411
19,Cruiser,0.3392
19,Cruiser,0.0984
19,Cruiser,0.57
19,Cruiser,0.154
19,Cruiser,0.524
19,Cruiser,0.1169
19,Cruiser,0.394
19,Cruiser,0.0809
19,Cruiser,0.0875
19,Cruiser,0.5803
19,Cruiser,0.4357
19,Cruiser,0.207
19,Cruiser,0.1025
19,Cruiser,0.2829
19,Cruiser,0.1424
19,Cruiser,0.5406
19,Cruiser,0.0884
19,Cruiser,0.1184
19,Cruiser,0.0697
19,Cruiser,0.3929
19,Cruiser,0.0922
19,Cruiser,0.1741
19,Cruiser,0.0986
19,Cruiser,0.088
19,Cruiser,0.0409
19,Cruiser,0.0928
19,Cruiser,0.5823
19,Cruiser,0.1207
19,Cruiser,0.0447
19,Cruiser,0.3549
19,Cruiser,0.0671
19,Cruiser,0.2418
19,Cruiser,0.1152
19,Cruiser,0.077
19,Cruiser,0.3846
19,Cruiser,0.5259
19,Cruiser,0.6349
19,Cruiser,0.1214
20,Tarawa-class amphibious assault ship,0.0192
20,Tarawa-class amphibious assault ship,0.0515
20,Tarawa-class amphibious assault ship,0.4365
20,Tarawa-class amphibious assault ship,0.1497
20,Tarawa-class amphibious assault ship,0.3762
20,Tarawa-class amphibious assault ship,0.0623
20,Tarawa-class amphibious assault ship,0.1868
20,Tarawa-class amphibious assault ship,0.4347
20,Tarawa-class amphibious assault ship,0.2448
20,Tarawa-class amphibious assault ship,0.0426
20,Tarawa-class amphibious assault ship,0.4148
20,Tarawa-class amphibious assault ship,0.0578
20,Tarawa-class amphibious assault ship,0.1174
20,Tarawa-class amphibious assault ship,0.0305
20,Tarawa-class amphibious assault ship,0.0597
20,Tarawa-class amphibious assault ship,0.0626
20,Tarawa-class amphibious assault ship,0.6553
20,Tarawa-class amphibious assault ship,0.5735
21,Amphibious assault ship,0.0651
21,Amphibious assault ship,0.1306
21,Amphibious assault ship,0.3532
21,Amphibious assault ship,0.1376
21,Amphibious assault ship,0.1153
21,Amphibious assault ship,0.0646
21,Amphibious assault ship,0.2932
21,Amphibious assault ship,0.5326
21,Amphibious assault ship,0.2592
21,Amphibious assault ship,0.1185
21,Amphibious assault ship,0.3471
21,Amphibious assault ship,0.0947
21,Amphibious assault ship,0.1328
21,Amphibious assault ship,0.2023
21,Amphibious assault ship,0.1221
21,Amphibious assault ship,0.357
21,Amphibious assault ship,0.2138
21,Amphibious assault ship,0.3041
21,Amphibious assault ship,0.3627
21,Amphibious assault ship,0.1665
21,Amphibious assault ship,0.0791
21,Amphibious assault ship,0.3195
21,Amphibious assault ship,0.0263
21,Amphibious assault ship,0.1032
21,Amphibious assault ship,0.0781
21,Amphibious assault ship,0.3384
21,Amphibious assault ship,0.6267
21,Amphibious assault ship,0.3863
21,Amphibious assault ship,0.0884
21,Amphibious assault ship,0.1252
21,Amphibious assault ship,0.0635
22,Command ship,0.0917
22,Command ship,0.4297
22,Command ship,0.0803
22,Command ship,0.1251
22,Command ship,0.2631
22,Command ship,0.706
22,Command ship,0.2559
22,Command ship,0.6676
22,Command ship,0.2744
22,Command ship,0.6488
22,Command ship,0.3994
22,Command ship,0.489
22,Command ship,0.13
22,Command ship,0.4299
22,Command ship,0.2972
22,Command ship,0.4718
22,Command ship,0.6461
22,Command ship,0.4638
0,Non-ship,0.5726
0,Non-ship,0.1326
0,Non-ship,0.3023
0,Non-ship,0.3128
0,Non-ship,0.114
0,Non-ship,0.2346
0,Non-ship,0.2895
0,Non-ship,0.0658
0,Non-ship,0.2288
0,Non-ship,0.1286
0,Non-ship,0.3967
0,Non-ship,0.1175
0,Non-ship,0.0436
0,Non-ship,0.4775
0,Non-ship,0.2303
0,Non-ship,0.3117
0,Non-ship,0.6579
0,Non-ship,0.081
0,Non-ship,0.2443
0,Non-ship,0.123
0,Non-ship,0.123
0,Non-ship,0.5776
0,Non-ship,0.2367
0,Non-ship,0.1007
0,Non-ship,0.0844
0,Non-ship,0.1174
0,Non-ship,0.1721
0,Non-ship,0.1753
0,Non-ship,0.1325
0,Non-ship,0.0731
0,Non-ship,0.0387
0,Non-ship,0.2992
0,Non-ship,0.3097
0,Non-ship,0.0934
0,Non-ship,0.1699
0,Non-ship,0.3666
0,Non-ship,0.1407
0,Non-ship,0.0443
0,Non-ship,0.0556
0,Non-ship,0.1695
0,Non-ship,0.4425
0,Non-ship,0.3986
0,Non-ship,0.2238
0,Non-ship,0.128
0,Non-ship,0.2134
0,Non-ship,0.1235
0,Non-ship,0.0652
0,Non-ship,0.5718
0,Non-ship,0.3329
0,Non-ship,0.4511
0,Non-ship,0.3043
0,Non-ship,0.0955
0,Non-ship,0.0369
0,Non-ship,0.1973
0,Non-ship,0.0723
0,Non-ship,0.0936
0,Non-ship,0.0629
0,Non-ship,0.2902
0,Non-ship,0.0307
0,Non-ship,0.0595
0,Non-ship,0.2985
0,Non-ship,0.1418
0,Non-ship,0.1142
0,Non-ship,0.6129
0,Non-ship,0.0501
0,Non-ship,0.0638
0,Non-ship,0.0509
0,Non-ship,0.5008
0,Non-ship,0.0459
0,Non-ship,0.3594
0,Non-ship,0.1165
0,Non-ship,0.0289
0,Non-ship,0.0582
0,Non-ship,0.062
0,Non-ship,0.5561
0,Non-ship,0.5397
0,Non-ship,0.0804
0,Non-ship,0.0608
0,Non-ship,0.1545
0,Non-ship,0.2238
0,Non-ship,0.1293
0,Non-ship,0.3262
0,Non-ship,0.235
0,Non-ship,0.0583
0,Non-ship,0.0681
0,Non-ship,0.0626
0,Non-ship,0.0885
0,Non-ship,0.6152
0,Non-ship,0.1013
0,Non-ship,0.0933
0,Non-ship,0.2515
0,Non-ship,0.6393
0,Non-ship,0.0924
0,Non-ship,0.0369
0,Non-ship,0.0893
0,Non-ship,0.2361
0,Non-ship,0.3696
0,Non-ship,0.3778
0,Non-ship,0.1869
0,Non-ship,0.0312
0,Non-ship,0.417
0,Non-ship,0.1046
0,Non-ship,0.1288
0,Non-ship,0.0441
0,Non-ship,0.0848
0,Non-ship,0.1139
0,Non-ship,0.2441
0,Non-ship,0.332
0,Non-ship,0.2537
0,Non-ship,0.0482
0,Non-ship,0.0989
0,Non-ship,0.5697
0,Non-ship,0.2806
0,Non-ship,0.0331
0,Non-ship,0.0779
0,Non-ship,0.5233
0,Non-ship,0.6497
0,Non-ship,0.1121
0,Non-ship,0.0306
0,Non-ship,0.0336
0,Non-ship,0.5549
0,Non-ship,0.4601
0,Non-ship,0.1477
0,Non-ship,0.0805
0,Non-ship,0.1284
0,Non-ship,0.1336
0,Non-ship,0.1053
0,Non-ship,0.1263
0,Non-ship,0.1835
0,Non-ship,0.1194
0,Non-ship,0.3549
0,Non-ship,0.4117
0,Non-ship,0.0653
0,Non-ship,0.1674
0,Non-ship,0.44
0,Non-ship,0.7127
0,Non-ship,0.6329
0,Non-ship,0.4426
0,Non-ship,0.2218
0,Non-ship,0.5888
0,Non-ship,0.2458
0,Non-ship,0.4562
0,Non-ship,0.1134
0,Non-ship,0.2517
0,Non-ship,0.397
0,Non-ship,0.164
0,Non-ship,0.0965
0,Non-ship,0.0958
0,Non-ship,0.096
0,Non-ship,0.0458
0,Non-ship,0.1482
0,Non-ship,0.4465
0,Non-ship,0.0084
0,Non-ship,0.0822
0,Non-ship,0.0792
0,Non-ship,0.6122
0,Non-ship,0.666
0,Non-ship,0.2737
0,Non-ship,0.331
0,Non-ship,0.376
0,Non-ship,0.3269
0,Non-ship,0.0065
0,Non-ship,0.123
0,Non-ship,0.3378
0,Non-ship,0.1268
0,Non-ship,0.4751
0,Non-ship,0.0625
0,Non-ship,0.09
0,Non-ship,0.0779
0,Non-ship,0.6098
0,Non-ship,0.0719
0,Non-ship,0.0983
0,Non-ship,0.0877
0,Non-ship,0.0763
0,Non-ship,0.0586
0,Non-ship,0.0568
0,Non-ship,0.5956
0,Non-ship,0.1404
0,Non-ship,0.0775
0,Non-ship,0.1311
0,Non-ship,0.3472
0,Non-ship,0.1301
0,Non-ship,0.3651
0,Non-ship,0.0803
0,Non-ship,0.3998
0,Non-ship,0.0511
0,Non-ship,0.5818
0,Non-ship,0.1346
0,Non-ship,0.39
0,Non-ship,0.0823
0,Non-ship,0.1021
0,Non-ship,0.1039
0,Non-ship,0.1808
0,Non-ship,0.2074
0,Non-ship,0.1252
0,Non-ship,0.1469
0,Non-ship,0.3437
0,Non-ship,0.4648
0,Non-ship,0.1159
0,Non-ship,0.5524
0,Non-ship,0.6577
0,Non-ship,0.1618
0,Non-ship,0.1223
0,Non-ship,0.0744
0,Non-ship,0.2768
0,Non-ship,0.3371
0,Non-ship,0.2652
0,Non-ship,0.481
0,Non-ship,0.0561
0,Non-ship,0.4228
0,Non-ship,0.0538
0,Non-ship,0.1895
0,Non-ship,0.4749
0,Non-ship,0.0782
0,Non-ship,0.0874
0,Non-ship,0.0669
0,Non-ship,0.5161
0,Non-ship,0.0649
0,Non-ship,0.2804
0,Non-ship,0.3333
0,Non-ship,0.0788
0,Non-ship,0.1184
0,Non-ship,0.211
0,Non-ship,0.0914
0,Non-ship,0.1945
0,Non-ship,0.4048
0,Non-ship,0.1446
0,Non-ship,0.4485
0,Non-ship,0.2501
0,Non-ship,0.2659
0,Non-ship,0.1124
0,Non-ship,0.0357
0,Non-ship,0.4873
0,Non-ship,0.0905
0,Non-ship,0.0765
0,Non-ship,0.4183
0,Non-ship,0.4112
0,Non-ship,0.2524
0,Non-ship,0.0592
0,Non-ship,0.1057
0,Non-ship,0.0279
0,Non-ship,0.609
0,Non-ship,0.0293
0,Non-ship,0.0649
0,Non-ship,0.6383
0,Non-ship,0.1388
0,Non-ship,0.0966
0,Non-ship,0.3054
0,Non-ship,0.12
0,Non-ship,0.4834
0,Non-ship,0.104
0,Non-ship,0.115
0,Non-ship,0.0529
0,Non-ship,0.086
0,Non-ship,0.3952
0,Non-ship,0.1208
0,Non-ship,0.5226
0,Non-ship,0.064
0,Non-ship,0.5933
0,Non-ship,0.4051
0,Non-ship,0.3226
0,Non-ship,0.3072
0,Non-ship,0.0411
0,Non-ship,0.1436
0,Non-ship,0.1914
0,Non-ship,0.1061
0,Non-ship,0.4364
0,Non-ship,0.0364
0,Non-ship,0.1374
0,Non-ship,0.092
0,Non-ship,0.0824
0,Non-ship,0.2763
0,Non-ship,0.0756
0,Non-ship,0.4631
0,Non-ship,0.1424
0,Non-ship,0.105
0,Non-ship,0.1352
0,Non-ship,0.2688
0,Non-ship,0.1794
0,Non-ship,0.1462
0,Non-ship,0.5585
0,Non-ship,0.058
0,Non-ship,0.1518
0,Non-ship,0.0823
0,Non-ship,0.4052
0,Non-ship,0.0693
0,Non-ship,0.4768
0,Non-ship,0.1739
0,Non-ship,0.3112
0,Non-ship,0.5843
0,Non-ship,0.0582
0,Non-ship,0.0771
0,Non-ship,0.1202
0,Non-ship,0.3121
0,Non-ship,0.2158
0,Non-ship,0.117
0,Non-ship,0.1286
0,Non-ship,0.17
0,Non-ship,0.2233
0,Non-ship,0.3825
0,Non-ship,0.4365
0,Non-ship,0.0763
0,Non-ship,0.3939
0,Non-ship,0.0882
0,Non-ship,0.6048
0,Non-ship,0.0661
0,Non-ship,0.6249
0,Non-ship,0.0789
0,Non-ship,0.3386
0,Non-ship,0.1622
0,Non-ship,0.0793
0,Non-ship,0.1219
0,Non-ship,0.1104
0,Non-ship,0.4361
0,Non-ship,0.1021
0,Non-ship,0.222
0,Non-ship,0.055
0,Non-ship,0.4465
0,Non-ship,0.0819
0,Non-ship,0.0554
0,Non-ship,0.0373
0,Non-ship,0.2554
0,Non-ship,0.2139
0,Non-ship,0.2467
0,Non-ship,0.4469
0,Non-ship,0.0817
0,Non-ship,0.259
0,Non-ship,0.1078
0,Non-ship,0.1487
0,Non-ship,0.2119
0,Non-ship,0.4193
0,Non-ship,0.2957
0,Non-ship,0.3466
0,Non-ship,0.4424
0,Non-ship,0.1887
0,Non-ship,0.5402
0,Non-ship,0.2408
0,Non-ship,0.0621
0,Non-ship,0.0488
0,Non-ship,0.061
0,Non-ship,0.0952
0,Non-ship,0.1113
0,Non-ship,0.1206
0,Non-ship,0.1739
0,Non-ship,0.3937
0,Non-ship,0.4145
0,Non-ship,0.0617
0,Non-ship,0.4364
0,Non-ship,0.4048
0,Non-ship,0.1453
0,Non-ship,0.1241
0,Non-ship,0.0802
0,Non-ship,0.0682
0,Non-ship,0.0445
0,Non-ship,0.4874
0,Non-ship,0.1869
0,Non-ship,0.1713
0,Non-ship,0.3163
0,Non-ship,0.0665
0,Non-ship,0.1187
0,Non-ship,0.1007
0,Non-ship,0.0885
0,Non-ship,0.1976
0,Non-ship,0.1174
0,Non-ship,0.2538
0,Non-ship,0.107
0,Non-ship,0.5407
0,Non-ship,0.0643
0,Non-ship,0.5244
0,Non-ship,0.0818
0,Non-ship,0.6893
0,Non-ship,0.5045
0,Non-ship,0.6268
0,Non-ship,0.1854
0,Non-ship,0.4787
0,Non-ship,0.3939
0,Non-ship,0.5783
0,Non-ship,0.3494
0,Non-ship,0.0641
0,Non-ship,0.0507
0,Non-ship,0.0962
0,Non-ship,0.1631
0,Non-ship,0.0631
0,Non-ship,0.0684
0,Non-ship,0.125
0,Non-ship,0.1744
0,Non-ship,0.407
1,Aircraft carrier,0.0557
1,Aircraft carrier,0.5622
1,Aircraft carrier,0.2008
1,Aircraft carrier,0.3769
1,Aircraft carrier,0.665
1,Aircraft carrier,0.0321
1,Aircraft carrier,0.5931
1,Aircraft carrier,0.6452
1,Aircraft carrier,0.08
1,Aircraft carrier,0.073
1,Aircraft carrier,0.4681
1,Aircraft carrier,0.11
1,Aircraft carrier,0.5305
1,Aircraft carrier,0.3508
1,Aircraft carrier,0.4065
1,Aircraft carrier,0.131
1,Aircraft carrier,0.0415
1,Aircraft carrier,0.0871
1,Aircraft carrier,0.3303
1,Aircraft carrier,0.1158
1,Aircraft carrier,0.1265
1,Aircraft carrier,0.0796
1,Aircraft carrier,0.2531
1,Aircraft carrier,0.4907
1,Aircraft carrier,0.1757
1,Aircraft carrier,0.0441
1,Aircraft carrier,0.1021
1,Aircraft carrier,0.0695
1,Aircraft carrier,0.2443
1,Aircraft carrier,0.0605
1,Aircraft carrier,0.6436
1,Aircraft carrier,0.0535
1,Aircraft carrier,0.067
1,Aircraft carrier,0.411
1,Aircraft carrier,0.6357
1,Aircraft carrier,0.2013
1,Aircraft carrier,0.129
1,Aircraft carrier,0.2489
1,Aircraft carrier,0.1035
1,Aircraft carrier,0.1603
1,Aircraft carrier,0.1963
1,Aircraft carrier,0.1772
1,Aircraft carrier,0.0689
1,Aircraft carrier,0.1206
1,Aircraft carrier,0.576
1,Aircraft carrier,0.4276
1,Aircraft carrier,0.0253
1,Aircraft carrier,0.2946
1,Aircraft carrier,0.0768
1,Aircraft carrier,0.0362
1,Aircraft carrier,0.0969
1,Aircraft carrier,0.5607
1,Aircraft carrier,0.4007
1,Aircraft carrier,0.6052
1,Aircraft carrier,0.1438
1,Aircraft carrier,0.1149
1,Aircraft carrier,0.5723
1,Aircraft carrier,0.1231
1,Aircraft carrier,0.112
1,Aircraft carrier,0.0716
1,Aircraft carrier,0.2332
1,Aircraft carrier,0.0654
1,Aircraft carrier,0.0485
1,Aircraft carrier,0.6244
1,Aircraft carrier,0.1205
1,Aircraft carrier,0.4741
1,Aircraft carrier,0.1145
1,Aircraft carrier,0.109
1,Aircraft carrier,0.0934
1,Aircraft carrier,0.3412
1,Aircraft carrier,0.0286
1,Aircraft carrier,0.2856
1,Aircraft carrier,0.2455
1,Aircraft carrier,0.236
1,Aircraft carrier,0.4373
1,Aircraft carrier,0.0676
1,Aircraft carrier,0.3316
1,Aircraft carrier,0.0926
1,Aircraft carrier,0.1281
1,Aircraft carrier,0.1748
1,Aircraft carrier,0.069
1,Aircraft carrier,0.5837
1,Aircraft carrier,0.0508
1,Aircraft carrier,0.2345
1,Aircraft carrier,0.1061
1,Aircraft carrier,0.0865
1,Aircraft carrier,0.5704
1,Aircraft carrier,0.1912
1,Aircraft carrier,0.0917
1,Aircraft carrier,0.0803
1,Aircraft carrier,0.1023
1,Aircraft carrier,0.2081
1,Aircraft carrier,0.0893
1,Aircraft carrier,0.1005
1,Aircraft carrier,0.0694
1,Aircraft carrier,0.1472
1,Aircraft carrier,0.082
1,Aircraft carrier,0.269
1,Aircraft carrier,0.0915
1,Aircraft carrier,0.1173
1,Aircraft carrier,0.4867
1,Aircraft carrier,0.1019
1,Aircraft carrier,0.0688
1,Aircraft carrier,0.1033
1,Aircraft carrier,0.0739
1,Aircraft carrier,0.3263
1,Aircraft carrier,0.1029
1,Aircraft carrier,0.0509
1,Aircraft carrier,0.1641
1,Aircraft carrier,0.0464
1,Aircraft carrier,0.0625
1,Aircraft carrier,0.1985
1,Aircraft carrier,0.0413
1,Aircraft carrier,0.6137
1,Aircraft carrier,0.1651
1,Aircraft carrier,0.14
1,Aircraft carrier,0.0865
1,Aircraft carrier,0.3512
1,Aircraft carrier,0.2744
1,Aircraft carrier,0.031
1,Aircraft carrier,0.0954
1,Aircraft carrier,0.0752
1,Aircraft carrier,0.1409
1,Aircraft carrier,0.0767
1,Aircraft carrier,0.0934
1,Aircraft carrier,0.2036
1,Aircraft carrier,0.1115
1,Aircraft carrier,0.0816
1,Aircraft carrier,0.1236
1,Aircraft carrier,0.3493
1,Aircraft carrier,0.0569
1,Aircraft carrier,0.4271
2,Submarine,0.0688
2,Submarine,0.1444
2,Submarine,0.3028
2,Submarine,0.3063
2,Submarine,0.0952
2,Submarine,0.19
2,Submarine,0.5785
2,Submarine,0.4199
2,Submarine,0.0989
2,Submarine,0.2205
2,Submarine,0.5227
2,Submarine,0.0525
2,Submarine,0.4765
2,Submarine,0.0925
2,Submarine,0.1976
2,Submarine,0.4536
2,Submarine,0.0373
2,Submarine,0.0694
2,Submarine,0.0794
2,Submarine,0.3177
2,Submarine,0.0836
2,Submarine,0.1558
2,Submarine,0.0226
2,Submarine,0.1186
2,Submarine,0.4355
2,Submarine,0.0634
2,Submarine,0.4142
2,Submarine,0.5927
2,Submarine,0.4504
2,Submarine,0.1481
2,Submarine,0.1157
2,Submarine,0.6415
2,Submarine,0.1039
2,Submarine,0.0903
2,Submarine,0.0795
2,Submarine,0.4778
2,Submarine,0.0387
2,Submarine,0.3718
2,Submarine,0.1048
2,Submarine,0.0701
2,Submarine,0.3793
2,Submarine,0.0786
2,Submarine,0.3755
2,Submarine,0.1593
2,Submarine,0.0816
2,Submarine,0.5735
2,Submarine,0.5064
2,Submarine,0.2909
2,Submarine,0.3492
2,Submarine,0.0607
2,Submarine,0.2639
2,Submarine,0.0488
2,Submarine,0.096
2,Submarine,0.0413
2,Submarine,0.1181
2,Submarine,0.0933
2,Submarine,0.0769
2,Submarine,0.485
2,Submarine,0.0255
2,Submarine,0.5214
2,Submarine,0.1444
2,Submarine,0.1739
2,Submarine,0.5369
2,Submarine,0.0469
2,Submarine,0.5087
2,Submarine,0.0768
2,Submarine,0.2233
2,Submarine,0.0921
2,Submarine,0.1234
2,Submarine,0.4679
2,Submarine,0.0799
2,Submarine,0.5916
2,Submarine,0.117
2,Submarine,0.0846
2,Submarine,0.0818
2,Submarine,0.1323
2,Submarine,0.7036
2,Submarine,0.5612
2,Submarine,0.1244
2,Submarine,0.1379
2,Submarine,0.1165
2,Submarine,0.0898
2,Submarine,0.574
2,Submarine,0.042
2,Submarine,0.1005
2,Submarine,0.1452
2,Submarine,0.0522
2,Submarine,0.3085
2,Submarine,0.1178
2,Submarine,0.1628
2,Submarine,0.2703
2,Submarine,0.4049
2,Submarine,0.0645
2,Submarine,0.4712
2,Submarine,0.099
2,Submarine,0.0792
2,Submarine,0.0412
2,Submarine,0.3493
2,Submarine,0.0813
2,Submarine,0.0492
2,Submarine,0.1026
2,Submarine,0.1496
2,Submarine,0.0859
2,Submarine,0.021
2,Submarine,0.4115
2,Submarine,0.3428
2,Submarine,0.3894
2,Submarine,0.0779
2,Submarine,0.0857
2,Submarine,0.1481
2,Submarine,0.329
2,Submarine,0.1809
2,Submarine,0.0474
2,Submarine,0.0836
2,Submarine,0.0982
2,Submarine,0.0929
2,Submarine,0.0875
2,Submarine,0.0693
2,Submarine,0.206
2,Submarine,0.3346
2,Submarine,0.333
2,Submarine,0.2528
2,Submarine,0.3128
2,Submarine,0.1514
2,Submarine,0.2712
2,Submarine,0.4274
2,Submarine,0.0932
2,Submarine,0.1357
2,Submarine,0.627
2,Submarine,0.5999
2,Submarine,0.2381
2,Submarine,0.1207
2,Submarine,0.0806
2,Submarine,0.0927
2,Submarine,0.0885
2,Submarine,0.0443
2,Submarine,0.0724
2,Submarine,0.1065
2,Submarine,0.064
2,Submarine,0.5745
2,Submarine,0.2904
2,Submarine,0.0748
2,Submarine,0.064
2,Submarine,0.1026
2,Submarine,0.0621
2,Submarine,0.135
2,Submarine,0.0622
2,Submarine,0.0579
2,Submarine,0.0642
2,Submarine,0.0516
2,Submarine,0.3755
2,Submarine,0.5439
2,Submarine,0.0599
2,Submarine,0.138
2,Submarine,0.2031
2,Submarine,0.0556
2,Submarine,0.1871
2,Submarine,0.773
2,Submarine,0.0783
2,Submarine,0.094
2,Submarine,0.1045
2,Submarine,0.1206
2,Submarine,0.6413
2,Submarine,0.3873
2,Submarine,0.1267
2,Submarine,0.1941
2,Submarine,0.1476
2,Submarine,0.1647
2,Submarine,0.6297
2,Submarine,0.1121
2,Submarine,0.1442
2,Submarine,0.6225
2,Submarine,0.3279
2,Submarine,0.3706
2,Submarine,0.0344
2,Submarine,0.0783
2,Submarine,0.5179
2,Submarine,0.2819
2,Submarine,0.08
2,Submarine,0.1325
2,Submarine,0.2095
2,Submarine,0.0436
2,Submarine,0.1376
2,Submarine,0.0972
2,Submarine,0.5246
2,Submarine,0.1358
2,Submarine,0.0562
2,Submarine,0.0943
2,Submarine,0.1253
2,Submarine,0.2164
3,Medical ship,0.2786
3,Medical ship,0.382
3,Medical ship,0.2042
3,Medical ship,0.0675
3,Medical ship,0.1073
3,Medical ship,0.4223
3,Medical ship,0.0681
3,Medical ship,0.1085
3,Medical ship,0.2261
3,Medical ship,0.1226
3,Medical ship,0.2176
3,Medical ship,0.3792
3,Medical ship,0.2291
3,Medical ship,0.123
3,Medical ship,0.0349
3,Medical ship,0.0456
3,Medical ship,0.0765
4,Combat boat,0.1389
4,Combat boat,0.056
4,Combat boat,0.1045
4,Combat boat,0.1093
4,Combat boat,0.5791
4,Combat boat,0.0626
4,Combat boat,0.1651
4,Combat boat,0.1835
4,Combat boat,0.5797
4,Combat boat,0.1599
4,Combat boat,0.0741
4,Combat boat,0.1006
4,Combat boat,0.3525
4,Combat boat,0.5068
4,Combat boat,0.0997
4,Combat boat,0.0922
4,Combat boat,0.1899
4,Combat boat,0.4677
4,Combat boat,0.2893
4,Combat boat,0.0591
4,Combat boat,0.1312
4,Combat boat,0.5811
4,Combat boat,0.1256
4,Combat boat,0.0579
4,Combat boat,0.161
4,Combat boat,0.0837
4,Combat boat,0.028
4,Combat boat,0.2814
4,Combat boat,0.0809
4,Combat boat,0.1916
4,Combat boat,0.0697
4,Combat boat,0.5267
4,Combat boat,0.2908
4,Combat boat,0.2145
4,Combat boat,0.5607
4,Combat boat,0.1938
4,Combat boat,0.0273
4,Combat boat,0.3268
4,Combat boat,0.5732
4,Combat boat,0.1129
4,Combat boat,0.224
4,Combat boat,0.1463
4,Combat boat,0.619
4,Combat boat,0.2295
4,Combat boat,0.1991
4,Combat boat,0.1185
4,Combat boat,0.4434
4,Combat boat,0.0167
4,Combat boat,0.0226
4,Combat boat,0.3676
4,Combat boat,0.1553
4,Combat boat,0.0843
4,Combat boat,0.0507
4,Combat boat,0.0559
4,Combat boat,0.0532
4,Combat boat,0.0783
4,Combat boat,0.5716
4,Combat boat,0.6564
4,Combat boat,0.6033
4,Combat boat,0.0906
4,Combat boat,0.2473
4,Combat boat,0.0755
4,Combat boat,0.0881
4,Combat boat,0.1258
4,Combat boat,0.0698
4,Combat boat,0.1499
4,Combat boat,0.2542
4,Combat boat,0.0456
4,Combat boat,0.0771
4,Combat boat,0.1647
4,Combat boat,0.6133
4,Combat boat,0.0745
4,Combat boat,0.2697
4,Combat boat,0.0424
4,Combat boat,0.2702
4,Combat boat,0.151
4,Combat boat,0.7127
4,Combat boat,0.0281
4,Combat boat,0.25
4,Combat boat,0.0763
4,Combat boat,0.0725
4,Combat boat,0.1043
4,Combat boat,0.1671
4,Combat boat,0.1391
4,Combat boat,0.0871
4,Combat boat,0.1566
4,Combat boat,0.0874
4,Combat boat,0.066
4,Combat boat,0.396
4,Combat boat,0.1677
4,Combat boat,0.0561
4,Combat boat,0.0426
4,Combat boat,0.4502
4,Combat boat,0.0602
4,Combat boat,0.1414
4,Combat boat,0.1406
4,Combat boat,0.4088
4,Combat boat,0.191
4,Combat boat,0.2196
4,Combat boat,0.1799
4,Combat boat,0.0992
4,Combat boat,0.083
4,Combat boat,0.2029
4,Combat boat,0.6563
4,Combat boat,0.3898
4,Combat boat,0.3221
4,Combat boat,0.6854
4,Combat boat,0.3775
4,Combat boat,0.5323
4,Combat boat,0.2725
4,Combat boat,0.5747
4,Combat boat,0.0888
4,Combat boat,0.1436
4,Combat boat,0.0155
5,Auxiliary ship,0.1476
5,Auxiliary ship,0.0729
5,Auxiliary ship,0.0967
5,Auxiliary ship,0.1343
5,Auxiliary ship,0.116
5,Auxiliary ship,0.091
5,Auxiliary ship,0.1388
5,Auxiliary ship,0.3266
5,Auxiliary ship,0.0683
5,Auxiliary ship,0.1317
5,Auxiliary ship,0.0868
5,Auxiliary ship,0.0707
5,Auxiliary ship,0.4117
5,Auxiliary ship,0.115
5,Auxiliary ship,0.0773
5,Auxiliary ship,0.0379
5,Auxiliary ship,0.3236
5,Auxiliary ship,0.0421
5,Auxiliary ship,0.1035
5,Auxiliary ship,0.0716
5,Auxiliary ship,0.0608
5,Auxiliary ship,0.5528
5,Auxiliary ship,0.0979
5,Auxiliary ship,0.5672
5,Auxiliary ship,0.1586
5,Auxiliary ship,0.6078
5,Auxiliary ship,0.1054
5,Auxiliary ship,0.0944
5,Auxiliary ship,0.0652
5,Auxiliary ship,0.2217
5,Auxiliary ship,0.3436
5,Auxiliary ship,0.2465
5,Auxiliary ship,0.0976
5,Auxiliary ship,0.322
5,Auxiliary ship,0.1459
5,Auxiliary ship,0.2603
5,Auxiliary ship,0.1294
5,Auxiliary ship,0.5885
5,Auxiliary ship,0.0893
5,Auxiliary ship,0.1171
5,Auxiliary ship,0.0615
5,Auxiliary ship,0.0926
5,Auxiliary ship,0.3785
5,Auxiliary ship,0.0634
5,Auxiliary ship,0.2915
5,Auxiliary ship,0.4621
5,Auxiliary ship,0.0433
5,Auxiliary ship,0.0765
5,Auxiliary ship,0.6556
5,Auxiliary ship,0.4259
5,Auxiliary ship,0.4408
5,Auxiliary ship,0.2576
5,Auxiliary ship,0.0971
5,Auxiliary ship,0.1346
5,Auxiliary ship,0.0596
5,Auxiliary ship,0.1009
5,Auxiliary ship,0.3173
5,Auxiliary ship,0.0543
5,Auxiliary ship,0.0649
5,Auxiliary ship,0.0513
5,Auxiliary ship,0.4175
5,Auxiliary ship,0.0645
5,Auxiliary ship,0.0511
5,Auxiliary ship,0.3729
5,Auxiliary ship,0.3685
5,Auxiliary ship,0.2752
5,Auxiliary ship,0.0751
5,Auxiliary ship,0.5213
5,Auxiliary ship,0.1497
5,Auxiliary ship,0.1382
5,Auxiliary ship,0.5055
5,Auxiliary ship,0.0587
5,Auxiliary ship,0.389
5,Auxiliary ship,0.2718
5,Auxiliary ship,0.617
5,Auxiliary ship,0.4451
5,Auxiliary ship,0.2106
5,Auxiliary ship,0.0922
5,Auxiliary ship,0.4632
5,Auxiliary ship,0.0391
5,Auxiliary ship,0.4538
5,Auxiliary ship,0.4365
5,Auxiliary ship,0.1103
5,Auxiliary ship,0.0189
5,Auxiliary ship,0.0915
5,Auxiliary ship,0.6117
5,Auxiliary ship,0.0719
5,Auxiliary ship,0.3711
5,Auxiliary ship,0.0594
5,Auxiliary ship,0.1483
5,Auxiliary ship,0.4066
5,Auxiliary ship,0.0622
5,Auxiliary ship,0.0871
5,Auxiliary ship,0.075
5,Auxiliary ship,0.225
5,Auxiliary ship,0.0465
5,Auxiliary ship,0.0674
5,Auxiliary ship,0.0849
5,Auxiliary ship,0.0595
5,Auxiliary ship,0.0445
5,Auxiliary ship,0.2634
5,Auxiliary ship,0.137
5,Auxiliary ship,0.5411
5,Auxiliary ship,0.1113
5,Auxiliary ship,0.0538
5,Auxiliary ship,0.4108
5,Auxiliary ship,0.422
5,Auxiliary ship,0.2047
5,Auxiliary ship,0.2692
5,Auxiliary ship,0.0496
5,Auxiliary ship,0.1565
5,Auxiliary ship,0.0738
5,Auxiliary ship,0.0599
5,Auxiliary ship,0.1787
5,Auxiliary ship,0.344
5,Auxiliary ship,0.0977
5,Auxiliary ship,0.1645
5,Auxiliary ship,0.0182
5,Auxiliary ship,0.3789
5,Auxiliary ship,0.0782
5,Auxiliary ship,0.0914
5,Auxiliary ship,0.4254
5,Auxiliary ship,0.0576
5,Auxiliary ship,0.1145
5,Auxiliary ship,0.2659
5,Auxiliary ship,0.525
5,Auxiliary ship,0.1283
5,Auxiliary ship,0.5262
5,Auxiliary ship,0.1596
5,Auxiliary ship,0.0572
5,Auxiliary ship,0.1175
5,Auxiliary ship,0.0972
5,Auxiliary ship,0.41
5,Auxiliary ship,0.1499
5,Auxiliary ship,0.1908
5,Auxiliary ship,0.1059
5,Auxiliary ship,0.0975
5,Auxiliary ship,0.1992
5,Auxiliary ship,0.0947
5,Auxiliary ship,0.1625
5,Auxiliary ship,0.2823
5,Auxiliary ship,0.2159
5,Auxiliary ship,0.3507
5,Auxiliary ship,0.2329
5,Auxiliary ship,0.3988
5,Auxiliary ship,0.1317
5,Auxiliary ship,0.6473
5,Auxiliary ship,0.3518
5,Auxiliary ship,0.4248
5,Auxiliary ship,0.0824
5,Auxiliary ship,0.0358
5,Auxiliary ship,0.0819
5,Auxiliary ship,0.1078
5,Auxiliary ship,0.056
5,Auxiliary ship,0.2562
5,Auxiliary ship,0.1927
5,Auxiliary ship,0.4998
5,Auxiliary ship,0.0781
5,Auxiliary ship,0.2854
5,Auxiliary ship,0.1497
5,Auxiliary ship,0.0595
5,Auxiliary ship,0.0632
5,Auxiliary ship,0.0687
5,Auxiliary ship,0.0844
5,Auxiliary ship,0.1591
5,Auxiliary ship,0.574
5,Auxiliary ship,0.3712
5,Auxiliary ship,0.1007
5,Auxiliary ship,0.0945
5,Auxiliary ship,0.3154
5,Auxiliary ship,0.2772
5,Auxiliary ship,0.5532
5,Auxiliary ship,0.1632
5,Auxiliary ship,0.6841
5,Auxiliary ship,0.0935
5,Auxiliary ship,0.6404
5,Auxiliary ship,0.0489
5,Auxiliary ship,0.2148
5,Auxiliary ship,0.0675
5,Auxiliary ship,0.151
6,Container ship,0.1266
6,Container ship,0.117
6,Container ship,0.6424
6,Container ship,0.2988
6,Container ship,0.0301
6,Container ship,0.0803
6,Container ship,0.0605
6,Container ship,0.1984
6,Container ship,0.0849
6,Container ship,0.5815
6,Container ship,0.6432
6,Container ship,0.6572
6,Container ship,0.5095
6,Container ship,0.0982
6,Container ship,0.015
6,Container ship,0.5858
6,Container ship,0.3583
6,Container ship,0.0917
6,Container ship,0.1426
6,Container ship,0.3238
6,Container ship,0.4126
6,Container ship,0.0984
6,Container ship,0.0638
6,Container ship,0.0673
6,Container ship,0.1509
6,Container ship,0.3816
6,Container ship,0.2666
6,Container ship,0.1288
6,Container ship,0.2418
6,Container ship,0.1299
6,Container ship,0.06
6,Container ship,0.5756
6,Container ship,0.0537
6,Container ship,0.0799
6,Container ship,0.0664
6,Container ship,0.2579
6,Container ship,0.0972
6,Container ship,0.0958
6,Container ship,0.0565
6,Container ship,0.3799
6,Container ship,0.0965
6,Container ship,0.0719
6,Container ship,0.0509
6,Container ship,0.1049
6,Container ship,0.6056
6,Container ship,0.0587
6,Container ship,0.3237
6,Container ship,0.0683
6,Container ship,0.0453
6,Container ship,0.0348
6,Container ship,0.0915
6,Container ship,0.113
6,Container ship,0.2039
6,Container ship,0.3575
6,Container ship,0.0714
6,Container ship,0.0756
6,Container ship,0.0633
6,Container ship,0.108
6,Container ship,0.4651
6,Container ship,0.1252
6,Container ship,0.0949
6,Container ship,0.2721
6,Container ship,0.0629
6,Container ship,0.0421
6,Container ship,0.0969
6,Container ship,0.3213
6,Container ship,0.2365
6,Container ship,0.0285
6,Container ship,0.1011
6,Container ship,0.1248
6,Container ship,0.1566
6,Container ship,0.1374
6,Container ship,0.1644
6,Container ship,0.0397
6,Container ship,0.1136
6,Container ship,0.1803
6,Container ship,0.0664
6,Container ship,0.2868
6,Container ship,0.3141
6,Container ship,0.0651
6,Container ship,0.314
7,Car carrier,0.3837
7,Car carrier,0.0694
7,Car carrier,0.0649
7,Car carrier,0.087
7,Car carrier,0.0575
7,Car carrier,0.0416
7,Car carrier,0.2677
7,Car carrier,0.3778
7,Car carrier,0.065
7,Car carrier,0.3578
7,Car carrier,0.082
7,Car carrier,0.6726
7,Car carrier,0.1405
7,Car carrier,0.0797
7,Car carrier,0.0775
7,Car carrier,0.121
7,Car carrier,0.4334
7,Car carrier,0.4111
7,Car carrier,0.0596
7,Car carrier,0.0515
7,Car carrier,0.1145
7,Car carrier,0.055
7,Car carrier,0.051
7,Car carrier,0.1223
7,Car carrier,0.0965
7,Car carrier,0.2659
7,Car carrier,0.511
7,Car carrier,0.1531
7,Car carrier,0.0443
7,Car carrier,0.0692
7,Car carrier,0.6317
7,Car carrier,0.4434
7,Car carrier,0.0648
7,Car carrier,0.2572
7,Car carrier,0.3763
7,Car carrier,0.0569
7,Car carrier,0.0434
7,Car carrier,0.0758
7,Car carrier,0.0854
7,Car carrier,0.0686
7,Car carrier,0.3534
7,Car carrier,0.1018
7,Car carrier,0.6245
7,Car carrier,0.0699
7,Car carrier,0.0309
7,Car carrier,0.0702
7,Car carrier,0.0546
7,Car carrier,0.0465
7,Car carrier,0.4436
7,Car carrier,0.0714
7,Car carrier,0.0506
7,Car carrier,0.0706
7,Car carrier,0.6225
7,Car carrier,0.0855
7,Car carrier,0.2187
7,Car carrier,0.3689
7,Car carrier,0.0802
7,Car carrier,0.0678
8,Hovercraft,0.1964
8,Hovercraft,0.5972
8,Hovercraft,0.5003
8,Hovercraft,0.0859
8,Hovercraft,0.2948
8,Hovercraft,0.064
8,Hovercraft,0.4481
8,Hovercraft,0.0583
8,Hovercraft,0.2246
8,Hovercraft,0.0782
8,Hovercraft,0.1114
8,Hovercraft,0.0676
8,Hovercraft,0.5191
8,Hovercraft,0.086
8,Hovercraft,0.2734
8,Hovercraft,0.274
8,Hovercraft,0.3997
8,Hovercraft,0.3606
8,Hovercraft,0.2626
8,Hovercraft,0.1024
8,Hovercraft,0.0916
8,Hovercraft,0.0728
8,Hovercraft,0.3113
8,Hovercraft,0.6069
8,Hovercraft,0.5353
8,Hovercraft,0.2286
8,Hovercraft,0.4267
8,Hovercraft,0.1168
8,Hovercraft,0.2551
8,Hovercraft,0.0355
8,Hovercraft,0.0821
8,Hovercraft,0.3293
8,Hovercraft,0.0893
8,Hovercraft,0.488
8,Hovercraft,0.1811
8,Hovercraft,0.5265
8,Hovercraft,0.073
8,Hovercraft,0.0467
8,Hovercraft,0.0547
8,Hovercraft,0.0975
8,Hovercraft,0.0925
8,Hovercraft,0.4345
8,Hovercraft,0.0934
8,Hovercraft,0.0363
8,Hovercraft,0.4219
8,Hovercraft,0.4188
8,Hovercraft,0.1225
8,Hovercraft,0.0659
8,Hovercraft,0.4879
8,Hovercraft,0.0278
8,Hovercraft,0.0775
8,Hovercraft,0.0899
8,Hovercraft,0.0904
8,Hovercraft,0.04
8,Hovercraft,0.1306
8,Hovercraft,0.0624
8,Hovercraft,0.1046
8,Hovercraft,0.0792
8,Hovercraft,0.1481
8,Hovercraft,0.0929
8,Hovercraft,0.1716
8,Hovercraft,0.5501
8,Hovercraft,0.4339
8,Hovercraft,0.3711
8,Hovercraft,0.2735
8,Hovercraft,0.4747
8,Hovercraft,0.3839
8,Hovercraft,0.1012
8,Hovercraft,0.1048
8,Hovercraft,0.0695
8,Hovercraft,0.1584
8,Hovercraft,0.0903
8,Hovercraft,0.3339
8,Hovercraft,0.3063
8,Hovercraft,0.0683
8,Hovercraft,0.0676
8,Hovercraft,0.1016
8,Hovercraft,0.0734
8,Hovercraft,0.1121
8,Hovercraft,0.0474
8,Hovercraft,0.0198
8,Hovercraft,0.1013
8,Hovercraft,0.0823
8,Hovercraft,0.3669
8,Hovercraft,0.3519
8,Hovercraft,0.3243
8,Hovercraft,0.2845
8,Hovercraft,0.1243
8,Hovercraft,0.1002
8,Hovercraft,0.0868
8,Hovercraft,0.0733
8,Hovercraft,0.4705
8,Hovercraft,0.1363
8,Hovercraft,0.0464
8,Hovercraft,0.2823
8,Hovercraft,0.1027
9,Bulk carrier,0.0889
9,Bulk carrier,0.4484
9,Bulk carrier,0.3999
9,Bulk carrier,0.0963
9,Bulk carrier,0.1192
9,Bulk carrier,0.1294
9,Bulk carrier,0.4182
9,Bulk carrier,0.3577
9,Bulk carrier,0.0683
9,Bulk carrier,0.2833
9,Bulk carrier,0.0916
9,Bulk carrier,0.0603
9,Bulk carrier,0.2182
9,Bulk carrier,0.2635
9,Bulk carrier,0.5159
9,Bulk carrier,0.1094
9,Bulk carrier,0.1045
9,Bulk carrier,0.0547
9,Bulk carrier,0.0367
9,Bulk carrier,0.0605
9,Bulk carrier,0.0948
9,Bulk carrier,0.1314
9,Bulk carrier,0.4571
9,Bulk carrier,0.2189
9,Bulk carrier,0.0649
9,Bulk carrier,0.3166
9,Bulk carrier,0.112
9,Bulk carrier,0.3678
9,Bulk carrier,0.4831
9,Bulk carrier,0.1034
9,Bulk carrier,0.1026
9,Bulk carrier,0.1454
9,Bulk carrier,0.0718
9,Bulk carrier,0.1576
9,Bulk carrier,0.2799
9,Bulk carrier,0.0517
9,Bulk carrier,0.0523
9,Bulk carrier,0.0309
9,Bulk carrier,0.064
9,Bulk carrier,0.3697
9,Bulk carrier,0.2152
9,Bulk carrier,0.0933
9,Bulk carrier,0.3684
9,Bulk carrier,0.0455
9,Bulk carrier,0.1061
9,Bulk carrier,0.3152
9,Bulk carrier,0.1293
9,Bulk carrier,0.182
9,Bulk carrier,0.1056
9,Bulk carrier,0.0709
9,Bulk carrier,0.0856
9,Bulk carrier,0.6419
9,Bulk carrier,0.16
9,Bulk carrier,0.5992
9,Bulk carrier,0.1476
9,Bulk carrier,0.1844
9,Bulk carrier,0.1232
9,Bulk carrier,0.2807
9,Bulk carrier,0.0525
9,Bulk carrier,0.6039
9,Bulk carrier,0.1361
9,Bulk carrier,0.2039
9,Bulk carrier,0.461
9,Bulk carrier,0.0994
9,Bulk carrier,0.5589
9,Bulk carrier,0.6025
9,Bulk carrier,0.201
9,Bulk carrier,0.154
9,Bulk carrier,0.4214
9,Bulk carrier,0.061
9,Bulk carrier,0.0586
9,Bulk carrier,0.1377
9,Bulk carrier,0.1272
9,Bulk carrier,0.0923
9,Bulk carrier,0.3918
9,Bulk carrier,0.2412
9,Bulk carrier,0.5385
9,Bulk carrier,0.0354
9,Bulk carrier,0.1062
9,Bulk carrier,0.2353
9,Bulk carrier,0.1737
9,Bulk carrier,0.5627
9,Bulk carrier,0.229
9,Bulk carrier,0.0765
9,Bulk carrier,0.5993
9,Bulk carrier,0.2382
9,Bulk carrier,0.5011
9,Bulk carrier,0.4007
9,Bulk carrier,0.4371
9,Bulk carrier,0.0834
9,Bulk carrier,0.072
9,Bulk carrier,0.1082
9,Bulk carrier,0.0868
9,Bulk carrier,0.6361
9,Bulk carrier,0.6079
9,Bulk carrier,0.2544
9,Bulk carrier,0.137
9,Bulk carrier,0.0652
9,Bulk carrier,0.3894
9,Bulk carrier,0.2365
9,Bulk carrier,0.0483
9,Bulk carrier,0.591
9,Bulk carrier,0.0456
9,Bulk carrier,0.2162
9,Bulk carrier,0.2062
9,Bulk carrier,0.0741
9,Bulk carrier,0.1747
9,Bulk carrier,0.3634
9,Bulk carrier,0.0611
9,Bulk carrier,0.0592
9,Bulk carrier,0.5891
9,Bulk carrier,0.0456
9,Bulk carrier,0.0578
9,Bulk carrier,0.6572
9,Bulk carrier,0.6088
9,Bulk carrier,0.1049
9,Bulk carrier,0.0827
9,Bulk carrier,0.1119
9,Bulk carrier,0.1102
9,Bulk carrier,0.1225
9,Bulk carrier,0.0544
9,Bulk carrier,0.0648
9,Bulk carrier,0.2341
9,Bulk carrier,0.5799
9,Bulk carrier,0.0707
9,Bulk carrier,0.2608
9,Bulk carrier,0.5998
9,Bulk carrier,0.2786
9,Bulk carrier,0.0557
9,Bulk carrier,0.2968
9,Bulk carrier,0.6993
9,Bulk carrier,0.1407
9,Bulk carrier,0.1881
9,Bulk carrier,0.1246
9,Bulk carrier,0.1716
9,Bulk carrier,0.3143
9,Bulk carrier,0.0171
9,Bulk carrier,0.1328
9,Bulk carrier,0.0399
9,Bulk carrier,0.0296
9,Bulk carrier,0.6368
9,Bulk carrier,0.04
9,Bulk carrier,0.0576
9,Bulk carrier,0.4324
9,Bulk carrier,0.1032
9,Bulk carrier,0.0467
9,Bulk carrier,0.109
9,Bulk carrier,0.3291
9,Bulk carrier,0.0442
9,Bulk carrier,0.0867
9,Bulk carrier,0.5421
9,Bulk carrier,0.0434
9,Bulk carrier,0.2672
9,Bulk carrier,0.087
9,Bulk carrier,0.4248
9,Bulk carrier,0.2323
9,Bulk carrier,0.1306
9,Bulk carrier,0.153
9,Bulk carrier,0.4589
9,Bulk carrier,0.4175
9,Bulk carrier,0.0415
9,Bulk carrier,0.0546
9,Bulk carrier,0.089
9,Bulk carrier,0.0884
9,Bulk carrier,0.0968
9,Bulk carrier,0.5975
9,Bulk carrier,0.4706
9,Bulk carrier,0.6554
9,Bulk carrier,0.1084
9,Bulk carrier,0.1099
9,Bulk carrier,0.0799
9,Bulk carrier,0.1681
9,Bulk carrier,0.2086
9,Bulk carrier,0.1386
9,Bulk carrier,0.0637
9,Bulk carrier,0.3208
9,Bulk carrier,0.1091
9,Bulk carrier,0.1172
9,Bulk carrier,0.0496
9,Bulk carrier,0.4665
9,Bulk carrier,0.1555
9,Bulk carrier,0.1367
9,Bulk carrier,0.0419
9,Bulk carrier,0.4799
9,Bulk carrier,0.5707
9,Bulk carrier,0.0816
9,Bulk carrier,0.0966
9,Bulk carrier,0.139
9,Bulk carrier,0.3745
9,Bulk carrier,0.0527
9,Bulk carrier,0.4942
9,Bulk carrier,0.2809
9,Bulk carrier,0.1112
9,Bulk carrier,0.1144
9,Bulk carrier,0.1137
9,Bulk carrier,0.0532
9,Bulk carrier,0.0992
9,Bulk carrier,0.1039
9,Bulk carrier,0.2647
9,Bulk carrier,0.0843
9,Bulk carrier,0.019
9,Bulk carrier,0.5738
9,Bulk carrier,0.4513
9,Bulk carrier,0.1562
9,Bulk carrier,0.6639
9,Bulk carrier,0.5764
9,Bulk carrier,0.1755
9,Bulk carrier,0.0946
9,Bulk carrier,0.0943
9,Bulk carrier,0.1107
9,Bulk carrier,0.4989
9,Bulk carrier,0.1188
9,Bulk carrier,0.1238
9,Bulk carrier,0.0949
9,Bulk carrier,0.3465
9,Bulk carrier,0.0391
9,Bulk carrier,0.4365
9,Bulk carrier,0.1209
9,Bulk carrier,0.086
9,Bulk carrier,0.0769
9,Bulk carrier,0.0906
9,Bulk carrier,0.0595
9,Bulk carrier,0.0275
9,Bulk carrier,0.0907
9,Bulk carrier,0.0547
9,Bulk carrier,0.2304
9,Bulk carrier,0.6103
9,Bulk carrier,0.3864
9,Bulk carrier,0.1109
9,Bulk carrier,0.1217
9,Bulk carrier,0.0101
9,Bulk carrier,0.4271
9,Bulk carrier,0.3834
9,Bulk carrier,0.2201
9,Bulk carrier,0.0577
9,Bulk carrier,0.066
9,Bulk carrier,0.4871
9,Bulk carrier,0.1291
9,Bulk carrier,0.0751
9,Bulk carrier,0.3568
9,Bulk carrier,0.0641
9,Bulk carrier,0.1018
9,Bulk carrier,0.2732
9,Bulk carrier,0.2288
9,Bulk carrier,0.5806
9,Bulk carrier,0.0804
9,Bulk carrier,0.1271
9,Bulk carrier,0.1169
9,Bulk carrier,0.0316
9,Bulk carrier,0.0721
9,Bulk carrier,0.0566
9,Bulk carrier,0.0916
9,Bulk carrier,0.0539
9,Bulk carrier,0.3774
9,Bulk carrier,0.3145
9,Bulk carrier,0.0775
9,Bulk carrier,0.1833
9,Bulk carrier,0.1494
9,Bulk carrier,0.1592
9,Bulk carrier,0.5908
9,Bulk carrier,0.0792
9,Bulk carrier,0.0634
9,Bulk carrier,0.1408
9,Bulk carrier,0.0939
9,Bulk carrier,0.2158
9,Bulk carrier,0.0401
9,Bulk carrier,0.1141
9,Bulk carrier,0.3136
9,Bulk carrier,0.169
9,Bulk carrier,0.5907
9,Bulk carrier,0.0931
9,Bulk carrier,0.0685
9,Bulk carrier,0.2886
9,Bulk carrier,0.0445
10,Oil tanker,0.5777
10,Oil tanker,0.5584
10,Oil tanker,0.2745
10,Oil tanker,0.2711
10,Oil tanker,0.1095
10,Oil tanker,0.2053
10,Oil tanker,0.0437
10,Oil tanker,0.0988
10,Oil tanker,0.028
10,Oil tanker,0.3915
10,Oil tanker,0.0762
10,Oil tanker,0.0544
10,Oil tanker,0.0956
10,Oil tanker,0.0549
10,Oil tanker,0.5043
10,Oil tanker,0.0891
10,Oil tanker,0.6089
10,Oil tanker,0.5306
10,Oil tanker,0.0474
10,Oil tanker,0.0999
10,Oil tanker,0.559
10,Oil tanker,0.1107
10,Oil tanker,0.4583
10,Oil tanker,0.1165
10,Oil tanker,0.028
10,Oil tanker,0.2681
10,Oil tanker,0.6709
10,Oil tanker,0.2088
10,Oil tanker,0.0901
10,Oil tanker,0.0471
10,Oil tanker,0.6297
10,Oil tanker,0.0834
10,Oil tanker,0.3558
10,Oil tanker,0.0226
10,Oil tanker,0.0496
10,Oil tanker,0.05
10,Oil tanker,0.0452
10,Oil tanker,0.2228
10,Oil tanker,0.0859
10,Oil tanker,0.349
10,Oil tanker,0.0538
10,Oil tanker,0.6476
10,Oil tanker,0.2792
10,Oil tanker,0.5977
10,Oil tanker,0.6518
10,Oil tanker,0.1335
10,Oil tanker,0.091
10,Oil tanker,0.0573
10,Oil tanker,0.0747
10,Oil tanker,0.4545
10,Oil tanker,0.0542
10,Oil tanker,0.074
10,Oil tanker,0.284
10,Oil tanker,0.0328
10,Oil tanker,0.0743
10,Oil tanker,0.3862
10,Oil tanker,0.3496
10,Oil tanker,0.1113
10,Oil tanker,0.0833
10,Oil tanker,0.21
10,Oil tanker,0.6163
10,Oil tanker,0.1106
10,Oil tanker,0.0783
10,Oil tanker,0.0965
10,Oil tanker,0.6676
10,Oil tanker,0.2463
10,Oil tanker,0.399
10,Oil tanker,0.1849
10,Oil tanker,0.2468
10,Oil tanker,0.1184
10,Oil tanker,0.2871
10,Oil tanker,0.1104
10,Oil tanker,0.1001
10,Oil tanker,0.0742
10,Oil tanker,0.0702
10,Oil tanker,0.1877
10,Oil tanker,0.068
10,Oil tanker,0.1391
10,Oil tanker,0.3822
10,Oil tanker,0.2213
10,Oil tanker,0.454
10,Oil tanker,0.0678
10,Oil tanker,0.0481
10,Oil tanker,0.0639
10,Oil tanker,0.4069
10,Oil tanker,0.1703
10,Oil tanker,0.0366
10,Oil tanker,0.227
10,Oil tanker,0.0838
10,Oil tanker,0.3645
10,Oil tanker,0.2364
10,Oil tanker,0.0496
10,Oil tanker,0.1222
10,Oil tanker,0.0927
10,Oil tanker,0.3812
10,Oil tanker,0.1787
10,Oil tanker,0.0613
10,Oil tanker,0.0324
10,Oil tanker,0.1962
10,Oil tanker,0.0471
10,Oil tanker,0.1397
10,Oil tanker,0.2472
10,Oil tanker,0.4582
10,Oil tanker,0.1623
10,Oil tanker,0.0624
10,Oil tanker,0.5893
10,Oil tanker,0.0861
10,Oil tanker,0.1037
10,Oil tanker,0.0537
10,Oil tanker,0.4884
10,Oil tanker,0.0513
10,Oil tanker,0.1338
10,Oil tanker,0.2328
10,Oil tanker,0.61
10,Oil tanker,0.1502
10,Oil tanker,0.3676
10,Oil tanker,0.0312
10,Oil tanker,0.6102
10,Oil tanker,0.1442
10,Oil tanker,0.0703
10,Oil tanker,0.1099
10,Oil tanker,0.047
10,Oil tanker,0.0512
10,Oil tanker,0.0694
10,Oil tanker,0.0433
10,Oil tanker,0.0749
10,Oil tanker,0.0519
10,Oil tanker,0.1419
10,Oil tanker,0.6099
10,Oil tanker,0.1474
10,Oil tanker,0.1889
10,Oil tanker,0.0655
11,Fishing boat,0.1149
11,Fishing boat,0.2193
11,Fishing boat,0.0622
11,Fishing boat,0.077
11,Fishing boat,0.4757
11,Fishing boat,0.0379
11,Fishing boat,0.1911
11,Fishing boat,0.2173
11,Fishing boat,0.0185
11,Fishing boat,0.0732
11,Fishing boat,0.0573
11,Fishing boat,0.3063
11,Fishing boat,0.5023
11,Fishing boat,0.0888
11,Fishing boat,0.1377
11,Fishing boat,0.1003
11,Fishing boat,0.0659
11,Fishing boat,0.0892
11,Fishing boat,0.4227
11,Fishing boat,0.146
11,Fishing boat,0.0626
11,Fishing boat,0.0378
11,Fishing boat,0.2053
11,Fishing boat,0.0624
11,Fishing boat,0.6522
11,Fishing boat,0.0691
11,Fishing boat,0.3818
11,Fishing boat,0.5564
11,Fishing boat,0.3326
11,Fishing boat,0.4416
11,Fishing boat,0.136
11,Fishing boat,0.1259
11,Fishing boat,0.248
11,Fishing boat,0.0901
11,Fishing boat,0.0469
11,Fishing boat,0.0475
11,Fishing boat,0.0633
11,Fishing boat,0.0732
11,Fishing boat,0.1167
11,Fishing boat,0.1608
11,Fishing boat,0.462
11,Fishing boat,0.4532
11,Fishing boat,0.1207
11,Fishing boat,0.5738
11,Fishing boat,0.0509
11,Fishing boat,0.0728
11,Fishing boat,0.56
11,Fishing boat,0.0623
11,Fishing boat,0.1379
11,Fishing boat,0.355
11,Fishing boat,0.13
11,Fishing boat,0.2369
11,Fishing boat,0.2388
11,Fishing boat,0.0381
11,Fishing boat,0.1552
11,Fishing boat,0.072
11,Fishing boat,0.3989
11,Fishing boat,0.6413
11,Fishing boat,0.1588
11,Fishing boat,0.5145
11,Fishing boat,0.0747
11,Fishing boat,0.3022
11,Fishing boat,0.6204
11,Fishing boat,0.5125
11,Fishing boat,0.5763
11,Fishing boat,0.063
11,Fishing boat,0.5867
11,Fishing boat,0.2475
11,Fishing boat,0.4581
11,Fishing boat,0.4933
11,Fishing boat,0.1746
11,Fishing boat,0.0556
11,Fishing boat,0.5749
11,Fishing boat,0.1118
11,Fishing boat,0.3352
11,Fishing boat,0.0555
11,Fishing boat,0.2887
11,Fishing boat,0.0519
11,Fishing boat,0.0854
11,Fishing boat,0.3626
11,Fishing boat,0.064
11,Fishing boat,0.1609
12,Destroyer,0.2844
12,Destroyer,0.0646
12,Destroyer,0.0338
12,Destroyer,0.0902
12,Destroyer,0.0576
12,Destroyer,0.196
12,Destroyer,0.2885
12,Destroyer,0.2463
12,Destroyer,0.1757
12,Destroyer,0.1568
12,Destroyer,0.2707
12,Destroyer,0.108
12,Destroyer,0.0597
12,Destroyer,0.0839
12,Destroyer,0.5177
12,Destroyer,0.1009
12,Destroyer,0.5929
12,Destroyer,0.1863
12,Destroyer,0.2996
12,Destroyer,0.0942
12,Destroyer,0.0359
12,Destroyer,0.5329
12,Destroyer,0.1782
12,Destroyer,0.0707
12,Destroyer,0.1309
12,Destroyer,0.0912
12,Destroyer,0.0611
12,Destroyer,0.1148
12,Destroyer,0.0829
12,Destroyer,0.0763
12,Destroyer,0.2304
12,Destroyer,0.2752
12,Destroyer,0.2802
12,Destroyer,0.393
12,Destroyer,0.2635
12,Destroyer,0.3834
12,Destroyer,0.1316
12,Destroyer,0.2542
12,Destroyer,0.0999
12,Destroyer,0.0207
12,Destroyer,0.1018
12,Destroyer,0.0568
12,Destroyer,0.25
12,Destroyer,0.5397
12,Destroyer,0.11
12,Destroyer,0.0693
12,Destroyer,0.2728
12,Destroyer,0.1535
12,Destroyer,0.0712
12,Destroyer,0.2267
12,Destroyer,0.0788
12,Destroyer,0.5916
12,Destroyer,0.1112
12,Destroyer,0.0742
12,Destroyer,0.2492
12,Destroyer,0.45
12,Destroyer,0.1085
12,Destroyer,0.2621
12,Destroyer,0.0871
12,Destroyer,0.1032
12,Destroyer,0.404
12,Destroyer,0.1248
12,Destroyer,0.6232
12,Destroyer,0.0657
12,Destroyer,0.0863
12,Destroyer,0.1218
12,Destroyer,0.0467
12,Destroyer,0.0819
12,Destroyer,0.5798
12,Destroyer,0.1019
12,Destroyer,0.6016
12,Destroyer,0.1625
12,Destroyer,0.2168
12,Destroyer,0.6351
12,Destroyer,0.0275
12,Destroyer,0.4201
12,Destroyer,0.0687
12,Destroyer,0.0708
12,Destroyer,0.3
12,Destroyer,0.6105
12,Destroyer,0.1192
12,Destroyer,0.4453
12,Destroyer,0.2984
12,Destroyer,0.0684
12,Destroyer,0.0863
12,Destroyer,0.1062
12,Destroyer,0.3438
12,Destroyer,0.4784
12,Destroyer,0.0758
12,Destroyer,0.0542
12,Destroyer,0.082
12,Destroyer,0.1122
12,Destroyer,0.4136
12,Destroyer,0.1355
12,Destroyer,0.0737
12,Destroyer,0.3106
12,Destroyer,0.1475
12,Destroyer,0.5825
12,Destroyer,0.5607
12,Destroyer,0.0447
12,Destroyer,0.0708
12,Destroyer,0.5295
12,Destroyer,0.2865
12,Destroyer,0.0805
12,Destroyer,0.1557
12,Destroyer,0.0969
12,Destroyer,0.1341
12,Destroyer,0.1766
12,Destroyer,0.0541
12,Destroyer,0.4679
12,Destroyer,0.1099
12,Destroyer,0.0799
12,Destroyer,0.3745
12,Destroyer,0.3262
12,Destroyer,0.0452
12,Destroyer,0.1989
12,Destroyer,0.3513
12,Destroyer,0.3213
12,Destroyer,0.5832
12,Destroyer,0.0476
12,Destroyer,0.2829
12,Destroyer,0.1164
12,Destroyer,0.6401
12,Destroyer,0.2459
12,Destroyer,0.0361
12,Destroyer,0.2249
12,Destroyer,0.5639
12,Destroyer,0.8186
12,Destroyer,0.1381
12,Destroyer,0.0336
12,Destroyer,0.2872
12,Destroyer,0.5649
12,Destroyer,0.6618
12,Destroyer,0.0691
12,Destroyer,0.4484
12,Destroyer,0.5932
12,Destroyer,0.3895
12,Destroyer,0.3034
12,Destroyer,0.2689
12,Destroyer,0.4116
12,Destroyer,0.0743
12,Destroyer,0.1994
12,Destroyer,0.5628
12,Destroyer,0.1837
12,Destroyer,0.1536
12,Destroyer,0.2011
12,Destroyer,0.6291
12,Destroyer,0.1428
12,Destroyer,0.1578
12,Destroyer,0.0919
12,Destroyer,0.4417
12,Destroyer,0.0387
12,Destroyer,0.0484
12,Destroyer,0.0725
12,Destroyer,0.4613
12,Destroyer,0.0965
12,Destroyer,0.0385
12,Destroyer,0.3026
12,Destroyer,0.0545
12,Destroyer,0.3846
12,Destroyer,0.2683
12,Destroyer,0.0745
12,Destroyer,0.1055
12,Destroyer,0.0252
12,Destroyer,0.6371
12,Destroyer,0.0709
12,Destroyer,0.3302
12,Destroyer,0.277
12,Destroyer,0.0832
12,Destroyer,0.2464
12,Destroyer,0.1238
12,Destroyer,0.6262
12,Destroyer,0.5439
12,Destroyer,0.0876
12,Destroyer,0.0975
12,Destroyer,0.6484
12,Destroyer,0.0364
12,Destroyer,0.2539
12,Destroyer,0.1348
12,Destroyer,0.3689
12,Destroyer,0.3812
12,Destroyer,0.0732
12,Destroyer,0.3167
12,Destroyer,0.3665
12,Destroyer,0.1308
12,Destroyer,0.6613
12,Destroyer,0.0878
12,Destroyer,0.6693
12,Destroyer,0.4844
12,Destroyer,0.1035
12,Destroyer,0.2937
12,Destroyer,0.0972
12,Destroyer,0.1994
12,Destroyer,0.0561
12,Destroyer,0.0885
12,Destroyer,0.1181
12,Destroyer,0.0769
12,Destroyer,0.1839
12,Destroyer,0.6064
12,Destroyer,0.0196
12,Destroyer,0.0931
12,Destroyer,0.024
12,Destroyer,0.041
12,Destroyer,0.1268
12,Destroyer,0.1649
12,Destroyer,0.1792
12,Destroyer,0.081
12,Destroyer,0.1523
12,Destroyer,0.1064
12,Destroyer,0.0886
12,Destroyer,0.0565
12,Destroyer,0.211
12,Destroyer,0.2124
12,Destroyer,0.1013
12,Destroyer,0.6983
12,Destroyer,0.1475
12,Destroyer,0.1086
12,Destroyer,0.3949
12,Destroyer,0.0774
12,Destroyer,0.0158
12,Destroyer,0.0949
12,Destroyer,0.4437
12,Destroyer,0.1347
12,Destroyer,0.2607
12,Destroyer,0.2964
12,Destroyer,0.6309
12,Destroyer,0.5262
12,Destroyer,0.077
12,Destroyer,0.2942
12,Destroyer,0.5122
12,Destroyer,0.4057
12,Destroyer,0.0558
12,Destroyer,0.1602
12,Destroyer,0.0956
12,Destroyer,0.0975
12,Destroyer,0.4767
12,Destroyer,0.2398
12,Destroyer,0.0403
12,Destroyer,0.0622
12,Destroyer,0.0593
12,Destroyer,0.1411
12,Destroyer,0.4961
12,Destroyer,0.0421
12,Destroyer,0.2064
12,Destroyer,0.4167
12,Destroyer,0.2935
12,Destroyer,0.6373
12,Destroyer,0.1427
12,Destroyer,0.5983
12,Destroyer,0.1027
12,Destroyer,0.3149
12,Destroyer,0.0997
12,Destroyer,0.454
12,Destroyer,0.139
12,Destroyer,0.3628
12,Destroyer,0.0565
12,Destroyer,0.0908
12,Destroyer,0.4734
12,Destroyer,0.0818
12,Destroyer,0.078
12,Destroyer,0.5339
12,Destroyer,0.2434
12,Destroyer,0.1306
12,Destroyer,0.0369
12,Destroyer,0.1203
12,Destroyer,0.0283
12,Destroyer,0.3434
12,Destroyer,0.0538
12,Destroyer,0.1293
12,Destroyer,0.0427
12,Destroyer,0.5889
12,Destroyer,0.1912
12,Destroyer,0.3296
12,Destroyer,0.4773
12,Destroyer,0.5573
12,Destroyer,0.1333
12,Destroyer,0.1926
12,Destroyer,0.1214
12,Destroyer,0.0392
12,Destroyer,0.1474
12,Destroyer,0.0526
12,Destroyer,0.2214
12,Destroyer,0.0551
12,Destroyer,0.2076
12,Destroyer,0.2902
12,Destroyer,0.0868
12,Destroyer,0.1077
12,Destroyer,0.2787
12,Destroyer,0.1149
12,Destroyer,0.5302
12,Destroyer,0.0457
12,Destroyer,0.0653
12,Destroyer,0.6388
12,Destroyer,0.2039
12,Destroyer,0.0699
12,Destroyer,0.0296
12,Destroyer,0.1255
12,Destroyer,0.0374
12,Destroyer,0.3198
12,Destroyer,0.3667
12,Destroyer,0.4119
12,Destroyer,0.0957
12,Destroyer,0.1422
12,Destroyer,0.6073
12,Destroyer,0.0282
12,Destroyer,0.0665
12,Destroyer,0.1311
12,Destroyer,0.0504
12,Destroyer,0.491
12,Destroyer,0.4568
12,Destroyer,0.1645
12,Destroyer,0.191
12,Destroyer,0.6898
12,Destroyer,0.2076
12,Destroyer,0.6713
12,Destroyer,0.4011
12,Destroyer,0.0362
12,Destroyer,0.3059
12,Destroyer,0.0934
12,Destroyer,0.0898
12,Destroyer,0.0464
12,Destroyer,0.3583
12,Destroyer,0.0458
12,Destroyer,0.0959
12,Destroyer,0.0904
12,Destroyer,0.0986
12,Destroyer,0.2565
12,Destroyer,0.1173
12,Destroyer,0.0729
12,Destroyer,0.6404
12,Destroyer,0.0351
12,Destroyer,0.1193
12,Destroyer,0.1308
12,Destroyer,0.5346
12,Destroyer,0.3653
12,Destroyer,0.1996
12,Destroyer,0.097
12,Destroyer,0.3364
12,Destroyer,0.0651
12,Destroyer,0.6189
12,Destroyer,0.1568
12,Destroyer,0.0385
12,Destroyer,0.0416
12,Destroyer,0.1326
12,Destroyer,0.0702
12,Destroyer,0.3536
12,Destroyer,0.0352
12,Destroyer,0.1025
12,Destroyer,0.0497
12,Destroyer,0.4549
12,Destroyer,0.3635
12,Destroyer,0.1186
12,Destroyer,0.3165
12,Destroyer,0.0472
12,Destroyer,0.0467
12,Destroyer,0.1085
12,Destroyer,0.1068
12,Destroyer,0.1089
12,Destroyer,0.5604
12,Destroyer,0.1158
12,Destroyer,0.1606
12,Destroyer,0.1717
12,Destroyer,0.5427
12,Destroyer,0.6474
12,Destroyer,0.1291
12,Destroyer,0.6485
12,Destroyer,0.1056
12,Destroyer,0.1662
12,Destroyer,0.362
12,Destroyer,0.0362
12,Destroyer,0.6121
12,Destroyer,0.1658
12,Destroyer,0.0403
12,Destroyer,0.3219
12,Destroyer,0.116
12,Destroyer,0.0569
12,Destroyer,0.1051
12,Destroyer,0.0854
12,Destroyer,0.1426
12,Destroyer,0.6065
12,Destroyer,0.0908
12,Destroyer,0.4753
12,Destroyer,0.2536
12,Destroyer,0.1461
12,Destroyer,0.5132
12,Destroyer,0.6184
12,Destroyer,0.0904
12,Destroyer,0.1457
12,Destroyer,0.2642
12,Destroyer,0.0183
12,Destroyer,0.243
12,Destroyer,0.2505
12,Destroyer,0.3133
12,Destroyer,0.0563
12,Destroyer,0.1104
12,Destroyer,0.087
12,Destroyer,0.3023
12,Destroyer,0.5248
12,Destroyer,0.4337
12,Destroyer,0.1118
12,Destroyer,0.1369
12,Destroyer,0.305
12,Destroyer,0.4018
12,Destroyer,0.1338
12,Destroyer,0.0719
12,Destroyer,0.0633
12,Destroyer,0.2019
12,Destroyer,0.2259
12,Destroyer,0.0863
12,Destroyer,0.0219
12,Destroyer,0.455
12,Destroyer,0.0447
12,Destroyer,0.4253
12,Destroyer,0.0728
12,Destroyer,0.5752
12,Destroyer,0.0205
12,Destroyer,0.0532
12,Destroyer,0.2661
12,Destroyer,0.0978
12,Destroyer,0.0686
12,Destroyer,0.0594
12,Destroyer,0.2138
12,Destroyer,0.2777
12,Destroyer,0.0999
12,Destroyer,0.5471
12,Destroyer,0.2752
12,Destroyer,0.2648
12,Destroyer,0.1512
12,Destroyer,0.1196
12,Destroyer,0.0616
12,Destroyer,0.0382
12,Destroyer,0.7191
12,Destroyer,0.3266
12,Destroyer,0.7545
13,Passenger ship,0.3896
13,Passenger ship,0.0649
13,Passenger ship,0.6012
13,Passenger ship,0.1195
13,Passenger ship,0.0447
13,Passenger ship,0.0771
13,Passenger ship,0.3507
13,Passenger ship,0.645
13,Passenger ship,0.0294
13,Passenger ship,0.0976
13,Passenger ship,0.1074
13,Passenger ship,0.0878
13,Passenger ship,0.3925
13,Passenger ship,0.2202
13,Passenger ship,0.3071
13,Passenger ship,0.211
13,Passenger ship,0.1475
13,Passenger ship,0.2107
13,Passenger ship,0.1536
13,Passenger ship,0.0674
13,Passenger ship,0.1012
13,Passenger ship,0.6037
13,Passenger ship,0.0571
13,Passenger ship,0.2565
13,Passenger ship,0.0543
13,Passenger ship,0.0451
13,Passenger ship,0.0659
13,Passenger ship,0.2473
13,Passenger ship,0.1145
13,Passenger ship,0.046
13,Passenger ship,0.6701
13,Passenger ship,0.2001
13,Passenger ship,0.0892
13,Passenger ship,0.4583
13,Passenger ship,0.4201
13,Passenger ship,0.0706
13,Passenger ship,0.3111
13,Passenger ship,0.6015
13,Passenger ship,0.3437
13,Passenger ship,0.1637
13,Passenger ship,0.3048
13,Passenger ship,0.1984
13,Passenger ship,0.6076
13,Passenger ship,0.1883
13,Passenger ship,0.0445
13,Passenger ship,0.3128
13,Passenger ship,0.2573
13,Passenger ship,0.2505
13,Passenger ship,0.6354
13,Passenger ship,0.3624
13,Passenger ship,0.1259
13,Passenger ship,0.3529
13,Passenger ship,0.1266
13,Passenger ship,0.1869
13,Passenger ship,0.2753
13,Passenger ship,0.1623
13,Passenger ship,0.1468
13,Passenger ship,0.1225
13,Passenger ship,0.4263
13,Passenger ship,0.3594
13,Passenger ship,0.277
13,Passenger ship,0.1949
13,Passenger ship,0.1127
13,Passenger ship,0.1649
13,Passenger ship,0.0884
13,Passenger ship,0.2005
13,Passenger ship,0.1081
13,Passenger ship,0.2088
13,Passenger ship,0.461
13,Passenger ship,0.5649
14,Liquefied gas ship,0.1494
14,Liquefied gas ship,0.0689
14,Liquefied gas ship,0.6325
14,Liquefied gas ship,0.1312
14,Liquefied gas ship,0.1072
14,Liquefied gas ship,0.1219
14,Liquefied gas ship,0.5339
14,Liquefied gas ship,0.6149
14,Liquefied gas ship,0.0669
14,Liquefied gas ship,0.1586
14,Liquefied gas ship,0.1342
14,Liquefied gas ship,0.0255
14,Liquefied gas ship,0.095
14,Liquefied gas ship,0.4082
14,Liquefied gas ship,0.4713
14,Liquefied gas ship,0.0901
14,Liquefied gas ship,0.0665
14,Liquefied gas ship,0.1884
14,Liquefied gas ship,0.2106
14,Liquefied gas ship,0.0472
14,Liquefied gas ship,0.4517
14,Liquefied gas ship,0.2343
14,Liquefied gas ship,0.0578
14,Liquefied gas ship,0.4639
14,Liquefied gas ship,0.4329
14,Liquefied gas ship,0.0908
14,Liquefied gas ship,0.1674
14,Liquefied gas ship,0.5212
14,Liquefied gas ship,0.0597
14,Liquefied gas ship,0.0831
14,Liquefied gas ship,0.1327
14,Liquefied gas ship,0.1165
14,Liquefied gas ship,0.1717
14,Liquefied gas ship,0.0397
14,Liquefied gas ship,0.0721
14,Liquefied gas ship,0.0418
14,Liquefied gas ship,0.2052
14,Liquefied gas ship,0.1044
14,Liquefied gas ship,0.1737
14,Liquefied gas ship,0.2728
14,Liquefied gas ship,0.1847
14,Liquefied gas ship,0.1969
14,Liquefied gas ship,0.0505
14,Liquefied gas ship,0.1532
14,Liquefied gas ship,0.6538
14,Liquefied gas ship,0.0835
14,Liquefied gas ship,0.5087
14,Liquefied gas ship,0.5279
14,Liquefied gas ship,0.0905
14,Liquefied gas ship,0.0307
14,Liquefied gas ship,0.0317
14,Liquefied gas ship,0.0237
14,Liquefied gas ship,0.0871
14,Liquefied gas ship,0.3707
14,Liquefied gas ship,0.4063
14,Liquefied gas ship,0.2301
14,Liquefied gas ship,0.0246
14,Liquefied gas ship,0.0915
14,Liquefied gas ship,0.0641
14,Liquefied gas ship,0.0828
14,Liquefied gas ship,0.3546
14,Liquefied gas ship,0.0624
14,Liquefied gas ship,0.0935
14,Liquefied gas ship,0.3316
14,Liquefied gas ship,0.3759
14,Liquefied gas ship,0.0556
14,Liquefied gas ship,0.062
14,Liquefied gas ship,0.4787
14,Liquefied gas ship,0.095
14,Liquefied gas ship,0.1139
14,Liquefied gas ship,0.0542
14,Liquefied gas ship,0.4184
14,Liquefied gas ship,0.0231
14,Liquefied gas ship,0.2152
15,Barge,0.0651
15,Barge,0.1178
15,Barge,0.0187
15,Barge,0.1934
15,Barge,0.4405
15,Barge,0.4368
15,Barge,0.1426
15,Barge,0.4204
15,Barge,0.6077
15,Barge,0.0846
15,Barge,0.686
15,Barge,0.044
15,Barge,0.0397
15,Barge,0.4354
15,Barge,0.0621
15,Barge,0.1091
15,Barge,0.4038
15,Barge,0.1099
15,Barge,0.0841
15,Barge,0.3803
15,Barge,0.1288
15,Barge,0.369
15,Barge,0.3205
15,Barge,0.2151
15,Barge,0.2186
15,Barge,0.3563
15,Barge,0.1255
15,Barge,0.0923
15,Barge,0.0557
15,Barge,0.1041
15,Barge,0.0521
15,Barge,0.2041
15,Barge,0.0608
15,Barge,0.0893
15,Barge,0.1407
15,Barge,0.2925
15,Barge,0.2126
15,Barge,0.2696
15,Barge,0.0996
15,Barge,0.0816
15,Barge,0.1111
15,Barge,0.116
15,Barge,0.1969
16,Landing craft,0.4661
16,Landing craft,0.1228
16,Landing craft,0.05
16,Landing craft,0.0419
16,Landing craft,0.6765
16,Landing craft,0.4762
16,Landing craft,0.0635
16,Landing craft,0.4365
16,Landing craft,0.0207
16,Landing craft,0.1194
16,Landing craft,0.1405
16,Landing craft,0.0981
16,Landing craft,0.212
16,Landing craft,0.237
16,Landing craft,0.2807
16,Landing craft,0.4538
16,Landing craft,0.0429
16,Landing craft,0.0474
16,Landing craft,0.58
16,Landing craft,0.1096
16,Landing craft,0.0577
16,Landing craft,0.0802
16,Landing craft,0.1611
16,Landing craft,0.4034
16,Landing craft,0.1399
16,Landing craft,0.0944
16,Landing craft,0.2047
16,Landing craft,0.379
16,Landing craft,0.2737
16,Landing craft,0.1291
16,Landing craft,0.0886
16,Landing craft,0.4017
16,Landing craft,0.378
16,Landing craft,0.0732
16,Landing craft,0.4445
16,Landing craft,0.059
16,Landing craft,0.4316
16,Landing craft,0.076
16,Landing craft,0.063
16,Landing craft,0.1207
16,Landing craft,0.418
16,Landing craft,0.4977
16,Landing craft,0.0687
16,Landing craft,0.0789
16,Landing craft,0.1127
16,Landing craft,0.1476
16,Landing craft,0.1005
16,Landing craft,0.0908
16,Landing craft,0.0584
16,Landing craft,0.0386
16,Landing craft,0.1359
16,Landing craft,0.0368
16,Landing craft,0.1514
16,Landing craft,0.3934
16,Landing craft,0.6888
16,Landing craft,0.6129
16,Landing craft,0.0493
16,Landing craft,0.1112
16,Landing craft,0.0874
16,Landing craft,0.1204
16,Landing craft,0.1088
16,Landing craft,0.0697
16,Landing craft,0.4117
16,Landing craft,0.0693
16,Landing craft,0.1507
16,Landing craft,0.0901
16,Landing craft,0.1253
16,Landing craft,0.1221
16,Landing craft,0.2145
16,Landing craft,0.0843
16,Landing craft,0.1549
16,Landing craft,0.4246
16,Landing craft,0.2932
16,Landing craft,0.1414
16,Landing craft,0.2719
16,Landing craft,0.111
16,Landing craft,0.1528
16,Landing craft,0.094
16,Landing craft,0.2468
16,Landing craft,0.0928
16,Landing craft,0.1078
16,Landing craft,0.4487
16,Landing craft,0.611
16,Landing craft,0.6076
16,Landing craft,0.1267
16,Landing craft,0.391
17,Frigate,0.0838
17,Frigate,0.2556
17,Frigate,0.2912
17,Frigate,0.0797
17,Frigate,0.0966
17,Frigate,0.2348
17,Frigate,0.1712
17,Frigate,0.0648
17,Frigate,0.1296
17,Frigate,0.6029
17,Frigate,0.494
17,Frigate,0.0484
17,Frigate,0.3836
17,Frigate,0.0633
17,Frigate,0.393
17,Frigate,0.2157
17,Frigate,0.4939
17,Frigate,0.0954
17,Frigate,0.0543
17,Frigate,0.6294
17,Frigate,0.0993
17,Frigate,0.2644
17,Frigate,0.2612
17,Frigate,0.3581
17,Frigate,0.1179
17,Frigate,0.1571
17,Frigate,0.4788
17,Frigate,0.0452
17,Frigate,0.2138
17,Frigate,0.0679
17,Frigate,0.2002
17,Frigate,0.4405
17,Frigate,0.2509
17,Frigate,0.1062
17,Frigate,0.293
17,Frigate,0.1547
17,Frigate,0.0476
17,Frigate,0.3107
17,Frigate,0.0942
17,Frigate,0.394
17,Frigate,0.0727
17,Frigate,0.159
17,Frigate,0.1599
17,Frigate,0.1461
17,Frigate,0.0842
17,Frigate,0.1059
17,Frigate,0.3767
17,Frigate,0.1897
17,Frigate,0.4924
17,Frigate,0.3792
17,Frigate,0.1396
17,Frigate,0.7196
17,Frigate,0.0949
17,Frigate,0.0615
17,Frigate,0.0998
17,Frigate,0.2085
17,Frigate,0.0651
17,Frigate,0.0423
17,Frigate,0.1707
17,Frigate,0.0673
17,Frigate,0.0363
17,Frigate,0.0746
17,Frigate,0.019
17,Frigate,0.0248
17,Frigate,0.1887
17,Frigate,0.0266
17,Frigate,0.0996
17,Frigate,0.0605
17,Frigate,0.6072
17,Frigate,0.0959
17,Frigate,0.0652
17,Frigate,0.1399
17,Frigate,0.1693
17,Frigate,0.1244
17,Frigate,0.1367
17,Frigate,0.1456
17,Frigate,0.1338
17,Frigate,0.0842
17,Frigate,0.6952
17,Frigate,0.4861
17,Frigate,0.327
17,Frigate,0.6246
17,Frigate,0.0895
17,Frigate,0.0902
17,Frigate,0.5562
17,Frigate,0.0169
17,Frigate,0.1542
17,Frigate,0.0969
17,Frigate,0.2833
17,Frigate,0.3978
17,Frigate,0.092
17,Frigate,0.2308
17,Frigate,0.108
17,Frigate,0.0962
17,Frigate,0.0675
17,Frigate,0.0877
17,Frigate,0.2902
17,Frigate,0.0203
17,Frigate,0.4466
17,Frigate,0.5923
17,Frigate,0.1182
17,Frigate,0.2213
17,Frigate,0.2584
17,Frigate,0.5615
17,Frigate,0.4541
17,Frigate,0.0847
17,Frigate,0.1264
17,Frigate,0.1637
17,Frigate,0.0843
17,Frigate,0.1803
17,Frigate,0.2926
17,Frigate,0.2831
17,Frigate,0.1547
17,Frigate,0.1502
17,Frigate,0.2943
17,Frigate,0.4221
17,Frigate,0.0762
17,Frigate,0.0855
17,Frigate,0.2375
17,Frigate,0.2493
17,Frigate,0.0477
17,Frigate,0.0951
17,Frigate,0.2676
17,Frigate,0.0975
17,Frigate,0.1058
17,Frigate,0.0676
17,Frigate,0.1725
17,Frigate,0.0766
17,Frigate,0.0729
17,Frigate,0.0387
17,Frigate,0.0801
17,Frigate,0.5811
17,Frigate,0.1037
17,Frigate,0.0562
17,Frigate,0.0762
17,Frigate,0.0405
17,Frigate,0.1942
17,Frigate,0.5479
17,Frigate,0.6206
17,Frigate,0.0983
17,Frigate,0.3467
17,Frigate,0.1524
17,Frigate,0.0403
17,Frigate,0.0371
17,Frigate,0.1188
17,Frigate,0.0699
17,Frigate,0.3373
17,Frigate,0.0563
17,Frigate,0.0646
17,Frigate,0.4251
17,Frigate,0.148
17,Frigate,0.1342
17,Frigate,0.3199
17,Frigate,0.1278
17,Frigate,0.1135
17,Frigate,0.0917
17,Frigate,0.0721
17,Frigate,0.0527
17,Frigate,0.0762
17,Frigate,0.0902
17,Frigate,0.4439
17,Frigate,0.2748
17,Frigate,0.6256
17,Frigate,0.3248
17,Frigate,0.0901
17,Frigate,0.1962
17,Frigate,0.0948
17,Frigate,0.1222
17,Frigate,0.0691
17,Frigate,0.1383
17,Frigate,0.0544
17,Frigate,0.0434
17,Frigate,0.0586
17,Frigate,0.0781
17,Frigate,0.1284
17,Frigate,0.0458
17,Frigate,0.0833
17,Frigate,0.3087
17,Frigate,0.0814
17,Frigate,0.0498
17,Frigate,0.687
17,Frigate,0.1753
17,Frigate,0.0583
17,Frigate,0.0401
17,Frigate,0.0927
17,Frigate,0.0758
17,Frigate,0.1521
17,Frigate,0.076
17,Frigate,0.218
17,Frigate,0.1245
17,Frigate,0.1661
17,Frigate,0.1036
17,Frigate,0.6602
17,Frigate,0.2084
17,Frigate,0.206
17,Frigate,0.0555
17,Frigate,0.0627
17,Frigate,0.1424
17,Frigate,0.0751
17,Frigate,0.2629
17,Frigate,0.065
17,Frigate,0.1338
17,Frigate,0.2485
17,Frigate,0.1024
17,Frigate,0.3612
17,Frigate,0.0683
17,Frigate,0.1381
17,Frigate,0.0391
17,Frigate,0.0927
17,Frigate,0.1388
17,Frigate,0.4059
17,Frigate,0.347
17,Frigate,0.3324
17,Frigate,0.1112
17,Frigate,0.4515
17,Frigate,0.4527
17,Frigate,0.0602
17,Frigate,0.0896
17,Frigate,0.4133
17,Frigate,0.0549
17,Frigate,0.2636
17,Frigate,0.1222
17,Frigate,0.3558
17,Frigate,0.0608
17,Frigate,0.0272
17,Frigate,0.2691
17,Frigate,0.1433
17,Frigate,0.5578
17,Frigate,0.0126
17,Frigate,0.0768
17,Frigate,0.0701
17,Frigate,0.0855
17,Frigate,0.3925
17,Frigate,0.0557
17,Frigate,0.3112
17,Frigate,0.0577
18,Amphibious transport dock,0.0296
18,Amphibious transport dock,0.0736
18,Amphibious transport dock,0.3348
18,Amphibious transport dock,0.5753
18,Amphibious transport dock,0.4131
18,Amphibious transport dock,0.1231
18,Amphibious transport dock,0.0534
18,Amphibious transport dock,0.276
18,Amphibious transport dock,0.0744
18,Amphibious transport dock,0.3918
18,Amphibious transport dock,0.2674
18,Amphibious transport dock,0.6571
18,Amphibious transport dock,0.2714
18,Amphibious transport dock,0.3207
18,Amphibious transport dock,0.0597
18,Amphibious transport dock,0.1225
18,Amphibious transport dock,0.1948
18,Amphibious transport dock,0.1034
18,Amphibious transport dock,0.1047
18,Amphibious transport dock,0.0978
18,Amphibious transport dock,0.0401
18,Amphibious transport dock,0.0242
18,Amphibious transport dock,0.3443
18,Amphibious transport dock,0.0174
18,Amphibious transport dock,0.358
18,Amphibious transport dock,0.3283
18,Amphibious transport dock,0.1106
18,Amphibious transport dock,0.0794
18,Amphibious transport dock,0.1799
18,Amphibious transport dock,0.0235
18,Amphibious transport dock,0.5324
18,Amphibious transport dock,0.0753
18,Amphibious transport dock,0.4021
18,Amphibious transport dock,0.0756
18,Amphibious transport dock,0.1913
18,Amphibious transport dock,0.5296
18,Amphibious transport dock,0.1373
18,Amphibious transport dock,0.0861
18,Amphibious transport dock,0.0646
18,Amphibious transport dock,0.088
18,Amphibious transport dock,0.3406
18,Amphibious transport dock,0.0235
18,Amphibious transport dock,0.5343
18,Amphibious transport dock,0.1294
18,Amphibious transport dock,0.0449
18,Amphibious transport dock,0.2242
18,Amphibious transport dock,0.2338
18,Amphibious transport dock,0.0993
18,Amphibious transport dock,0.3964
18,Amphibious transport dock,0.0992
18,Amphibious transport dock,0.3073
18,Amphibious transport dock,0.0736
18,Amphibious transport dock,0.1574
18,Amphibious transport dock,0.0775
18,Amphibious transport dock,0.4637
18,Amphibious transport dock,0.3389
18,Amphibious transport dock,0.1177
18,Amphibious transport dock,0.098
18,Amphibious transport dock,0.1471
18,Amphibious transport dock,0.213
18,Amphibious transport dock,0.343
18,Amphibious transport dock,0.0794
18,Amphibious transport dock,0.1071
18,Amphibious transport dock,0.0923
18,Amphibious transport dock,0.2225
18,Amphibious transport dock,0.7928
18,Amphibious transport dock,0.3541
18,Amphibious transport dock,0.1117
18,Amphibious transport dock,0.0823
18,Amphibious transport dock,0.315
18,Amphibious transport dock,0.0426
18,Amphibious transport dock,0.2639
19,Cruiser,0.1133
19,Cruiser,0.1266
19,Cruiser,0.1352
19,Cruiser,0.5389
19,Cruiser,0.105
19,Cruiser,0.1266
19,Cruiser,0.0814
19,Cruiser,0.534
19,Cruiser,0.0677
19,Cruiser,0.0986
19,Cruiser,0.0987
19,Cruiser,0.2914
19,Cruiser,0.3625
19,Cruiser,0.3039
19,Cruiser,0.0478
19,Cruiser,0.5217
19,Cruiser,0.1656
19,Cruiser,0.5309
19,Cruiser,0.2868
19,Cruiser,0.2561
19,Cruiser,0.0385
19,Cruiser,0.4347
19,Cruiser,0.1536
19,Cruiser,0.2082
19,Cruiser,0.1967
19,Cruiser,0.0716
19,Cruiser,0.074
19,Cruiser,0.3586
19,Cruiser,0.2705
19,Cruiser,0.0313
19,Cruiser,0.1972
19,Cruiser,0.4622
19,Cruiser,0.1995
19,Cruiser,0.377
19,Cruiser,0.0764
19,Cruiser,0.0865
19,Cruiser,0.0707
19,Cruiser,0.3288
19,Cruiser,0.2418
19,Cruiser,0.3688
19,Cruiser,0.3455
19,Cruiser,0.4379
19,Cruiser,0.3168
19,Cruiser,0.3716
19,Cruiser,0.1195
19,Cruiser,0.236
19,Cruiser,0.3716
19,Cruiser,0.2898
19,Cruiser,0.1129
19,Cruiser,0.1295
19,Cruiser,0.1327
19,Cruiser,0.0615
19,Cruiser,0.0845
19,Cruiser,0.4257
19,Cruiser,0.0825
19,Cruiser,0.0953
19,Cruiser,0.0554
19,Cruiser,0.2153
19,Cruiser,0.3669
19,Cruiser,0.1149
19,Cruiser,0.2818
19,Cruiser,0.2512
19,Cruiser,0.1268
19,Cruiser,0.0877
19,Cruiser,0.0159
19,Cruiser,0.3195
19,Cruiser,0.0731
19,Cruiser,0.5041
19,Cruiser,0.1235
19,Cruiser,0.1565
19,Cruiser,0.2338
19,Cruiser,0.4397
19,Cruiser,0.2604
19,Cruiser,0.0765
19,Cruiser,0.1098
19,Cruiser,0.4595
19,Cruiser,0.0732
19,Cruiser,0.264
19,Cruiser,0.2656
19,Cruiser,0.0554
19,Cruiser,0.1741
19,Cruiser,0.0861
19,Cruiser,0.1071
19,Cruiser,0.4406
19,Cruiser,0.1285
19,Cruiser,0.5882
19,Cruiser,0.0463
19,Cruiser,0.0931
19,Cruiser,0.0939
19,Cruiser,0.0938
19,Cruiser,0.0684
19,Cruiser,0.0537
19,Cruiser,0.336
19,Cruiser,0.3697
19,Cruiser,0.6854
19,Cruiser,0.6741
19,Cruiser,0.0617
19,Cruiser,0.5109
19,Cruiser,0.3551
19,Cruiser,0.1621
19,Cruiser,0.2645
19,Cruiser,0.4021
19,Cruiser,0.1373
19,Cruiser,0.0253
19,Cruiser,0.1073
19,Cruiser,0.1341
19,Cruiser,0.0794
19,Cruiser,0.1241
19,Cruiser,0.1017
19,Cruiser,0.1394
19,Cruiser,0.0589
19,Cruiser,0.6309
19,Cruiser,0.0319
19,Cruiser,0.6054
19,Cruiser,0.6107
19,Cruiser,0.4353
19,Cruiser,0.0796
19,Cruiser,0.2777
19,Cruiser,0.091
19,Cruiser,0.4175
19,Cruiser,0.0867
19,Cruiser,0.0933
19,Cruiser,0.5989
19,Cruiser,0.2654
19,Cruiser,0.0889
19,Cruiser,0.2949
19,Cruiser,0.1035
19,Cruiser,0.0743
19,Cruiser,0.5236
19,Cruiser,0.1263
19,Cruiser,0.3415
19,Cruiser,0.5068
19,Cruiser,0.0571
19,Cruiser,0.0713
19,Cruiser,0.4411
19,Cruiser,0.32
19,Cruiser,0.0371
19,Cruiser,0.4087
19,Cruiser,0.5273
19,Cruiser,0.4108
19,Cruiser,0.0623
19,Cruiser,0.4035
19,Cruiser,0.0774
19,Cruiser,0.046
19,Cruiser,0.0401
19,Cruiser,0.2315
19,Cruiser,0.0696
19,Cruiser,0.1101
19,Cruiser,0.5067
19,Cruiser,0.0688
19,Cruiser,0.6154
19,Cruiser,0.3259
19,Cruiser,0.0829
19,Cruiser,0.146
19,Cruiser,0.5391
19,Cruiser,0.1102
19,Cruiser,0.4305
19,Cruiser,0.3184
19,Cruiser,0.3524
19,Cruiser,0.3482
19,Cruiser,0.1726
19,Cruiser,0.2986
19,Cruiser,0.0957
19,Cruiser,0.6842
19,Cruiser,0.4471
19,Cruiser,0.3292
19,Cruiser,0.1456
19,Cruiser,0.562
19,Cruiser,0.1343
19,Cruiser,0.0801
19,Cruiser,0.0769
19,Cruiser,0.5565
19,Cruiser,0.2791
19,Cruiser,0.114
19,Cruiser,0.1158
19,Cruiser,0.6256
19,Cruiser,0.0973
19,Cruiser,0.0941
19,Cruiser,0.1455
19,Cruiser,0.0849
19,Cruiser,0.4062
19,Cruiser,0.0687
19,Cruiser,0.1524
19,Cruiser,0.1062
19,Cruiser,0.1001
19,Cruiser,0.0696
19,Cruiser,0.1953
19,Cruiser,0.1283
19,Cruiser,0.1361
19,Cruiser,0.2997
19,Cruiser,0.0613
19,Cruiser,0.3214
19,Cruiser,0.457
19,Cruiser,0.0352
19,Cruiser,0.2234
19,Cruiser,0.0965
19,Cruiser,0.0592
19,Cruiser,0.0744
19,Cruiser,0.4033
19,Cruiser,0.5435
19,Cruiser,0.3218
19,Cruiser,0.1433
19,Cruiser,0.4326
19,Cruiser,0.3038
19,Cruiser,0.1388
19,Cruiser,0.0765
19,Cruiser,0.214
19,Cruiser,0.062
19,Cruiser,0.2068
19,Cruiser,0.2461
19,Cruiser,0.1204
19,Cruiser,0.1115
19,Cruiser,0.0615
19,Cruiser,0.115
19,Cruiser,0.2446
19,Cruiser,0.2005
19,Cruiser,0.2728
19,Cruiser,0.3297
19,Cruiser,0.0743
19,Cruiser,0.0744
19,Cruiser,0.0962
19,Cruiser,0.1585
19,Cruiser,0.1989
19,Cruiser,0.0732
19,Cruiser,0.1235
19,Cruiser,0.0706
19,Cruiser,0.1917
19,Cruiser,0.0271
19,Cruiser,0.3644
19,Cruiser,0.1284
19,Cruiser,0.1125
19,Cruiser,0.1918
19,Cruiser,0.1408
19,Cruiser,0.3825
20,Tarawa-class amphibious assault ship,0.064
20,Tarawa-class amphibious assault ship,0.0526
20,Tarawa-class amphibious assault ship,0.1197
20,Tarawa-class amphibious assault ship,0.0852
20,Tarawa-class amphibious assault ship,0.2981
20,Tarawa-class amphibious assault ship,0.1108
20,Tarawa-class amphibious assault ship,0.1245
20,Tarawa-class amphibious assault ship,0.0238
20,Tarawa-class amphibious assault ship,0.0601
20,Tarawa-class amphibious assault ship,0.0773
20,Tarawa-class amphibious assault ship,0.1893
20,Tarawa-class amphibious assault ship,0.1194
20,Tarawa-class amphibious assault ship,0.4632
20,Tarawa-class amphibious assault ship,0.1131
20,Tarawa-class amphibious assault ship,0.0601
20,Tarawa-class amphibious assault ship,0.1184
20,Tarawa-class amphibious assault ship,0.0907
20,Tarawa-class amphibious assault ship,0.5418
20,Tarawa-class amphibious assault ship,0.0289
20,Tarawa-class amphibious assault ship,0.2224
20,Tarawa-class amphibious assault ship,0.0819
20,Tarawa-class amphibious assault ship,0.0622
20,Tarawa-class amphibious assault ship,0.0281
20,Tarawa-class amphibious assault ship,0.435
20,Tarawa-class amphibious assault ship,0.0904
20,Tarawa-class amphibious assault ship,0.4962
20,Tarawa-class amphibious assault ship,0.637
20,Tarawa-class amphibious assault ship,0.6579
20,Tarawa-class amphibious assault ship,0.6094
20,Tarawa-class amphibious assault ship,0.1437
20,Tarawa-class amphibious assault ship,0.0652
20,Tarawa-class amphibious assault ship,0.0775
20,Tarawa-class amphibious assault ship,0.4143
20,Tarawa-class amphibious assault ship,0.4291
20,Tarawa-class amphibious assault ship,0.3487
20,Tarawa-class amphibious assault ship,0.4599
20,Tarawa-class amphibious assault ship,0.1753
20,Tarawa-class amphibious assault ship,0.2011
20,Tarawa-class amphibious assault ship,0.0658
20,Tarawa-class amphibious assault ship,0.0971
20,Tarawa-class amphibious assault ship,0.0539
20,Tarawa-class amphibious assault ship,0.6017
20,Tarawa-class amphibious assault ship,0.1033
20,Tarawa-class amphibious assault ship,0.3662
20,Tarawa-class amphibious assault ship,0.1314
20,Tarawa-class amphibious assault ship,0.0519
20,Tarawa-class amphibious assault ship,0.0757
20,Tarawa-class amphibious assault ship,0.4217
20,Tarawa-class amphibious assault ship,0.0417
20,Tarawa-class amphibious assault ship,0.1849
20,Tarawa-class amphibious assault ship,0.1321
20,Tarawa-class amphibious assault ship,0.2768
20,Tarawa-class amphibious assault ship,0.1581
20,Tarawa-class amphibious assault ship,0.5418
20,Tarawa-class amphibious assault ship,0.0356
20,Tarawa-class amphibious assault ship,0.1023
20,Tarawa-class amphibious assault ship,0.3827
20,Tarawa-class amphibious assault ship,0.0926
20,Tarawa-class amphibious assault ship,0.1959
20,Tarawa-class amphibious assault ship,0.1494
20,Tarawa-class amphibious assault ship,0.1373
20,Tarawa-class amphibious assault ship,0.1978
20,Tarawa-class amphibious assault ship,0.4364
20,Tarawa-class amphibious assault ship,0.2208
20,Tarawa-class amphibious assault ship,0.0473
20,Tarawa-class amphibious assault ship,0.0244
20,Tarawa-class amphibious assault ship,0.0795
20,Tarawa-class amphibious assault ship,0.0713
20,Tarawa-class amphibious assault ship,0.0753
20,Tarawa-class amphibious assault ship,0.103
21,Amphibious assault ship,0.1496
21,Amphibious assault ship,0.6469
21,Amphibious assault ship,0.3065
21,Amphibious assault ship,0.0572
21,Amphibious assault ship,0.2279
21,Amphibious assault ship,0.0502
21,Amphibious assault ship,0.0948
21,Amphibious assault ship,0.0699
21,Amphibious assault ship,0.078
21,Amphibious assault ship,0.1844
21,Amphibious assault ship,0.7155
21,Amphibious assault ship,0.4256
21,Amphibious assault ship,0.0751
21,Amphibious assault ship,0.5804
21,Amphibious assault ship,0.2596
21,Amphibious assault ship,0.0917
21,Amphibious assault ship,0.0579
21,Amphibious assault ship,0.256
21,Amphibious assault ship,0.1315
21,Amphibious assault ship,0.0558
21,Amphibious assault ship,0.0981
21,Amphibious assault ship,0.3926
21,Amphibious assault ship,0.331
21,Amphibious assault ship,0.699
21,Amphibious assault ship,0.1121
21,Amphibious assault ship,0.5
21,Amphibious assault ship,0.0908
21,Amphibious assault ship,0.5674
21,Amphibious assault ship,0.0511
21,Amphibious assault ship,0.1798
21,Amphibious assault ship,0.1028
21,Amphibious assault ship,0.0619
21,Amphibious assault ship,0.1024
21,Amphibious assault ship,0.5888
21,Amphibious assault ship,0.0749
21,Amphibious assault ship,0.0803
21,Amphibious assault ship,0.2502
21,Amphibious assault ship,0.0497
21,Amphibious assault ship,0.3177
21,Amphibious assault ship,0.1644
21,Amphibious assault ship,0.1847
21,Amphibious assault ship,0.0596
21,Amphibious assault ship,0.1314
21,Amphibious assault ship,0.0668
21,Amphibious assault ship,0.1262
21,Amphibious assault ship,0.66
21,Amphibious assault ship,0.0987
21,Amphibious assault ship,0.1311
21,Amphibious assault ship,0.0824
21,Amphibious assault ship,0.5639
21,Amphibious assault ship,0.1044
21,Amphibious assault ship,0.1054
21,Amphibious assault ship,0.061
21,Amphibious assault ship,0.0622
21,Amphibious assault ship,0.127
21,Amphibious assault ship,0.1634
21,Amphibious assault ship,0.3933
21,Amphibious assault ship,0.5218
21,Amphibious assault ship,0.48
21,Amphibious assault ship,0.1131
21,Amphibious assault ship,0.0923
21,Amphibious assault ship,0.5964
21,Amphibious assault ship,0.3048
21,Amphibious assault ship,0.1161
21,Amphibious assault ship,0.539
21,Amphibious assault ship,0.6117
21,Amphibious assault ship,0.3035
21,Amphibious assault ship,0.2516
21,Amphibious assault ship,0.0743
21,Amphibious assault ship,0.1415
21,Amphibious assault ship,0.6001
21,Amphibious assault ship,0.0545
21,Amphibious assault ship,0.1069
21,Amphibious assault ship,0.1516
21,Amphibious assault ship,0.5802
21,Amphibious assault ship,0.0997
21,Amphibious assault ship,0.6587
21,Amphibious assault ship,0.1122
21,Amphibious assault ship,0.0674
21,Amphibious assault ship,0.3815
21,Amphibious assault ship,0.1988
21,Amphibious assault ship,0.0741
21,Amphibious assault ship,0.0293
21,Amphibious assault ship,0.1006
21,Amphibious assault ship,0.0905
21,Amphibious assault ship,0.5494
21,Amphibious assault ship,0.132
21,Amphibious assault ship,0.0248
21,Amphibious assault ship,0.0981
21,Amphibious assault ship,0.089
21,Amphibious assault ship,0.113
21,Amphibious assault ship,0.2048
21,Amphibious assault ship,0.6268
21,Amphibious assault ship,0.6094
21,Amphibious assault ship,0.2015
21,Amphibious assault ship,0.1004
21,Amphibious assault ship,0.3465
21,Amphibious assault ship,0.113
21,Amphibious assault ship,0.3534
21,Amphibious assault ship,0.4347
21,Amphibious assault ship,0.6614
21,Amphibious assault ship,0.1291
21,Amphibious assault ship,0.3924
21,Amphibious assault ship,0.0656
21,Amphibious assault ship,0.0686
21,Amphibious assault ship,0.1693
21,Amphibious assault ship,0.1637
21,Amphibious assault ship,0.3673
21,Amphibious assault ship,0.4092
21,Amphibious assault ship,0.3561
21,Amphibious assault ship,0.1451
21,Amphibious assault ship,0.0661
21,Amphibious assault ship,0.2887
21,Amphibious assault ship,0.2057
21,Amphibious assault ship,0.4039
21,Amphibious assault ship,0.0427
21,Amphibious assault ship,0.328
21,Amphibious assault ship,0.0373
21,Amphibious assault ship,0.593
21,Amphibious assault ship,0.0837
21,Amphibious assault ship,0.345
21,Amphibious assault ship,0.3532
21,Amphibious assault ship,0.0894
22,Command ship,0.0798
22,Command ship,0.106
22,Command ship,0.1916
22,Command ship,0.3888
22,Command ship,0.1029
22,Command ship,0.0459
22,Command ship,0.0986
22,Command ship,0.2198
22,Command ship,0.439
22,Command ship,0.0521
22,Command ship,0.5391
22,Command ship,0.1016
22,Command ship,0.4435
22,Command ship,0.0577
22,Command ship,0.0767
22,Command ship,0.3855
22,Command ship,0.0641
22,Command ship,0.1703
22,Command ship,0.5188
22,Command ship,0.6229
22,Command ship,0.0832
22,Command ship,0.037
22,Command ship,0.0597
22,Command ship,0.0507
22,Command ship,0.106
22,Command ship,0.1221
22,Command ship,0.2983
22,Command ship,0.4778
22,Command ship,0.444
22,Command ship,0.3533
22,Command ship,0.093
22,Command ship,0.5014
22,Command ship,0.1214
22,Command ship,0.2719
22,Command ship,0.2719
22,Command ship,0.3484
22,Command ship,0.0898
22,Command ship,0.2518
22,Command ship,0.174
22,Command ship,0.0639
22,Command ship,0.5304
22,Command ship,0.1824
22,Command ship,0.0621
22,Command ship,0.0676
22,Command ship,0.5644
22,Command ship,0.0837
22,Command ship,0.0737
22,Command ship,0.3009
22,Command ship,0.3817
22,Command ship,0.1103
22,Command ship,0.4805
22,Command ship,0.0976
22,Command ship,0.0663
22,Command ship,0.1495
22,Command ship,0.1424
22,Command ship,0.0643
22,Command ship,0.0607
22,Command ship,0.3945
22,Command ship,0.1151
22,Command ship,0.093
22,Command ship,0.1136
22,Command ship,0.0106
22,Command ship,0.039
22,Command ship,0.3195
22,Command ship,0.0896
22,Command ship,0.2801
22,Command ship,0.0734
22,Command ship,0.0838
22,Command ship,0.1537
22,Command ship,0.7504
22,Command ship,0.0285
