method,nbins_ts,model,alpha,p_threshold,cal_cov,cal_avg_size,cal_std_size,test_cov,test_avg_size,test_std_size,cal_score,test_score
global_cp,,resnet50,0.01,1.850084572652122e-06,0.991421568627451,13.224264705882351,7.812995274809825,0.9926650366748166,13.17114914425428,7.648532404385613,0.7178865864527629,0.7197154923316292
global_cp,,convnext_tiny,0.01,3.165208181599155e-05,0.991421568627451,10.028186274509803,6.225058377106842,0.982885085574572,9.816625916870416,6.065259265704065,0.7905247326203209,0.7910646810402311
global_cp,,densenet121,0.01,7.837747398298234e-05,0.991421568627451,12.196078431372548,7.145347059620683,0.9755501222493888,12.029339853300732,7.140338309967202,0.7412544563279858,0.7371082462769505
global_cp,,efficientnet_b0,0.01,1.3121717529429588e-05,0.991421568627451,10.26593137254902,6.655713251491687,0.9902200488997556,9.987775061124694,6.330160236198224,0.7851214349376114,0.7908424094243165
global_cp,,mobilenet_v3_large,0.01,2.045957080554217e-05,0.991421568627451,9.723039215686274,6.17370307413144,0.982885085574572,9.67237163814181,6.131743546526559,0.7974598930481284,0.7943431873749721
global_cp,,resnet50,0.02,4.974508192390204e-05,0.9816176470588236,9.375,7.024693517756123,0.9779951100244498,8.93643031784841,6.645864700570894,0.8004679144385027,0.8086241386974884
global_cp,,convnext_tiny,0.02,0.000188805614016,0.9803921568627452,7.232843137254902,5.203557042483755,0.9706601466992664,7.083129584352078,4.961413261787932,0.8485405525846703,0.8470771282507223
global_cp,,densenet121,0.02,0.0001740379084367,0.9803921568627452,10.661764705882351,6.876709787063068,0.9755501222493888,10.496332518337407,6.889222276529845,0.7706105169340465,0.7719493220715714
global_cp,,efficientnet_b0,0.02,7.748856296529993e-05,0.9816176470588236,7.779411764705882,5.60524448962969,0.982885085574572,7.400977995110025,5.267417328795116,0.83673128342246,0.845965770171149
global_cp,,mobilenet_v3_large,0.02,4.119663935853168e-05,0.9803921568627452,8.83578431372549,5.828215176607105,0.9779951100244498,8.76039119804401,5.822648127711138,0.8121100713012478,0.812625027783952
global_cp,,resnet50,0.03,0.0002092672657454,0.9705882352941176,7.556372549019608,6.107765032859381,0.9731051344743276,7.051344743276284,5.697849990194787,0.8362856506238859,0.8490220048899755
global_cp,,convnext_tiny,0.03,0.0003787370806094,0.9705882352941176,6.182598039215686,4.630890265699804,0.9633251833740832,6.205378973105135,4.471792904422899,0.867507798573975,0.8633585241164704
global_cp,,densenet121,0.03,0.0003840898862107,0.971813725490196,9.10906862745098,6.4465040596903,0.9682151589242054,8.853300733496333,6.410239595872729,0.8016098484848484,0.8056234718826406
global_cp,,efficientnet_b0,0.03,0.000280576670775,0.971813725490196,6.082107843137255,4.6266099866666615,0.9657701711491442,5.7799511002444985,4.371867393621046,0.8704044117647058,0.874249833296288
global_cp,,mobilenet_v3_large,0.03,0.0001282478042412,0.9705882352941176,7.492647058823529,5.203108542588221,0.9706601466992664,7.393643031784841,5.198421581681196,0.8377339572192514,0.8400200044454322
global_cp,,resnet50,0.04,0.0009035485563798,0.9620098039215688,5.748774509803922,4.9288805551571135,0.9462102689486552,5.386308068459658,4.575875391762722,0.8730782085561497,0.8734163147366081
global_cp,,convnext_tiny,0.04,0.0004860225017182,0.9607843137254902,5.824754901960785,4.396867254949216,0.960880195599022,5.880195599022005,4.306609598762936,0.8707386363636365,0.8695265614581018
global_cp,,densenet121,0.04,0.000650756934192,0.9607843137254902,8.112745098039216,5.977013991858447,0.960880195599022,7.938875305623472,6.074591869337482,0.8187388591800356,0.8227383863080684
global_cp,,efficientnet_b0,0.04,0.0004695309326051,0.9620098039215688,5.455882352941177,4.246747115262317,0.9657701711491442,5.154034229828851,3.959753360412241,0.8797348484848485,0.8884752167148255
global_cp,,mobilenet_v3_large,0.04,0.000249114789767,0.9620098039215688,6.639705882352941,4.802105050862969,0.9633251833740832,6.569682151589242,4.832047849342204,0.8528297682709448,0.8550789064236497
global_cp,,resnet50,0.05,0.0013980020303279,0.9509803921568628,5.258578431372549,4.562643721710504,0.9437652811735942,4.965770171149145,4.297605575473784,0.8787043226381462,0.8817515003334073
global_cp,,convnext_tiny,0.05,0.000746788457036,0.9509803921568628,5.268382352941177,4.044874703589381,0.9559902200488998,5.308068459657702,3.9373722743314903,0.8784815062388591,0.8800844632140477
global_cp,,densenet121,0.05,0.001284093945287,0.9522058823529412,6.859068627450981,5.275803418264173,0.9462102689486552,6.726161369193154,5.453306712568728,0.8429422905525847,0.8429651033563014
global_cp,,efficientnet_b0,0.05,0.0011795442551374,0.9509803921568628,4.477941176470588,3.537633422865116,0.9486552567237164,4.271393643031785,3.3117716756186675,0.8964460784313726,0.8999777728384085
global_cp,,mobilenet_v3_large,0.05,0.0004973612958565,0.9509803921568628,5.78921568627451,4.297201985661087,0.9535452322738386,5.816625916870415,4.320280192371923,0.866644385026738,0.8673038452989553
global_cp,,resnet50,0.06,0.0025149991270153,0.9411764705882352,4.6213235294117645,3.993244136903989,0.9339853300733496,4.3667481662591685,3.7615794343382,0.8882854278074865,0.8904756612580573
global_cp,,convnext_tiny,0.06,0.0015142360934986,0.9411764705882352,4.515931372549019,3.538013184117608,0.9511002444987776,4.530562347188264,3.370091918024156,0.8906807040998217,0.895310068904201
global_cp,,densenet121,0.06,0.002586574293673,0.9399509803921569,5.6838235294117645,4.5248362300416165,0.9242053789731052,5.471882640586797,4.578810598397463,0.8635249554367201,0.8604689931095799
global_cp,,efficientnet_b0,0.06,0.0023944058921188,0.9399509803921569,3.841911764705882,3.051019465072955,0.9364303178484108,3.689486552567237,2.8891127582431317,0.905386586452763,0.9070904645476772
global_cp,,mobilenet_v3_large,0.06,0.0008022098336367,0.9411764705882352,5.261029411764706,3.945860723989332,0.9486552567237164,5.286063569682152,3.999856174603984,0.8737466577540106,0.8769170926872638
global_cp,,resnet50,0.07,0.0045314552262425,0.9301470588235294,4.0245098039215685,3.3844664655371437,0.921760391198044,3.850855745721272,3.313631309029252,0.8963346702317291,0.8960880195599021
global_cp,,convnext_tiny,0.07,0.0022455635480581,0.931372549019608,4.120098039215686,3.2563727783161,0.9437652811735942,4.134474327628362,3.062103880736682,0.8947749554367201,0.9006445876861525
global_cp,,densenet121,0.07,0.0039254138246177,0.931372549019608,5.068627450980392,4.053651972002121,0.9119804400977995,4.823960880195599,4.082880682206199,0.8732174688057042,0.8690820182262725
global_cp,,efficientnet_b0,0.07,0.0033751705195753,0.931372549019608,3.5575980392156863,2.820018903508164,0.9290953545232272,3.4034229828850857,2.653353043248778,0.9075590463458111,0.9099244276505889
global_cp,,mobilenet_v3_large,0.07,0.0011933805653825,0.9301470588235294,4.861519607843137,3.651262781086507,0.941320293398533,4.887530562347188,3.714975788941497,0.8773117201426026,0.882307179373194
global_cp,,resnet50,0.08,0.0068260165862739,0.920343137254902,3.651960784313725,3.0102395524073198,0.9095354523227384,3.452322738386308,2.927774489985882,0.8998997326203209,0.8990331184707713
global_cp,,convnext_tiny,0.08,0.0029059036169201,0.920343137254902,3.8333333333333335,3.0261302372302046,0.938875305623472,3.8655256723716382,2.908575855939807,0.8957776292335116,0.9043120693487442
global_cp,,densenet121,0.08,0.0047380249015985,0.9215686274509804,4.785539215686274,3.83261261589153,0.902200488997555,4.574572127139365,3.903233812043047,0.8747493315508021,0.8698599688819737
global_cp,,efficientnet_b0,0.08,0.0056347986683249,0.920343137254902,3.1666666666666665,2.4895692419020903,0.9095354523227384,2.990220048899756,2.2632837068591978,0.9109291443850267,0.9095354523227384
global_cp,,mobilenet_v3_large,0.08,0.0018544500926509,0.920343137254902,4.4375,3.37599110646344,0.9266503667481664,4.427872860635697,3.3159308904243576,0.882046568627451,0.8854189819959992
global_cp,,resnet50,0.09,0.0091704735532403,0.9117647058823528,3.392156862745098,2.7799699437668965,0.902200488997555,3.2322738386308068,2.7210751485477758,0.9015151515151515,0.9003667481662592
global_cp,,convnext_tiny,0.09,0.0037875827401876,0.9105392156862744,3.5723039215686274,2.7890526721687854,0.9290953545232272,3.5965770171149143,2.715440241554007,0.8968081550802138,0.9055345632362747
global_cp,,densenet121,0.09,0.0059715108945964,0.9117647058823528,4.432598039215686,3.5629816031642583,0.8899755501222494,4.273838630806846,3.618894477406331,0.8778687611408198,0.8705823516336963
global_cp,,efficientnet_b0,0.09,0.0069631338119505,0.9117647058823528,3.0073529411764706,2.3171687511469576,0.8997555012224939,2.860635696821516,2.167640939352712,0.9102606951871657,0.9075905756834852
global_cp,,mobilenet_v3_large,0.09,0.0029620754066853,0.9117647058823528,4.015931372549019,3.01830669876337,0.9168704156479216,3.9926650366748166,2.961757061268792,0.8873384581105168,0.8904200933540787
global_cp,,resnet50,0.1,0.0117890108376741,0.9007352941176472,3.178921568627451,2.578313866433055,0.8948655256723717,3.0513447432762835,2.5581098262802877,0.9008467023172906,0.9008112913980886
global_cp,,convnext_tiny,0.1,0.00439507747069,0.9007352941176472,3.4276960784313726,2.657489490280992,0.9266503667481664,3.4621026894865525,2.586570990603008,0.8951927361853833,0.9073683040675706
global_cp,,densenet121,0.1,0.0085194818675518,0.9007352941176472,3.980392156862745,3.177699572009708,0.8753056234718827,3.843520782396088,3.2629776076195864,0.8826314616755794,0.8730273394087575
global_cp,,efficientnet_b0,0.1,0.0097358478233218,0.9007352941176472,2.7598039215686274,2.067843655796772,0.882640586797066,2.6185819070904643,1.9744065734840288,0.9103721033868093,0.9045343409646588
global_cp,,mobilenet_v3_large,0.1,0.0039396425709128,0.9007352941176472,3.7549019607843137,2.851967438906887,0.9144254278728606,3.757946210268949,2.771102931665276,0.8877562388591802,0.8945321182484998
