true_label,pred_set,pred_set_names,set_size,cloud_coverage
11,"[0, 2, 4, 5, 9, 10, 11, 17]","['Non-ship', 'Submarine', 'Combat boat', 'Auxiliary ship', 'Bulk carrier', 'Oil tanker', 'Fishing boat', 'Frigate']",8,0.4933
6,"[6, 9]","['Container ship', 'Bulk carrier']",2,0.0491
12,[12],['Destroyer'],1,0.1186
2,[2],['Submarine'],1,0.0373
17,"[2, 12, 16, 17, 19]","['Submarine', 'Destroyer', 'Landing craft', 'Frigate', 'Cruiser']",5,0.2526
12,[12],['Destroyer'],1,0.0732
19,[19],['Cruiser'],1,0.0589
13,"[0, 5, 9, 11, 13]","['Non-ship', 'Auxiliary ship', 'Bulk carrier', 'Fishing boat', 'Passenger ship']",5,0.211
21,"[0, 1, 5, 9, 12, 16, 20, 21, 22]","['Non-ship', 'Aircraft carrier', 'Auxiliary ship', 'Bulk carrier', 'Destroyer', 'Landing craft', 'Tarawa-class amphibious assault ship', 'Amphibious assault ship', 'Command ship']",9,0.6268
8,"[0, 4, 5, 8, 11, 14, 16, 20]","['Non-ship', 'Combat boat', 'Auxiliary ship', 'Hovercraft', 'Fishing boat', 'Liquefied gas ship', 'Landing craft', 'Tarawa-class amphibious assault ship']",8,0.0659
17,[17],['Frigate'],1,0.0529
17,"[2, 12, 17, 19]","['Submarine', 'Destroyer', 'Frigate', 'Cruiser']",4,0.0948
1,"[1, 21]","['Aircraft carrier', 'Amphibious assault ship']",2,0.1963
12,"[12, 19]","['Destroyer', 'Cruiser']",2,0.0403
0,[0],['Non-ship'],1,0.0554
12,[12],['Destroyer'],1,0.0351
14,"[7, 10, 12, 14, 18, 19, 21]","['Car carrier', 'Oil tanker', 'Destroyer', 'Liquefied gas ship', 'Amphibious transport dock', 'Cruiser', 'Amphibious assault ship']",7,0.4517
4,"[0, 4, 5, 9, 11]","['Non-ship', 'Combat boat', 'Auxiliary ship', 'Bulk carrier', 'Fishing boat']",5,0.2542
5,"[0, 4, 5, 8, 9, 10, 11, 12, 17]","['Non-ship', 'Combat boat', 'Auxiliary ship', 'Hovercraft', 'Bulk carrier', 'Oil tanker', 'Fishing boat', 'Destroyer', 'Frigate']",9,0.6473
19,"[12, 19, 21]","['Destroyer', 'Cruiser', 'Amphibious assault ship']",3,0.4326
10,"[0, 2, 4, 5, 8, 9, 10, 11, 12, 13, 17]","['Non-ship', 'Submarine', 'Combat boat', 'Auxiliary ship', 'Hovercraft', 'Bulk carrier', 'Oil tanker', 'Fishing boat', 'Destroyer', 'Passenger ship', 'Frigate']",11,0.6709
12,[12],['Destroyer'],1,0.0564
12,[12],['Destroyer'],1,0.1338
19,"[1, 6, 9, 10, 11, 12, 18, 19, 20, 21]","['Aircraft carrier', 'Container ship', 'Bulk carrier', 'Oil tanker', 'Fishing boat', 'Destroyer', 'Amphibious transport dock', 'Cruiser', 'Tarawa-class amphibious assault ship', 'Amphibious assault ship']",10,0.6022
5,"[0, 4, 5, 8, 9, 11]","['Non-ship', 'Combat boat', 'Auxiliary ship', 'Hovercraft', 'Bulk carrier', 'Fishing boat']",6,0.5672
5,"[4, 5]","['Combat boat', 'Auxiliary ship']",2,0.0947
5,"[5, 13]","['Auxiliary ship', 'Passenger ship']",2,0.0421
1,"[1, 9, 10, 20, 21]","['Aircraft carrier', 'Bulk carrier', 'Oil tanker', 'Tarawa-class amphibious assault ship', 'Amphibious assault ship']",5,0.5622
9,"[2, 6, 8, 9, 10, 16, 20]","['Submarine', 'Container ship', 'Hovercraft', 'Bulk carrier', 'Oil tanker', 'Landing craft', 'Tarawa-class amphibious assault ship']",7,0.0611
0,"[0, 4, 5, 8, 9, 10, 11, 13, 14]","['Non-ship', 'Combat boat', 'Auxiliary ship', 'Hovercraft', 'Bulk carrier', 'Oil tanker', 'Fishing boat', 'Passenger ship', 'Liquefied gas ship']",9,0.4183
12,[12],['Destroyer'],1,0.0352
5,"[5, 9, 10, 17]","['Auxiliary ship', 'Bulk carrier', 'Oil tanker', 'Frigate']",4,0.0634
15,[15],['Barge'],1,0.0923
19,[19],['Cruiser'],1,0.0409
0,"[0, 4, 5, 11]","['Non-ship', 'Combat boat', 'Auxiliary ship', 'Fishing boat']",4,0.0511
19,"[9, 12, 17, 18, 19, 20, 22]","['Bulk carrier', 'Destroyer', 'Frigate', 'Amphibious transport dock', 'Cruiser', 'Tarawa-class amphibious assault ship', 'Command ship']",7,0.6854
19,"[1, 2, 6, 7, 9, 12, 16, 17, 19, 20, 22]","['Aircraft carrier', 'Submarine', 'Container ship', 'Car carrier', 'Bulk carrier', 'Destroyer', 'Landing craft', 'Frigate', 'Cruiser', 'Tarawa-class amphibious assault ship', 'Command ship']",11,0.3038
11,"[4, 11]","['Combat boat', 'Fishing boat']",2,0.3022
5,"[0, 4, 5, 9]","['Non-ship', 'Combat boat', 'Auxiliary ship', 'Bulk carrier']",4,0.1992
14,[14],['Liquefied gas ship'],1,0.2152
1,"[1, 7, 21]","['Aircraft carrier', 'Car carrier', 'Amphibious assault ship']",3,0.0508
4,"[2, 5, 9, 11, 12, 16, 18]","['Submarine', 'Auxiliary ship', 'Bulk carrier', 'Fishing boat', 'Destroyer', 'Landing craft', 'Amphibious transport dock']",7,0.1799
8,"[0, 5, 8, 9, 11]","['Non-ship', 'Auxiliary ship', 'Hovercraft', 'Bulk carrier', 'Fishing boat']",5,0.0583
18,"[7, 9, 10, 12, 14, 18, 19, 22]","['Car carrier', 'Bulk carrier', 'Oil tanker', 'Destroyer', 'Liquefied gas ship', 'Amphibious transport dock', 'Cruiser', 'Command ship']",8,0.343
2,[2],['Submarine'],1,0.1976
5,"[4, 5, 9, 10, 11]","['Combat boat', 'Auxiliary ship', 'Bulk carrier', 'Oil tanker', 'Fishing boat']",5,0.1625
0,"[0, 5, 9, 13]","['Non-ship', 'Auxiliary ship', 'Bulk carrier', 'Passenger ship']",4,0.1887
18,[18],['Amphibious transport dock'],1,0.1231
20,"[2, 12, 16, 17, 20, 21]","['Submarine', 'Destroyer', 'Landing craft', 'Frigate', 'Tarawa-class amphibious assault ship', 'Amphibious assault ship']",6,0.1174
10,"[0, 9, 10, 12, 18]","['Non-ship', 'Bulk carrier', 'Oil tanker', 'Destroyer', 'Amphibious transport dock']",5,0.21
19,"[2, 12, 16, 17, 19]","['Submarine', 'Destroyer', 'Landing craft', 'Frigate', 'Cruiser']",5,0.1284
0,"[0, 4, 5, 9, 10, 11, 17]","['Non-ship', 'Combat boat', 'Auxiliary ship', 'Bulk carrier', 'Oil tanker', 'Fishing boat', 'Frigate']",7,0.0864
20,"[16, 20]","['Landing craft', 'Tarawa-class amphibious assault ship']",2,0.1849
9,"[4, 5, 9, 11]","['Combat boat', 'Auxiliary ship', 'Bulk carrier', 'Fishing boat']",4,0.0864
9,"[6, 9, 10, 12, 16, 18, 19, 20, 22]","['Container ship', 'Bulk carrier', 'Oil tanker', 'Destroyer', 'Landing craft', 'Amphibious transport dock', 'Cruiser', 'Tarawa-class amphibious assault ship', 'Command ship']",9,0.2968
5,"[0, 4, 5, 9, 11, 12, 16, 17]","['Non-ship', 'Combat boat', 'Auxiliary ship', 'Bulk carrier', 'Fishing boat', 'Destroyer', 'Landing craft', 'Frigate']",8,0.4022
2,[2],['Submarine'],1,0.0607
0,"[2, 5, 9, 11, 12, 18, 19]","['Submarine', 'Auxiliary ship', 'Bulk carrier', 'Fishing boat', 'Destroyer', 'Amphibious transport dock', 'Cruiser']",7,0.1764
5,"[0, 2, 4, 5, 8, 9, 10, 11, 13]","['Non-ship', 'Submarine', 'Combat boat', 'Auxiliary ship', 'Hovercraft', 'Bulk carrier', 'Oil tanker', 'Fishing boat', 'Passenger ship']",9,0.5528
10,"[1, 3, 9, 10, 18, 22]","['Aircraft carrier', 'Medical ship', 'Bulk carrier', 'Oil tanker', 'Amphibious transport dock', 'Command ship']",6,0.454
4,"[0, 2, 4, 5, 9, 10, 11]","['Non-ship', 'Submarine', 'Combat boat', 'Auxiliary ship', 'Bulk carrier', 'Oil tanker', 'Fishing boat']",7,0.3676
17,[17],['Frigate'],1,0.1151
0,[0],['Non-ship'],1,0.0561
0,[0],['Non-ship'],1,0.1487
5,"[0, 2, 5, 9, 12, 17, 21]","['Non-ship', 'Submarine', 'Auxiliary ship', 'Bulk carrier', 'Destroyer', 'Frigate', 'Amphibious assault ship']",7,0.5262
21,"[2, 21]","['Submarine', 'Amphibious assault ship']",2,0.2048
20,"[12, 16, 18, 20]","['Destroyer', 'Landing craft', 'Amphibious transport dock', 'Tarawa-class amphibious assault ship']",4,0.0473
4,"[4, 5]","['Combat boat', 'Auxiliary ship']",2,0.2196
7,"[0, 5, 7, 9, 12, 13, 21]","['Non-ship', 'Auxiliary ship', 'Car carrier', 'Bulk carrier', 'Destroyer', 'Passenger ship', 'Amphibious assault ship']",7,0.2659
10,"[4, 5, 9, 10, 11, 12, 17]","['Combat boat', 'Auxiliary ship', 'Bulk carrier', 'Oil tanker', 'Fishing boat', 'Destroyer', 'Frigate']",7,0.1099
12,"[9, 12]","['Bulk carrier', 'Destroyer']",2,0.5427
4,"[0, 1, 2, 4, 5, 6, 9, 10, 11, 12, 16, 17, 18, 19, 20, 21, 22]","['Non-ship', 'Aircraft carrier', 'Submarine', 'Combat boat', 'Auxiliary ship', 'Container ship', 'Bulk carrier', 'Oil tanker', 'Fishing boat', 'Destroyer', 'Landing craft', 'Frigate', 'Amphibious transport dock', 'Cruiser', 'Tarawa-class amphibious assault ship', 'Amphibious assault ship', 'Command ship']",17,0.5323
8,"[0, 1, 4, 5, 8, 9, 10, 11, 13, 21]","['Non-ship', 'Aircraft carrier', 'Combat boat', 'Auxiliary ship', 'Hovercraft', 'Bulk carrier', 'Oil tanker', 'Fishing boat', 'Passenger ship', 'Amphibious assault ship']",10,0.0556
18,"[12, 18]","['Destroyer', 'Amphibious transport dock']",2,0.1294
1,[1],['Aircraft carrier'],1,0.11
9,"[3, 6, 9, 12, 18]","['Medical ship', 'Container ship', 'Bulk carrier', 'Destroyer', 'Amphibious transport dock']",5,0.3774
19,"[9, 12, 19]","['Bulk carrier', 'Destroyer', 'Cruiser']",3,0.1129
7,"[1, 7, 9, 12, 13, 14, 18, 19]","['Aircraft carrier', 'Car carrier', 'Bulk carrier', 'Destroyer', 'Passenger ship', 'Liquefied gas ship', 'Amphibious transport dock', 'Cruiser']",8,0.055
19,"[12, 17, 19]","['Destroyer', 'Frigate', 'Cruiser']",3,0.3586
9,"[9, 11]","['Bulk carrier', 'Fishing boat']",2,0.0442
0,"[0, 5, 6, 10, 13]","['Non-ship', 'Auxiliary ship', 'Container ship', 'Oil tanker', 'Passenger ship']",5,0.0785
2,"[0, 2, 4, 9, 11, 12]","['Non-ship', 'Submarine', 'Combat boat', 'Bulk carrier', 'Fishing boat', 'Destroyer']",6,0.0972
8,"[0, 4, 5, 8, 9, 10, 11]","['Non-ship', 'Combat boat', 'Auxiliary ship', 'Hovercraft', 'Bulk carrier', 'Oil tanker', 'Fishing boat']",7,0.0683
5,"[0, 1, 2, 5, 6, 7, 9, 10, 12, 13, 17, 18, 21]","['Non-ship', 'Aircraft carrier', 'Submarine', 'Auxiliary ship', 'Container ship', 'Car carrier', 'Bulk carrier', 'Oil tanker', 'Destroyer', 'Passenger ship', 'Frigate', 'Amphibious transport dock', 'Amphibious assault ship']",13,0.5411
12,"[2, 5, 12, 17, 19]","['Submarine', 'Auxiliary ship', 'Destroyer', 'Frigate', 'Cruiser']",5,0.0999
11,"[4, 5, 9, 10, 11]","['Combat boat', 'Auxiliary ship', 'Bulk carrier', 'Oil tanker', 'Fishing boat']",5,0.0623
13,"[0, 5, 8, 9, 10, 11, 13]","['Non-ship', 'Auxiliary ship', 'Hovercraft', 'Bulk carrier', 'Oil tanker', 'Fishing boat', 'Passenger ship']",7,0.2005
0,"[0, 6, 9]","['Non-ship', 'Container ship', 'Bulk carrier']",3,0.0617
17,[17],['Frigate'],1,0.0126
2,[2],['Submarine'],1,0.2145
0,[11],['Fishing boat'],1,0.1096
0,[0],['Non-ship'],1,0.211
10,"[0, 4, 5, 9, 10, 11]","['Non-ship', 'Combat boat', 'Auxiliary ship', 'Bulk carrier', 'Oil tanker', 'Fishing boat']",6,0.1104
12,[12],['Destroyer'],1,0.1341
9,"[5, 6, 7, 9]","['Auxiliary ship', 'Container ship', 'Car carrier', 'Bulk carrier']",4,0.1109
19,"[0, 1, 3, 7, 9, 10, 12, 18, 19, 21, 22]","['Non-ship', 'Aircraft carrier', 'Medical ship', 'Car carrier', 'Bulk carrier', 'Oil tanker', 'Destroyer', 'Amphibious transport dock', 'Cruiser', 'Amphibious assault ship', 'Command ship']",11,0.5435
12,"[12, 17, 22]","['Destroyer', 'Frigate', 'Command ship']",3,0.1316
2,[2],['Submarine'],1,0.3245
22,"[2, 12, 16, 17, 20, 21, 22]","['Submarine', 'Destroyer', 'Landing craft', 'Frigate', 'Tarawa-class amphibious assault ship', 'Amphibious assault ship', 'Command ship']",7,0.1221
22,"[12, 18, 20, 22]","['Destroyer', 'Amphibious transport dock', 'Tarawa-class amphibious assault ship', 'Command ship']",4,0.3009
12,"[5, 12, 17]","['Auxiliary ship', 'Destroyer', 'Frigate']",3,0.0699
12,"[0, 11, 12, 16, 17, 19, 20]","['Non-ship', 'Fishing boat', 'Destroyer', 'Landing craft', 'Frigate', 'Cruiser', 'Tarawa-class amphibious assault ship']",7,0.307
19,"[17, 19]","['Frigate', 'Cruiser']",2,0.2791
0,"[0, 9, 11]","['Non-ship', 'Bulk carrier', 'Fishing boat']",3,0.4052
12,"[1, 5, 10, 12, 16, 17, 18, 19, 20, 21, 22]","['Aircraft carrier', 'Auxiliary ship', 'Oil tanker', 'Destroyer', 'Landing craft', 'Frigate', 'Amphibious transport dock', 'Cruiser', 'Tarawa-class amphibious assault ship', 'Amphibious assault ship', 'Command ship']",11,0.25
12,"[4, 12, 16, 17, 19, 20]","['Combat boat', 'Destroyer', 'Landing craft', 'Frigate', 'Cruiser', 'Tarawa-class amphibious assault ship']",6,0.0556
11,"[0, 2, 4, 5, 9, 10, 11, 12, 13, 17]","['Non-ship', 'Submarine', 'Combat boat', 'Auxiliary ship', 'Bulk carrier', 'Oil tanker', 'Fishing boat', 'Destroyer', 'Passenger ship', 'Frigate']",10,0.5023
8,[8],['Hovercraft'],1,0.1584
9,"[1, 3, 6, 7, 9, 10, 18, 19, 20, 21, 22]","['Aircraft carrier', 'Medical ship', 'Container ship', 'Car carrier', 'Bulk carrier', 'Oil tanker', 'Amphibious transport dock', 'Cruiser', 'Tarawa-class amphibious assault ship', 'Amphibious assault ship', 'Command ship']",11,0.5714
9,[9],['Bulk carrier'],1,0.0991
10,"[10, 14]","['Oil tanker', 'Liquefied gas ship']",2,0.1184
9,"[6, 9]","['Container ship', 'Bulk carrier']",2,0.0906
17,[17],['Frigate'],1,0.1245
0,"[0, 2, 5, 6, 7, 8, 9, 10, 12, 13]","['Non-ship', 'Submarine', 'Auxiliary ship', 'Container ship', 'Car carrier', 'Hovercraft', 'Bulk carrier', 'Oil tanker', 'Destroyer', 'Passenger ship']",10,0.6497
1,"[1, 10, 12, 16, 19, 20, 21, 22]","['Aircraft carrier', 'Oil tanker', 'Destroyer', 'Landing craft', 'Cruiser', 'Tarawa-class amphibious assault ship', 'Amphibious assault ship', 'Command ship']",8,0.6436
0,"[0, 9, 10, 12, 17]","['Non-ship', 'Bulk carrier', 'Oil tanker', 'Destroyer', 'Frigate']",5,0.1326
4,"[0, 5, 7, 9, 11, 12, 13]","['Non-ship', 'Auxiliary ship', 'Car carrier', 'Bulk carrier', 'Fishing boat', 'Destroyer', 'Passenger ship']",7,0.0602
12,"[12, 17]","['Destroyer', 'Frigate']",2,0.3689
0,"[0, 5]","['Non-ship', 'Auxiliary ship']",2,0.055
12,"[12, 17, 19]","['Destroyer', 'Frigate', 'Cruiser']",3,0.1018
1,"[1, 6, 9, 12, 18, 21]","['Aircraft carrier', 'Container ship', 'Bulk carrier', 'Destroyer', 'Amphibious transport dock', 'Amphibious assault ship']",6,0.6137
17,"[12, 17, 19]","['Destroyer', 'Frigate', 'Cruiser']",3,0.3199
6,[6],['Container ship'],1,0.2868
17,"[12, 17, 19]","['Destroyer', 'Frigate', 'Cruiser']",3,0.4133
19,"[5, 9, 10, 12, 16, 17, 18, 19, 20, 21, 22]","['Auxiliary ship', 'Bulk carrier', 'Oil tanker', 'Destroyer', 'Landing craft', 'Frigate', 'Amphibious transport dock', 'Cruiser', 'Tarawa-class amphibious assault ship', 'Amphibious assault ship', 'Command ship']",11,0.4021
2,[2],['Submarine'],1,0.0722
19,[19],['Cruiser'],1,0.1283
19,"[1, 3, 6, 8, 9, 10, 12, 17, 19, 20, 21, 22]","['Aircraft carrier', 'Medical ship', 'Container ship', 'Hovercraft', 'Bulk carrier', 'Oil tanker', 'Destroyer', 'Frigate', 'Cruiser', 'Tarawa-class amphibious assault ship', 'Amphibious assault ship', 'Command ship']",12,0.1995
12,[12],['Destroyer'],1,0.041
16,"[16, 18, 20]","['Landing craft', 'Amphibious transport dock', 'Tarawa-class amphibious assault ship']",3,0.0436
2,[2],['Submarine'],1,0.1376
11,"[4, 5]","['Combat boat', 'Auxiliary ship']",2,0.0573
2,[2],['Submarine'],1,0.0693
19,"[12, 19]","['Destroyer', 'Cruiser']",2,0.4347
0,"[0, 2, 4, 5, 8, 9, 10, 11, 12, 13, 17, 19, 20]","['Non-ship', 'Submarine', 'Combat boat', 'Auxiliary ship', 'Hovercraft', 'Bulk carrier', 'Oil tanker', 'Fishing boat', 'Destroyer', 'Passenger ship', 'Frigate', 'Cruiser', 'Tarawa-class amphibious assault ship']",13,0.6329
5,"[12, 18]","['Destroyer', 'Amphibious transport dock']",2,0.0935
22,"[1, 2, 4, 5, 7, 9, 10, 12, 14, 16, 17, 18, 19, 22]","['Aircraft carrier', 'Submarine', 'Combat boat', 'Auxiliary ship', 'Car carrier', 'Bulk carrier', 'Oil tanker', 'Destroyer', 'Liquefied gas ship', 'Landing craft', 'Frigate', 'Amphibious transport dock', 'Cruiser', 'Command ship']",14,0.4638
21,"[0, 1, 3, 7, 9, 10, 12, 17, 19, 20, 21, 22]","['Non-ship', 'Aircraft carrier', 'Medical ship', 'Car carrier', 'Bulk carrier', 'Oil tanker', 'Destroyer', 'Frigate', 'Cruiser', 'Tarawa-class amphibious assault ship', 'Amphibious assault ship', 'Command ship']",12,0.5218
9,"[5, 9, 11]","['Auxiliary ship', 'Bulk carrier', 'Fishing boat']",3,0.0367
0,[11],['Fishing boat'],1,0.0441
15,"[0, 2, 5, 8, 9, 10, 11, 13, 14, 15]","['Non-ship', 'Submarine', 'Auxiliary ship', 'Hovercraft', 'Bulk carrier', 'Oil tanker', 'Fishing boat', 'Passenger ship', 'Liquefied gas ship', 'Barge']",10,0.3801
17,"[1, 2, 4, 5, 8, 9, 12, 16, 17, 19, 20]","['Aircraft carrier', 'Submarine', 'Combat boat', 'Auxiliary ship', 'Hovercraft', 'Bulk carrier', 'Destroyer', 'Landing craft', 'Frigate', 'Cruiser', 'Tarawa-class amphibious assault ship']",11,0.2833
17,[17],['Frigate'],1,0.1037
4,"[0, 2, 4, 5, 9, 10, 11, 12, 17, 19]","['Non-ship', 'Submarine', 'Combat boat', 'Auxiliary ship', 'Bulk carrier', 'Oil tanker', 'Fishing boat', 'Destroyer', 'Frigate', 'Cruiser']",10,0.3775
0,"[0, 9, 11]","['Non-ship', 'Bulk carrier', 'Fishing boat']",3,0.5561
10,"[0, 5, 9, 10, 11]","['Non-ship', 'Auxiliary ship', 'Bulk carrier', 'Oil tanker', 'Fishing boat']",5,0.0891
13,"[0, 5, 8, 9, 10, 11, 13]","['Non-ship', 'Auxiliary ship', 'Hovercraft', 'Bulk carrier', 'Oil tanker', 'Fishing boat', 'Passenger ship']",7,0.6015
4,[4],['Combat boat'],1,0.0725
9,[9],['Bulk carrier'],1,0.1367
0,"[0, 1, 2, 4, 5, 7, 8, 9, 10, 11, 12, 13, 16, 17, 18, 19, 20, 21, 22]","['Non-ship', 'Aircraft carrier', 'Submarine', 'Combat boat', 'Auxiliary ship', 'Car carrier', 'Hovercraft', 'Bulk carrier', 'Oil tanker', 'Fishing boat', 'Destroyer', 'Passenger ship', 'Landing craft', 'Frigate', 'Amphibious transport dock', 'Cruiser', 'Tarawa-class amphibious assault ship', 'Amphibious assault ship', 'Command ship']",19,0.5933
17,"[0, 2, 5, 9, 12, 17, 18]","['Non-ship', 'Submarine', 'Auxiliary ship', 'Bulk carrier', 'Destroyer', 'Frigate', 'Amphibious transport dock']",7,0.0727
16,[16],['Landing craft'],1,0.0368
9,"[6, 9, 10]","['Container ship', 'Bulk carrier', 'Oil tanker']",3,0.109
0,"[0, 2, 6, 9, 11, 13]","['Non-ship', 'Submarine', 'Container ship', 'Bulk carrier', 'Fishing boat', 'Passenger ship']",6,0.0684
2,[2],['Submarine'],1,0.0412
4,"[0, 4, 5, 9, 10, 11, 13]","['Non-ship', 'Combat boat', 'Auxiliary ship', 'Bulk carrier', 'Oil tanker', 'Fishing boat', 'Passenger ship']",7,0.1229
2,[2],['Submarine'],1,0.3279
12,"[17, 18, 19]","['Frigate', 'Amphibious transport dock', 'Cruiser']",3,0.1568
0,"[0, 9, 11]","['Non-ship', 'Bulk carrier', 'Fishing boat']",3,0.0582
17,[17],['Frigate'],1,0.0543
4,"[4, 9]","['Combat boat', 'Bulk carrier']",2,0.0738
5,"[0, 4, 5, 9, 10, 11]","['Non-ship', 'Combat boat', 'Auxiliary ship', 'Bulk carrier', 'Oil tanker', 'Fishing boat']",6,0.1317
4,[4],['Combat boat'],1,0.0698
8,"[0, 4, 5, 8, 9, 10, 11, 13, 17]","['Non-ship', 'Combat boat', 'Auxiliary ship', 'Hovercraft', 'Bulk carrier', 'Oil tanker', 'Fishing boat', 'Passenger ship', 'Frigate']",9,0.5972
13,[13],['Passenger ship'],1,0.0706
5,"[4, 5, 9, 11, 13, 17, 18, 20]","['Combat boat', 'Auxiliary ship', 'Bulk carrier', 'Fishing boat', 'Passenger ship', 'Frigate', 'Amphibious transport dock', 'Tarawa-class amphibious assault ship']",8,0.0925
0,"[0, 4, 5, 9, 10, 11, 13]","['Non-ship', 'Combat boat', 'Auxiliary ship', 'Bulk carrier', 'Oil tanker', 'Fishing boat', 'Passenger ship']",7,0.5549
5,"[0, 2, 4, 5, 9, 10, 11, 12, 17]","['Non-ship', 'Submarine', 'Combat boat', 'Auxiliary ship', 'Bulk carrier', 'Oil tanker', 'Fishing boat', 'Destroyer', 'Frigate']",9,0.2218
8,[8],['Hovercraft'],1,0.0737
7,"[0, 1, 2, 5, 7, 9, 12, 13, 16, 17, 19, 20, 21]","['Non-ship', 'Aircraft carrier', 'Submarine', 'Auxiliary ship', 'Car carrier', 'Bulk carrier', 'Destroyer', 'Passenger ship', 'Landing craft', 'Frigate', 'Cruiser', 'Tarawa-class amphibious assault ship', 'Amphibious assault ship']",13,0.3689
5,"[0, 4, 5, 9, 10, 11, 12, 17, 20]","['Non-ship', 'Combat boat', 'Auxiliary ship', 'Bulk carrier', 'Oil tanker', 'Fishing boat', 'Destroyer', 'Frigate', 'Tarawa-class amphibious assault ship']",9,0.3831
9,"[0, 5, 8, 9, 10, 18, 22]","['Non-ship', 'Auxiliary ship', 'Hovercraft', 'Bulk carrier', 'Oil tanker', 'Amphibious transport dock', 'Command ship']",7,0.3697
4,"[4, 11]","['Combat boat', 'Fishing boat']",2,0.3658
10,"[4, 5, 9, 10, 11, 14, 19, 20]","['Combat boat', 'Auxiliary ship', 'Bulk carrier', 'Oil tanker', 'Fishing boat', 'Liquefied gas ship', 'Cruiser', 'Tarawa-class amphibious assault ship']",8,0.0965
21,[21],['Amphibious assault ship'],1,0.5
10,"[5, 6, 9, 10, 12, 18, 21]","['Auxiliary ship', 'Container ship', 'Bulk carrier', 'Oil tanker', 'Destroyer', 'Amphibious transport dock', 'Amphibious assault ship']",7,0.307
0,[0],['Non-ship'],1,0.0844
9,"[4, 5, 7, 9, 10, 11, 12, 13, 14, 17, 19, 20]","['Combat boat', 'Auxiliary ship', 'Car carrier', 'Bulk carrier', 'Oil tanker', 'Fishing boat', 'Destroyer', 'Passenger ship', 'Liquefied gas ship', 'Frigate', 'Cruiser', 'Tarawa-class amphibious assault ship']",12,0.2382
21,"[1, 2, 3, 9, 10, 12, 17, 19, 21]","['Aircraft carrier', 'Submarine', 'Medical ship', 'Bulk carrier', 'Oil tanker', 'Destroyer', 'Frigate', 'Cruiser', 'Amphibious assault ship']",9,0.5802
11,"[0, 4, 11]","['Non-ship', 'Combat boat', 'Fishing boat']",3,0.1118
12,"[12, 17, 18, 19]","['Destroyer', 'Frigate', 'Amphibious transport dock', 'Cruiser']",4,0.0919
1,[1],['Aircraft carrier'],1,0.112
20,"[2, 7, 9, 12, 19, 20]","['Submarine', 'Car carrier', 'Bulk carrier', 'Destroyer', 'Cruiser', 'Tarawa-class amphibious assault ship']",6,0.0926
21,"[1, 12, 21]","['Aircraft carrier', 'Destroyer', 'Amphibious assault ship']",3,0.48
0,"[0, 9, 11]","['Non-ship', 'Bulk carrier', 'Fishing boat']",3,0.2218
8,"[0, 8, 10, 11]","['Non-ship', 'Hovercraft', 'Oil tanker', 'Fishing boat']",4,0.1481
15,"[9, 10, 11, 14, 15]","['Bulk carrier', 'Oil tanker', 'Fishing boat', 'Liquefied gas ship', 'Barge']",5,0.1041
14,[14],['Liquefied gas ship'],1,0.0871
18,[18],['Amphibious transport dock'],1,0.0436
0,"[0, 5, 7, 9]","['Non-ship', 'Auxiliary ship', 'Car carrier', 'Bulk carrier']",4,0.061
0,"[0, 4, 8, 9, 10, 11]","['Non-ship', 'Combat boat', 'Hovercraft', 'Bulk carrier', 'Oil tanker', 'Fishing boat']",6,0.3594
0,"[0, 2, 4, 5, 8, 9, 10, 11, 12, 13, 14, 17]","['Non-ship', 'Submarine', 'Combat boat', 'Auxiliary ship', 'Hovercraft', 'Bulk carrier', 'Oil tanker', 'Fishing boat', 'Destroyer', 'Passenger ship', 'Liquefied gas ship', 'Frigate']",12,0.6393
12,"[12, 17]","['Destroyer', 'Frigate']",2,0.0832
5,"[4, 5, 9, 10, 11, 12, 18]","['Combat boat', 'Auxiliary ship', 'Bulk carrier', 'Oil tanker', 'Fishing boat', 'Destroyer', 'Amphibious transport dock']",7,0.1078
21,[21],['Amphibious assault ship'],1,0.3532
9,"[9, 18]","['Bulk carrier', 'Amphibious transport dock']",2,0.0947
7,"[1, 3, 5, 7, 10, 21, 22]","['Aircraft carrier', 'Medical ship', 'Auxiliary ship', 'Car carrier', 'Oil tanker', 'Amphibious assault ship', 'Command ship']",7,0.0809
0,"[0, 4, 5, 9, 11, 13]","['Non-ship', 'Combat boat', 'Auxiliary ship', 'Bulk carrier', 'Fishing boat', 'Passenger ship']",6,0.0443
0,"[0, 4, 5, 9, 11]","['Non-ship', 'Combat boat', 'Auxiliary ship', 'Bulk carrier', 'Fishing boat']",5,0.1407
6,[6],['Container ship'],1,0.2366
14,[14],['Liquefied gas ship'],1,0.0901
22,"[1, 7, 9, 10, 12, 16, 19, 20, 22]","['Aircraft carrier', 'Car carrier', 'Bulk carrier', 'Oil tanker', 'Destroyer', 'Landing craft', 'Cruiser', 'Tarawa-class amphibious assault ship', 'Command ship']",9,0.5304
12,[12],['Destroyer'],1,0.0913
12,"[1, 2, 5, 10, 12, 16, 17, 18, 19, 20, 21]","['Aircraft carrier', 'Submarine', 'Auxiliary ship', 'Oil tanker', 'Destroyer', 'Landing craft', 'Frigate', 'Amphibious transport dock', 'Cruiser', 'Tarawa-class amphibious assault ship', 'Amphibious assault ship']",11,0.2902
17,"[12, 17]","['Destroyer', 'Frigate']",2,0.0582
8,"[0, 2, 4, 5, 8, 9, 10, 11, 13]","['Non-ship', 'Submarine', 'Combat boat', 'Auxiliary ship', 'Hovercraft', 'Bulk carrier', 'Oil tanker', 'Fishing boat', 'Passenger ship']",9,0.1964
4,[4],['Combat boat'],1,0.0741
20,"[12, 16, 17, 19, 20, 22]","['Destroyer', 'Landing craft', 'Frigate', 'Cruiser', 'Tarawa-class amphibious assault ship', 'Command ship']",6,0.1978
8,"[5, 8]","['Auxiliary ship', 'Hovercraft']",2,0.1363
6,[6],['Container ship'],1,0.0521
9,"[5, 10, 12, 19, 20]","['Auxiliary ship', 'Oil tanker', 'Destroyer', 'Cruiser', 'Tarawa-class amphibious assault ship']",5,0.0445
11,"[4, 11]","['Combat boat', 'Fishing boat']",2,0.0626
0,"[0, 11]","['Non-ship', 'Fishing boat']",2,0.3378
12,"[12, 19]","['Destroyer', 'Cruiser']",2,0.0763
12,"[5, 12, 17, 22]","['Auxiliary ship', 'Destroyer', 'Frigate', 'Command ship']",4,0.2707
18,"[3, 9, 12, 16, 18, 22]","['Medical ship', 'Bulk carrier', 'Destroyer', 'Landing craft', 'Amphibious transport dock', 'Command ship']",6,0.5296
14,"[0, 2, 4, 5, 9, 10, 11, 13, 14, 15]","['Non-ship', 'Submarine', 'Combat boat', 'Auxiliary ship', 'Bulk carrier', 'Oil tanker', 'Fishing boat', 'Passenger ship', 'Liquefied gas ship', 'Barge']",10,0.5087
13,"[3, 6, 9, 18, 21]","['Medical ship', 'Container ship', 'Bulk carrier', 'Amphibious transport dock', 'Amphibious assault ship']",5,0.461
9,"[4, 5, 6, 9, 10, 12]","['Combat boat', 'Auxiliary ship', 'Container ship', 'Bulk carrier', 'Oil tanker', 'Destroyer']",6,0.1084
0,"[0, 4, 5, 9, 10, 11, 12, 18]","['Non-ship', 'Combat boat', 'Auxiliary ship', 'Bulk carrier', 'Oil tanker', 'Fishing boat', 'Destroyer', 'Amphibious transport dock']",8,0.0818
9,[9],['Bulk carrier'],1,0.1058
18,"[16, 18]","['Landing craft', 'Amphibious transport dock']",2,0.1071
12,[12],['Destroyer'],1,0.0421
13,"[9, 10, 11]","['Bulk carrier', 'Oil tanker', 'Fishing boat']",3,0.3214
11,"[0, 4, 5, 11]","['Non-ship', 'Combat boat', 'Auxiliary ship', 'Fishing boat']",4,0.1379
13,"[13, 14, 18, 19]","['Passenger ship', 'Liquefied gas ship', 'Amphibious transport dock', 'Cruiser']",4,0.2088
0,"[0, 9]","['Non-ship', 'Bulk carrier']",2,0.0482
9,"[11, 14]","['Fishing boat', 'Liquefied gas ship']",2,0.0641
0,"[9, 10, 11]","['Bulk carrier', 'Oil tanker', 'Fishing boat']",3,0.0558
9,"[2, 9]","['Submarine', 'Bulk carrier']",2,0.1592
19,"[0, 5, 12, 16, 17, 19, 20]","['Non-ship', 'Auxiliary ship', 'Destroyer', 'Landing craft', 'Frigate', 'Cruiser', 'Tarawa-class amphibious assault ship']",7,0.0938
12,"[1, 12, 16, 19]","['Aircraft carrier', 'Destroyer', 'Landing craft', 'Cruiser']",4,0.1348
9,"[6, 9, 10]","['Container ship', 'Bulk carrier', 'Oil tanker']",3,0.0846
2,"[1, 2, 3, 7, 8, 10, 12, 16, 17, 19, 20, 21, 22]","['Aircraft carrier', 'Submarine', 'Medical ship', 'Car carrier', 'Hovercraft', 'Oil tanker', 'Destroyer', 'Landing craft', 'Frigate', 'Cruiser', 'Tarawa-class amphibious assault ship', 'Amphibious assault ship', 'Command ship']",13,0.1476
19,"[9, 12, 19]","['Bulk carrier', 'Destroyer', 'Cruiser']",3,0.2997
16,[16],['Landing craft'],1,0.0793
1,[1],['Aircraft carrier'],1,0.1149
4,"[0, 4, 5, 8, 9, 10, 11, 13, 17]","['Non-ship', 'Combat boat', 'Auxiliary ship', 'Hovercraft', 'Bulk carrier', 'Oil tanker', 'Fishing boat', 'Passenger ship', 'Frigate']",9,0.5791
4,"[0, 4, 5, 9, 11]","['Non-ship', 'Combat boat', 'Auxiliary ship', 'Bulk carrier', 'Fishing boat']",5,0.3163
12,[12],['Destroyer'],1,0.0532
4,"[0, 4, 5, 9, 10, 11]","['Non-ship', 'Combat boat', 'Auxiliary ship', 'Bulk carrier', 'Oil tanker', 'Fishing boat']",6,0.1185
17,"[12, 17]","['Destroyer', 'Frigate']",2,0.0768
10,"[9, 10, 11]","['Bulk carrier', 'Oil tanker', 'Fishing boat']",3,0.1026
22,"[1, 9, 12, 16, 17, 18, 19, 22]","['Aircraft carrier', 'Bulk carrier', 'Destroyer', 'Landing craft', 'Frigate', 'Amphibious transport dock', 'Cruiser', 'Command ship']",8,0.706
8,"[0, 1, 2, 4, 5, 6, 7, 8, 9, 10, 11, 12, 13, 15, 16, 17, 19, 20, 21, 22]","['Non-ship', 'Aircraft carrier', 'Submarine', 'Combat boat', 'Auxiliary ship', 'Container ship', 'Car carrier', 'Hovercraft', 'Bulk carrier', 'Oil tanker', 'Fishing boat', 'Destroyer', 'Passenger ship', 'Barge', 'Landing craft', 'Frigate', 'Cruiser', 'Tarawa-class amphibious assault ship', 'Amphibious assault ship', 'Command ship']",20,0.6069
0,"[0, 2, 5, 9, 10, 11, 12, 13]","['Non-ship', 'Submarine', 'Auxiliary ship', 'Bulk carrier', 'Oil tanker', 'Fishing boat', 'Destroyer', 'Passenger ship']",8,0.087
1,[1],['Aircraft carrier'],1,0.0752
1,"[1, 5, 7, 12, 16, 19, 21]","['Aircraft carrier', 'Auxiliary ship', 'Car carrier', 'Destroyer', 'Landing craft', 'Cruiser', 'Amphibious assault ship']",7,0.4373
12,"[0, 1, 2, 3, 5, 6, 7, 9, 10, 11, 12, 14, 15, 16, 17, 18, 19, 20, 21, 22]","['Non-ship', 'Aircraft carrier', 'Submarine', 'Medical ship', 'Auxiliary ship', 'Container ship', 'Car carrier', 'Bulk carrier', 'Oil tanker', 'Fishing boat', 'Destroyer', 'Liquefied gas ship', 'Barge', 'Landing craft', 'Frigate', 'Amphibious transport dock', 'Cruiser', 'Tarawa-class amphibious assault ship', 'Amphibious assault ship', 'Command ship']",20,0.6121
4,"[0, 2, 4, 5, 8, 9, 10, 11, 12, 14, 16, 17, 19]","['Non-ship', 'Submarine', 'Combat boat', 'Auxiliary ship', 'Hovercraft', 'Bulk carrier', 'Oil tanker', 'Fishing boat', 'Destroyer', 'Liquefied gas ship', 'Landing craft', 'Frigate', 'Cruiser']",13,0.6854
15,"[11, 14, 15]","['Fishing boat', 'Liquefied gas ship', 'Barge']",3,0.1225
19,"[0, 3, 7, 9, 10, 12, 17, 19, 20, 21, 22]","['Non-ship', 'Medical ship', 'Car carrier', 'Bulk carrier', 'Oil tanker', 'Destroyer', 'Frigate', 'Cruiser', 'Tarawa-class amphibious assault ship', 'Amphibious assault ship', 'Command ship']",11,0.5882
2,[2],['Submarine'],1,0.1458
17,"[0, 1, 2, 4, 5, 7, 9, 10, 11, 12, 16, 17, 18, 19, 20, 21, 22]","['Non-ship', 'Aircraft carrier', 'Submarine', 'Combat boat', 'Auxiliary ship', 'Car carrier', 'Bulk carrier', 'Oil tanker', 'Fishing boat', 'Destroyer', 'Landing craft', 'Frigate', 'Amphibious transport dock', 'Cruiser', 'Tarawa-class amphibious assault ship', 'Amphibious assault ship', 'Command ship']",17,0.6602
8,"[0, 1, 5, 8, 9, 10, 11, 12, 17, 22]","['Non-ship', 'Aircraft carrier', 'Auxiliary ship', 'Hovercraft', 'Bulk carrier', 'Oil tanker', 'Fishing boat', 'Destroyer', 'Frigate', 'Command ship']",10,0.2845
16,"[16, 20]","['Landing craft', 'Tarawa-class amphibious assault ship']",2,0.0577
1,"[1, 6]","['Aircraft carrier', 'Container ship']",2,0.0803
1,"[1, 21]","['Aircraft carrier', 'Amphibious assault ship']",2,0.4065
2,[2],['Submarine'],1,0.1026
9,"[9, 10, 11]","['Bulk carrier', 'Oil tanker', 'Fishing boat']",3,0.3894
20,"[2, 12, 16, 17, 20, 21]","['Submarine', 'Destroyer', 'Landing craft', 'Frigate', 'Tarawa-class amphibious assault ship', 'Amphibious assault ship']",6,0.4148
12,"[0, 1, 5, 9, 12, 16, 17, 19, 20, 21]","['Non-ship', 'Aircraft carrier', 'Auxiliary ship', 'Bulk carrier', 'Destroyer', 'Landing craft', 'Frigate', 'Cruiser', 'Tarawa-class amphibious assault ship', 'Amphibious assault ship']",10,0.1604
20,"[16, 18, 20]","['Landing craft', 'Amphibious transport dock', 'Tarawa-class amphibious assault ship']",3,0.0757
19,"[4, 9, 12, 16, 17, 19, 20]","['Combat boat', 'Bulk carrier', 'Destroyer', 'Landing craft', 'Frigate', 'Cruiser', 'Tarawa-class amphibious assault ship']",7,0.3669
12,[12],['Destroyer'],1,0.0283
9,"[6, 9]","['Container ship', 'Bulk carrier']",2,0.2288
10,"[0, 2, 4, 5, 8, 9, 10, 11, 17]","['Non-ship', 'Submarine', 'Combat boat', 'Auxiliary ship', 'Hovercraft', 'Bulk carrier', 'Oil tanker', 'Fishing boat', 'Frigate']",9,0.4686
19,"[12, 19, 20]","['Destroyer', 'Cruiser', 'Tarawa-class amphibious assault ship']",3,0.3292
8,[8],['Hovercraft'],1,0.1048
1,[1],['Aircraft carrier'],1,0.1083
12,[12],['Destroyer'],1,0.196
12,"[0, 1, 4, 5, 9, 10, 11, 12, 16, 19, 20, 21, 22]","['Non-ship', 'Aircraft carrier', 'Combat boat', 'Auxiliary ship', 'Bulk carrier', 'Oil tanker', 'Fishing boat', 'Destroyer', 'Landing craft', 'Cruiser', 'Tarawa-class amphibious assault ship', 'Amphibious assault ship', 'Command ship']",13,0.6404
4,"[4, 5]","['Combat boat', 'Auxiliary ship']",2,0.1651
21,[21],['Amphibious assault ship'],1,0.1161
0,"[0, 2, 9]","['Non-ship', 'Submarine', 'Bulk carrier']",3,0.3054
12,[12],['Destroyer'],1,0.0669
9,"[1, 2, 6, 7, 9, 10, 18, 19, 20, 21, 22]","['Aircraft carrier', 'Submarine', 'Container ship', 'Car carrier', 'Bulk carrier', 'Oil tanker', 'Amphibious transport dock', 'Cruiser', 'Tarawa-class amphibious assault ship', 'Amphibious assault ship', 'Command ship']",11,0.3864
4,[4],['Combat boat'],1,0.151
2,[2],['Submarine'],1,0.0562
14,[14],['Liquefied gas ship'],1,0.219
9,"[0, 4, 5, 9, 10, 11, 12, 16, 17, 19]","['Non-ship', 'Combat boat', 'Auxiliary ship', 'Bulk carrier', 'Oil tanker', 'Fishing boat', 'Destroyer', 'Landing craft', 'Frigate', 'Cruiser']",10,0.4942
11,"[0, 4, 5, 9, 10, 11, 13]","['Non-ship', 'Combat boat', 'Auxiliary ship', 'Bulk carrier', 'Oil tanker', 'Fishing boat', 'Passenger ship']",7,0.4757
19,"[12, 19]","['Destroyer', 'Cruiser']",2,0.0698
19,"[0, 2, 3, 7, 8, 9, 10, 12, 15, 17, 19, 20, 21, 22]","['Non-ship', 'Submarine', 'Medical ship', 'Car carrier', 'Hovercraft', 'Bulk carrier', 'Oil tanker', 'Destroyer', 'Barge', 'Frigate', 'Cruiser', 'Tarawa-class amphibious assault ship', 'Amphibious assault ship', 'Command ship']",14,0.4622
10,"[0, 1, 5, 8, 9, 10, 11, 12, 16, 18, 20, 21]","['Non-ship', 'Aircraft carrier', 'Auxiliary ship', 'Hovercraft', 'Bulk carrier', 'Oil tanker', 'Fishing boat', 'Destroyer', 'Landing craft', 'Amphibious transport dock', 'Tarawa-class amphibious assault ship', 'Amphibious assault ship']",12,0.0496
0,"[0, 9, 11]","['Non-ship', 'Bulk carrier', 'Fishing boat']",3,0.0758
16,"[16, 20]","['Landing craft', 'Tarawa-class amphibious assault ship']",2,0.0895
6,"[2, 3, 6, 7, 9, 10, 11, 12, 13, 14, 18, 19]","['Submarine', 'Medical ship', 'Container ship', 'Car carrier', 'Bulk carrier', 'Oil tanker', 'Fishing boat', 'Destroyer', 'Passenger ship', 'Liquefied gas ship', 'Amphibious transport dock', 'Cruiser']",12,0.3799
0,[11],['Fishing boat'],1,0.105
22,"[12, 16, 20, 22]","['Destroyer', 'Landing craft', 'Tarawa-class amphibious assault ship', 'Command ship']",4,0.1424
12,"[5, 9, 12, 17, 18, 19]","['Auxiliary ship', 'Bulk carrier', 'Destroyer', 'Frigate', 'Amphibious transport dock', 'Cruiser']",6,0.3434
0,"[0, 2, 4, 5, 9, 10, 11, 12, 13, 14, 15, 17, 19, 22]","['Non-ship', 'Submarine', 'Combat boat', 'Auxiliary ship', 'Bulk carrier', 'Oil tanker', 'Fishing boat', 'Destroyer', 'Passenger ship', 'Liquefied gas ship', 'Barge', 'Frigate', 'Cruiser', 'Command ship']",14,0.6048
5,"[0, 2, 4, 5, 8, 9, 10, 11, 13, 14]","['Non-ship', 'Submarine', 'Combat boat', 'Auxiliary ship', 'Hovercraft', 'Bulk carrier', 'Oil tanker', 'Fishing boat', 'Passenger ship', 'Liquefied gas ship']",10,0.4248
3,"[3, 7]","['Medical ship', 'Car carrier']",2,0.2786
19,[19],['Cruiser'],1,0.1343
0,"[0, 4, 5, 9, 10, 11, 12]","['Non-ship', 'Combat boat', 'Auxiliary ship', 'Bulk carrier', 'Oil tanker', 'Fishing boat', 'Destroyer']",7,0.5161
12,"[0, 1, 2, 3, 4, 7, 9, 10, 11, 12, 16, 17, 18, 19, 20, 21, 22]","['Non-ship', 'Aircraft carrier', 'Submarine', 'Medical ship', 'Combat boat', 'Car carrier', 'Bulk carrier', 'Oil tanker', 'Fishing boat', 'Destroyer', 'Landing craft', 'Frigate', 'Amphibious transport dock', 'Cruiser', 'Tarawa-class amphibious assault ship', 'Amphibious assault ship', 'Command ship']",17,0.6983
8,"[0, 2, 5, 8, 9, 10, 13]","['Non-ship', 'Submarine', 'Auxiliary ship', 'Hovercraft', 'Bulk carrier', 'Oil tanker', 'Passenger ship']",7,0.5253
21,"[12, 21]","['Destroyer', 'Amphibious assault ship']",2,0.5326
9,"[0, 2, 9, 12]","['Non-ship', 'Submarine', 'Bulk carrier', 'Destroyer']",4,0.3745
21,[21],['Amphibious assault ship'],1,0.0751
10,"[0, 2, 4, 5, 9, 10, 11, 12, 17, 18]","['Non-ship', 'Submarine', 'Combat boat', 'Auxiliary ship', 'Bulk carrier', 'Oil tanker', 'Fishing boat', 'Destroyer', 'Frigate', 'Amphibious transport dock']",10,0.0312
18,"[12, 18, 22]","['Destroyer', 'Amphibious transport dock', 'Command ship']",3,0.0823
14,[14],['Liquefied gas ship'],1,0.2343
7,"[0, 1, 2, 7, 9, 10, 11, 12, 16, 17, 19, 20, 21, 22]","['Non-ship', 'Aircraft carrier', 'Submarine', 'Car carrier', 'Bulk carrier', 'Oil tanker', 'Fishing boat', 'Destroyer', 'Landing craft', 'Frigate', 'Cruiser', 'Tarawa-class amphibious assault ship', 'Amphibious assault ship', 'Command ship']",14,0.6245
7,"[0, 1, 5, 7, 13, 21]","['Non-ship', 'Aircraft carrier', 'Auxiliary ship', 'Car carrier', 'Passenger ship', 'Amphibious assault ship']",6,0.0686
0,"[0, 5, 7, 9, 11, 13]","['Non-ship', 'Auxiliary ship', 'Car carrier', 'Bulk carrier', 'Fishing boat', 'Passenger ship']",6,0.2233
14,"[11, 14, 15]","['Fishing boat', 'Liquefied gas ship', 'Barge']",3,0.2106
1,"[1, 3, 9, 10, 12, 18, 19, 20, 21, 22]","['Aircraft carrier', 'Medical ship', 'Bulk carrier', 'Oil tanker', 'Destroyer', 'Amphibious transport dock', 'Cruiser', 'Tarawa-class amphibious assault ship', 'Amphibious assault ship', 'Command ship']",10,0.4473
20,"[16, 20]","['Landing craft', 'Tarawa-class amphibious assault ship']",2,0.0426
22,"[1, 4, 5, 9, 10, 12, 16, 17, 18, 19, 20, 21, 22]","['Aircraft carrier', 'Combat boat', 'Auxiliary ship', 'Bulk carrier', 'Oil tanker', 'Destroyer', 'Landing craft', 'Frigate', 'Amphibious transport dock', 'Cruiser', 'Tarawa-class amphibious assault ship', 'Amphibious assault ship', 'Command ship']",13,0.1703
12,[12],['Destroyer'],1,0.1055
2,[2],['Submarine'],1,0.064
10,"[9, 10, 11]","['Bulk carrier', 'Oil tanker', 'Fishing boat']",3,0.0639
9,"[4, 9, 11]","['Combat boat', 'Bulk carrier', 'Fishing boat']",3,0.0354
13,"[2, 5, 6, 9, 12, 18]","['Submarine', 'Auxiliary ship', 'Container ship', 'Bulk carrier', 'Destroyer', 'Amphibious transport dock']",6,0.1081
21,[21],['Amphibious assault ship'],1,0.1069
5,"[4, 5, 11]","['Combat boat', 'Auxiliary ship', 'Fishing boat']",3,0.0182
19,"[12, 17, 19]","['Destroyer', 'Frigate', 'Cruiser']",3,0.0928
12,"[12, 17, 19]","['Destroyer', 'Frigate', 'Cruiser']",3,0.2885
9,"[0, 2, 8, 9, 10, 12, 18]","['Non-ship', 'Submarine', 'Hovercraft', 'Bulk carrier', 'Oil tanker', 'Destroyer', 'Amphibious transport dock']",7,0.3634
12,[12],['Destroyer'],1,0.1311
5,"[0, 2, 5, 9, 10, 11]","['Non-ship', 'Submarine', 'Auxiliary ship', 'Bulk carrier', 'Oil tanker', 'Fishing boat']",6,0.4108
1,[1],['Aircraft carrier'],1,0.0286
19,"[12, 19]","['Destroyer', 'Cruiser']",2,0.4595
17,[17],['Frigate'],1,0.1399
21,[21],['Amphibious assault ship'],1,0.1496
12,"[12, 19]","['Destroyer', 'Cruiser']",2,0.2802
0,"[0, 4, 5, 8, 9, 10, 11]","['Non-ship', 'Combat boat', 'Auxiliary ship', 'Hovercraft', 'Bulk carrier', 'Oil tanker', 'Fishing boat']",7,0.4364
0,"[9, 11]","['Bulk carrier', 'Fishing boat']",2,0.0642
0,"[0, 4, 5]","['Non-ship', 'Combat boat', 'Auxiliary ship']",3,0.1284
5,"[4, 5, 11]","['Combat boat', 'Auxiliary ship', 'Fishing boat']",3,0.106
12,"[12, 19]","['Destroyer', 'Cruiser']",2,0.1149
9,[9],['Bulk carrier'],1,0.4248
19,"[2, 9, 12, 16, 17, 19]","['Submarine', 'Bulk carrier', 'Destroyer', 'Landing craft', 'Frigate', 'Cruiser']",6,0.2153
16,[16],['Landing craft'],1,0.378
20,[20],['Tarawa-class amphibious assault ship'],1,0.0907
17,"[12, 17]","['Destroyer', 'Frigate']",2,0.0423
9,"[0, 9, 11]","['Non-ship', 'Bulk carrier', 'Fishing boat']",3,0.4571
15,"[14, 15]","['Liquefied gas ship', 'Barge']",2,0.1111
17,"[2, 9, 10, 12, 16, 17, 19, 20, 22]","['Submarine', 'Bulk carrier', 'Oil tanker', 'Destroyer', 'Landing craft', 'Frigate', 'Cruiser', 'Tarawa-class amphibious assault ship', 'Command ship']",9,0.2902
16,"[1, 12, 16, 18, 21, 22]","['Aircraft carrier', 'Destroyer', 'Landing craft', 'Amphibious transport dock', 'Amphibious assault ship', 'Command ship']",6,0.0493
12,"[4, 5, 10, 12, 17, 18, 19]","['Combat boat', 'Auxiliary ship', 'Oil tanker', 'Destroyer', 'Frigate', 'Amphibious transport dock', 'Cruiser']",7,0.2076
0,"[0, 2, 4, 5, 9, 10, 11, 12, 17, 19]","['Non-ship', 'Submarine', 'Combat boat', 'Auxiliary ship', 'Bulk carrier', 'Oil tanker', 'Fishing boat', 'Destroyer', 'Frigate', 'Cruiser']",10,0.0507
19,"[12, 19]","['Destroyer', 'Cruiser']",2,0.1295
1,[1],['Aircraft carrier'],1,0.5837
0,"[0, 4, 5, 9, 11, 13]","['Non-ship', 'Combat boat', 'Auxiliary ship', 'Bulk carrier', 'Fishing boat', 'Passenger ship']",6,0.2443
9,[9],['Bulk carrier'],1,0.1182
17,"[2, 3, 5, 9, 12, 17, 18]","['Submarine', 'Medical ship', 'Auxiliary ship', 'Bulk carrier', 'Destroyer', 'Frigate', 'Amphibious transport dock']",7,0.0942
17,"[4, 5, 12, 17, 19]","['Combat boat', 'Auxiliary ship', 'Destroyer', 'Frigate', 'Cruiser']",5,0.0484
0,"[0, 5, 6, 9, 10, 11, 12, 18]","['Non-ship', 'Auxiliary ship', 'Container ship', 'Bulk carrier', 'Oil tanker', 'Fishing boat', 'Destroyer', 'Amphibious transport dock']",8,0.376
0,[0],['Non-ship'],1,0.0387
9,"[9, 10]","['Bulk carrier', 'Oil tanker']",2,0.0467
9,"[5, 9]","['Auxiliary ship', 'Bulk carrier']",2,0.5707
19,"[12, 17, 19]","['Destroyer', 'Frigate', 'Cruiser']",3,0.0613
14,[14],['Liquefied gas ship'],1,0.2728
17,"[2, 5, 12, 16, 17, 19, 20, 22]","['Submarine', 'Auxiliary ship', 'Destroyer', 'Landing craft', 'Frigate', 'Cruiser', 'Tarawa-class amphibious assault ship', 'Command ship']",8,0.4299
11,[11],['Fishing boat'],1,0.0613
4,"[0, 4, 9, 11]","['Non-ship', 'Combat boat', 'Bulk carrier', 'Fishing boat']",4,0.1499
1,"[1, 2, 7, 12, 16, 19, 20, 21]","['Aircraft carrier', 'Submarine', 'Car carrier', 'Destroyer', 'Landing craft', 'Cruiser', 'Tarawa-class amphibious assault ship', 'Amphibious assault ship']",8,0.0926
12,"[5, 10, 12, 17, 19, 21]","['Auxiliary ship', 'Oil tanker', 'Destroyer', 'Frigate', 'Cruiser', 'Amphibious assault ship']",6,0.2542
6,"[6, 9]","['Container ship', 'Bulk carrier']",2,0.1049
13,"[13, 14]","['Passenger ship', 'Liquefied gas ship']",2,0.1637
0,"[0, 5, 13]","['Non-ship', 'Auxiliary ship', 'Passenger ship']",3,0.1113
5,"[0, 2, 5, 8, 9, 10, 11, 13]","['Non-ship', 'Submarine', 'Auxiliary ship', 'Hovercraft', 'Bulk carrier', 'Oil tanker', 'Fishing boat', 'Passenger ship']",8,0.0773
5,"[0, 4, 5, 9, 10, 11, 12, 17]","['Non-ship', 'Combat boat', 'Auxiliary ship', 'Bulk carrier', 'Oil tanker', 'Fishing boat', 'Destroyer', 'Frigate']",8,0.2562
13,[13],['Passenger ship'],1,0.1649
12,"[0, 1, 9, 12, 21]","['Non-ship', 'Aircraft carrier', 'Bulk carrier', 'Destroyer', 'Amphibious assault ship']",5,0.5889
13,"[5, 8, 9, 11, 13, 14]","['Auxiliary ship', 'Hovercraft', 'Bulk carrier', 'Fishing boat', 'Passenger ship', 'Liquefied gas ship']",6,0.0674
0,"[0, 5, 11, 13]","['Non-ship', 'Auxiliary ship', 'Fishing boat', 'Passenger ship']",4,0.2537
0,"[0, 4, 5, 9, 11, 13]","['Non-ship', 'Combat boat', 'Auxiliary ship', 'Bulk carrier', 'Fishing boat', 'Passenger ship']",6,0.3262
5,"[0, 3, 5, 7, 8, 9, 10, 12, 13, 14]","['Non-ship', 'Medical ship', 'Auxiliary ship', 'Car carrier', 'Hovercraft', 'Bulk carrier', 'Oil tanker', 'Destroyer', 'Passenger ship', 'Liquefied gas ship']",10,0.3729
0,"[12, 21]","['Destroyer', 'Amphibious assault ship']",2,0.0789
20,"[12, 16, 17, 19, 20, 22]","['Destroyer', 'Landing craft', 'Frigate', 'Cruiser', 'Tarawa-class amphibious assault ship', 'Command ship']",6,0.1437
0,[0],['Non-ship'],1,0.2288
12,[12],['Destroyer'],1,0.2011
1,"[1, 21]","['Aircraft carrier', 'Amphibious assault ship']",2,0.0794
7,[7],['Car carrier'],1,0.0702
12,"[2, 4, 10, 12, 19, 20]","['Submarine', 'Combat boat', 'Oil tanker', 'Destroyer', 'Cruiser', 'Tarawa-class amphibious assault ship']",6,0.0447
9,"[0, 1, 2, 3, 6, 7, 9, 10, 12, 18, 19, 21]","['Non-ship', 'Aircraft carrier', 'Submarine', 'Medical ship', 'Container ship', 'Car carrier', 'Bulk carrier', 'Oil tanker', 'Destroyer', 'Amphibious transport dock', 'Cruiser', 'Amphibious assault ship']",12,0.169
5,"[0, 1, 2, 4, 5, 9, 10, 12, 16, 18, 19, 20]","['Non-ship', 'Aircraft carrier', 'Submarine', 'Combat boat', 'Auxiliary ship', 'Bulk carrier', 'Oil tanker', 'Destroyer', 'Landing craft', 'Amphibious transport dock', 'Cruiser', 'Tarawa-class amphibious assault ship']",12,0.1175
9,"[0, 3, 4, 5, 6, 7, 8, 9, 10, 12, 13, 17, 18, 19, 20, 21]","['Non-ship', 'Medical ship', 'Combat boat', 'Auxiliary ship', 'Container ship', 'Car carrier', 'Hovercraft', 'Bulk carrier', 'Oil tanker', 'Destroyer', 'Passenger ship', 'Frigate', 'Amphibious transport dock', 'Cruiser', 'Tarawa-class amphibious assault ship', 'Amphibious assault ship']",16,0.5907
0,"[9, 11]","['Bulk carrier', 'Fishing boat']",2,0.2992
12,[12],['Destroyer'],1,0.0693
0,"[0, 9]","['Non-ship', 'Bulk carrier']",2,0.0966
13,"[5, 13, 14, 18, 19]","['Auxiliary ship', 'Passenger ship', 'Liquefied gas ship', 'Amphibious transport dock', 'Cruiser']",5,0.0477
12,"[5, 12, 17]","['Auxiliary ship', 'Destroyer', 'Frigate']",3,0.4961
2,[2],['Submarine'],1,0.1452
2,[2],['Submarine'],1,0.1267
5,"[4, 5]","['Combat boat', 'Auxiliary ship']",2,0.0849
12,"[0, 1, 2, 5, 7, 9, 10, 12, 16, 17, 19, 20, 21, 22]","['Non-ship', 'Aircraft carrier', 'Submarine', 'Auxiliary ship', 'Car carrier', 'Bulk carrier', 'Oil tanker', 'Destroyer', 'Landing craft', 'Frigate', 'Cruiser', 'Tarawa-class amphibious assault ship', 'Amphibious assault ship', 'Command ship']",14,0.5929
0,"[0, 2, 4, 5, 9, 10, 11, 12]","['Non-ship', 'Submarine', 'Combat boat', 'Auxiliary ship', 'Bulk carrier', 'Oil tanker', 'Fishing boat', 'Destroyer']",8,0.0369
9,"[0, 1, 2, 5, 6, 7, 9, 10, 12, 16, 17, 19, 20, 21, 22]","['Non-ship', 'Aircraft carrier', 'Submarine', 'Auxiliary ship', 'Container ship', 'Car carrier', 'Bulk carrier', 'Oil tanker', 'Destroyer', 'Landing craft', 'Frigate', 'Cruiser', 'Tarawa-class amphibious assault ship', 'Amphibious assault ship', 'Command ship']",15,0.0966
12,"[12, 19]","['Destroyer', 'Cruiser']",2,0.1355
12,[12],['Destroyer'],1,0.087
5,"[0, 4, 5, 9, 10, 12, 16, 17, 19, 20, 22]","['Non-ship', 'Combat boat', 'Auxiliary ship', 'Bulk carrier', 'Oil tanker', 'Destroyer', 'Landing craft', 'Frigate', 'Cruiser', 'Tarawa-class amphibious assault ship', 'Command ship']",11,0.3988
12,"[12, 19]","['Destroyer', 'Cruiser']",2,0.1291
17,"[12, 17]","['Destroyer', 'Frigate']",2,0.0657
12,"[12, 19]","['Destroyer', 'Cruiser']",2,0.0725
9,"[3, 6, 7, 9, 18]","['Medical ship', 'Container ship', 'Car carrier', 'Bulk carrier', 'Amphibious transport dock']",5,0.1879
21,"[1, 4, 5, 10, 11, 14, 16, 20, 21, 22]","['Aircraft carrier', 'Combat boat', 'Auxiliary ship', 'Oil tanker', 'Fishing boat', 'Liquefied gas ship', 'Landing craft', 'Tarawa-class amphibious assault ship', 'Amphibious assault ship', 'Command ship']",10,0.2932
10,"[9, 10, 11]","['Bulk carrier', 'Oil tanker', 'Fishing boat']",3,0.1095
6,"[6, 9]","['Container ship', 'Bulk carrier']",2,0.5756
12,"[12, 19]","['Destroyer', 'Cruiser']",2,0.45
17,"[0, 4, 5, 9, 11, 12, 16, 17, 19, 20, 22]","['Non-ship', 'Combat boat', 'Auxiliary ship', 'Bulk carrier', 'Fishing boat', 'Destroyer', 'Landing craft', 'Frigate', 'Cruiser', 'Tarawa-class amphibious assault ship', 'Command ship']",11,0.1188
4,"[4, 5, 9, 10, 11, 12, 18]","['Combat boat', 'Auxiliary ship', 'Bulk carrier', 'Oil tanker', 'Fishing boat', 'Destroyer', 'Amphibious transport dock']",7,0.2764
12,"[3, 12, 17, 22]","['Medical ship', 'Destroyer', 'Frigate', 'Command ship']",4,0.3296
17,[17],['Frigate'],1,0.148
2,"[0, 2, 5, 9, 10, 12]","['Non-ship', 'Submarine', 'Auxiliary ship', 'Bulk carrier', 'Oil tanker', 'Destroyer']",6,0.0786
21,[21],['Amphibious assault ship'],1,0.4092
17,[4],['Combat boat'],1,0.1712
6,[6],['Container ship'],1,0.0965
9,"[1, 3, 6, 7, 9, 10, 14, 18, 19, 20, 21, 22]","['Aircraft carrier', 'Medical ship', 'Container ship', 'Car carrier', 'Bulk carrier', 'Oil tanker', 'Liquefied gas ship', 'Amphibious transport dock', 'Cruiser', 'Tarawa-class amphibious assault ship', 'Amphibious assault ship', 'Command ship']",12,0.2799
21,"[1, 5, 16, 18, 20, 21]","['Aircraft carrier', 'Auxiliary ship', 'Landing craft', 'Amphibious transport dock', 'Tarawa-class amphibious assault ship', 'Amphibious assault ship']",6,0.0837
8,"[8, 9, 10]","['Hovercraft', 'Bulk carrier', 'Oil tanker']",3,0.1306
5,[4],['Combat boat'],1,0.0915
17,"[2, 5, 9, 10, 11, 12, 16, 17, 18, 19, 22]","['Submarine', 'Auxiliary ship', 'Bulk carrier', 'Oil tanker', 'Fishing boat', 'Destroyer', 'Landing craft', 'Frigate', 'Amphibious transport dock', 'Cruiser', 'Command ship']",11,0.5609
5,"[0, 4, 5]","['Non-ship', 'Combat boat', 'Auxiliary ship']",3,0.0922
0,"[0, 5, 9, 10, 11, 15]","['Non-ship', 'Auxiliary ship', 'Bulk carrier', 'Oil tanker', 'Fishing boat', 'Barge']",6,0.1159
19,"[12, 19]","['Destroyer', 'Cruiser']",2,0.1204
15,[15],['Barge'],1,0.0996
2,[2],['Submarine'],1,0.0387
3,"[3, 7, 9, 10, 12, 22]","['Medical ship', 'Car carrier', 'Bulk carrier', 'Oil tanker', 'Destroyer', 'Command ship']",6,0.3792
11,"[0, 4, 5, 9, 10, 11, 13]","['Non-ship', 'Combat boat', 'Auxiliary ship', 'Bulk carrier', 'Oil tanker', 'Fishing boat', 'Passenger ship']",7,0.5738
8,[8],['Hovercraft'],1,0.0676
14,"[0, 2, 4, 5, 8, 9, 10, 11, 12, 14, 15, 16, 17, 18, 19]","['Non-ship', 'Submarine', 'Combat boat', 'Auxiliary ship', 'Hovercraft', 'Bulk carrier', 'Oil tanker', 'Fishing boat', 'Destroyer', 'Liquefied gas ship', 'Barge', 'Landing craft', 'Frigate', 'Amphibious transport dock', 'Cruiser']",15,0.1494
0,[0],['Non-ship'],1,0.0723
18,"[5, 7, 9, 12, 21]","['Auxiliary ship', 'Car carrier', 'Bulk carrier', 'Destroyer', 'Amphibious assault ship']",5,0.3348
12,"[12, 19]","['Destroyer', 'Cruiser']",2,0.1092
4,"[4, 5, 9, 11]","['Combat boat', 'Auxiliary ship', 'Bulk carrier', 'Fishing boat']",4,0.0981
11,[11],['Fishing boat'],1,0.1128
1,[1],['Aircraft carrier'],1,0.0362
17,"[0, 2, 4, 5, 7, 9, 10, 12, 16, 17, 19, 20, 22]","['Non-ship', 'Submarine', 'Combat boat', 'Auxiliary ship', 'Car carrier', 'Bulk carrier', 'Oil tanker', 'Destroyer', 'Landing craft', 'Frigate', 'Cruiser', 'Tarawa-class amphibious assault ship', 'Command ship']",13,0.4221
19,[19],['Cruiser'],1,0.1158
9,"[1, 2, 6, 7, 9, 10, 18, 20, 21, 22]","['Aircraft carrier', 'Submarine', 'Container ship', 'Car carrier', 'Bulk carrier', 'Oil tanker', 'Amphibious transport dock', 'Tarawa-class amphibious assault ship', 'Amphibious assault ship', 'Command ship']",10,0.3835
7,[7],['Car carrier'],1,0.1145
12,[12],['Destroyer'],1,0.211
12,"[12, 17]","['Destroyer', 'Frigate']",2,0.1475
7,"[2, 4, 7, 9, 12, 16, 17, 19]","['Submarine', 'Combat boat', 'Car carrier', 'Bulk carrier', 'Destroyer', 'Landing craft', 'Frigate', 'Cruiser']",8,0.6726
19,[19],['Cruiser'],1,0.0253
9,"[7, 9, 10, 12, 18, 21, 22]","['Car carrier', 'Bulk carrier', 'Oil tanker', 'Destroyer', 'Amphibious transport dock', 'Amphibious assault ship', 'Command ship']",7,0.2809
9,"[0, 4, 5, 9, 10, 11, 15]","['Non-ship', 'Combat boat', 'Auxiliary ship', 'Bulk carrier', 'Oil tanker', 'Fishing boat', 'Barge']",7,0.0874
12,"[1, 9, 10, 12, 17, 18, 21, 22]","['Aircraft carrier', 'Bulk carrier', 'Oil tanker', 'Destroyer', 'Frigate', 'Amphibious transport dock', 'Amphibious assault ship', 'Command ship']",8,0.4116
10,"[10, 14]","['Oil tanker', 'Liquefied gas ship']",2,0.1877
12,"[12, 17, 19, 20, 22]","['Destroyer', 'Frigate', 'Cruiser', 'Tarawa-class amphibious assault ship', 'Command ship']",5,0.5397
9,"[0, 5, 9, 11]","['Non-ship', 'Auxiliary ship', 'Bulk carrier', 'Fishing boat']",4,0.1077
11,"[0, 2, 4, 5, 8, 9, 10, 11]","['Non-ship', 'Submarine', 'Combat boat', 'Auxiliary ship', 'Hovercraft', 'Bulk carrier', 'Oil tanker', 'Fishing boat']",8,0.3989
17,"[10, 12, 17]","['Oil tanker', 'Destroyer', 'Frigate']",3,0.0562
12,"[0, 7, 9, 12, 17, 19, 20, 22]","['Non-ship', 'Car carrier', 'Bulk carrier', 'Destroyer', 'Frigate', 'Cruiser', 'Tarawa-class amphibious assault ship', 'Command ship']",8,0.3635
0,"[0, 11]","['Non-ship', 'Fishing boat']",2,0.0691
9,"[3, 6, 9, 18]","['Medical ship', 'Container ship', 'Bulk carrier', 'Amphibious transport dock']",4,0.1833
0,"[0, 2, 9, 11]","['Non-ship', 'Submarine', 'Bulk carrier', 'Fishing boat']",4,0.0642
13,"[5, 9, 11, 13]","['Auxiliary ship', 'Bulk carrier', 'Fishing boat', 'Passenger ship']",4,0.0445
19,"[8, 9, 10, 12, 19, 20]","['Hovercraft', 'Bulk carrier', 'Oil tanker', 'Destroyer', 'Cruiser', 'Tarawa-class amphibious assault ship']",6,0.1211
19,[19],['Cruiser'],1,0.214
2,"[2, 9, 12, 17, 18]","['Submarine', 'Bulk carrier', 'Destroyer', 'Frigate', 'Amphibious transport dock']",5,0.1496
12,[12],['Destroyer'],1,0.0863
18,"[5, 12, 18, 21]","['Auxiliary ship', 'Destroyer', 'Amphibious transport dock', 'Amphibious assault ship']",4,0.0242
10,"[0, 5, 9, 10, 11, 12, 17, 18, 19]","['Non-ship', 'Auxiliary ship', 'Bulk carrier', 'Oil tanker', 'Fishing boat', 'Destroyer', 'Frigate', 'Amphibious transport dock', 'Cruiser']",9,0.2328
8,[8],['Hovercraft'],1,0.1137
12,"[6, 12, 18]","['Container ship', 'Destroyer', 'Amphibious transport dock']",3,0.1512
2,"[2, 5, 9, 10, 12, 17, 19, 20]","['Submarine', 'Auxiliary ship', 'Bulk carrier', 'Oil tanker', 'Destroyer', 'Frigate', 'Cruiser', 'Tarawa-class amphibious assault ship']",8,0.0903
16,"[2, 12, 16, 20]","['Submarine', 'Destroyer', 'Landing craft', 'Tarawa-class amphibious assault ship']",4,0.1096
0,[0],['Non-ship'],1,0.1061
13,[11],['Fishing boat'],1,0.0771
9,[11],['Fishing boat'],1,0.1192
2,"[0, 5, 9, 18]","['Non-ship', 'Auxiliary ship', 'Bulk carrier', 'Amphibious transport dock']",4,0.0769
11,[11],['Fishing boat'],1,0.1746
12,"[12, 16, 19, 20]","['Destroyer', 'Landing craft', 'Cruiser', 'Tarawa-class amphibious assault ship']",4,0.1193
2,"[2, 12]","['Submarine', 'Destroyer']",2,0.4115
5,"[5, 9, 11, 12, 17, 18, 19]","['Auxiliary ship', 'Bulk carrier', 'Fishing boat', 'Destroyer', 'Frigate', 'Amphibious transport dock', 'Cruiser']",7,0.41
2,[2],['Submarine'],1,0.3099
2,"[0, 2, 5, 9, 12, 16, 17, 18]","['Non-ship', 'Submarine', 'Auxiliary ship', 'Bulk carrier', 'Destroyer', 'Landing craft', 'Frigate', 'Amphibious transport dock']",8,0.5999
1,[1],['Aircraft carrier'],1,0.0253
17,"[4, 5, 12, 17, 19]","['Combat boat', 'Auxiliary ship', 'Destroyer', 'Frigate', 'Cruiser']",5,0.2138
7,[7],['Car carrier'],1,0.0465
0,"[0, 2, 4, 5, 9, 11, 13, 17]","['Non-ship', 'Submarine', 'Combat boat', 'Auxiliary ship', 'Bulk carrier', 'Fishing boat', 'Passenger ship', 'Frigate']",8,0.6232
19,"[2, 5, 10, 12, 16, 17, 19, 21]","['Submarine', 'Auxiliary ship', 'Oil tanker', 'Destroyer', 'Landing craft', 'Frigate', 'Cruiser', 'Amphibious assault ship']",8,0.5391
17,[17],['Frigate'],1,0.0927
22,"[1, 2, 3, 4, 5, 7, 9, 10, 11, 12, 14, 15, 16, 17, 18, 19, 21, 22]","['Aircraft carrier', 'Submarine', 'Medical ship', 'Combat boat', 'Auxiliary ship', 'Car carrier', 'Bulk carrier', 'Oil tanker', 'Fishing boat', 'Destroyer', 'Liquefied gas ship', 'Barge', 'Landing craft', 'Frigate', 'Amphibious transport dock', 'Cruiser', 'Amphibious assault ship', 'Command ship']",18,0.6461
6,"[1, 5, 6, 8, 9, 10, 12, 17, 19, 20, 21, 22]","['Aircraft carrier', 'Auxiliary ship', 'Container ship', 'Hovercraft', 'Bulk carrier', 'Oil tanker', 'Destroyer', 'Frigate', 'Cruiser', 'Tarawa-class amphibious assault ship', 'Amphibious assault ship', 'Command ship']",12,0.0982
0,"[0, 9, 12, 18, 22]","['Non-ship', 'Bulk carrier', 'Destroyer', 'Amphibious transport dock', 'Command ship']",5,0.3023
0,[0],['Non-ship'],1,0.0744
6,[6],['Container ship'],1,0.0348
9,"[0, 2, 4, 5, 9, 10, 11, 12, 13, 17]","['Non-ship', 'Submarine', 'Combat boat', 'Auxiliary ship', 'Bulk carrier', 'Oil tanker', 'Fishing boat', 'Destroyer', 'Passenger ship', 'Frigate']",10,0.5011
11,"[0, 4, 5, 9]","['Non-ship', 'Combat boat', 'Auxiliary ship', 'Bulk carrier']",4,0.4581
19,"[2, 7, 12, 16, 17, 19]","['Submarine', 'Car carrier', 'Destroyer', 'Landing craft', 'Frigate', 'Cruiser']",6,0.4035
0,"[0, 5, 13, 15]","['Non-ship', 'Auxiliary ship', 'Passenger ship', 'Barge']",4,0.1121
1,"[1, 3, 5, 7, 9, 10, 12, 17, 18, 19, 21, 22]","['Aircraft carrier', 'Medical ship', 'Auxiliary ship', 'Car carrier', 'Bulk carrier', 'Oil tanker', 'Destroyer', 'Frigate', 'Amphibious transport dock', 'Cruiser', 'Amphibious assault ship', 'Command ship']",12,0.0744
17,"[0, 1, 12, 17, 19, 20, 21]","['Non-ship', 'Aircraft carrier', 'Destroyer', 'Frigate', 'Cruiser', 'Tarawa-class amphibious assault ship', 'Amphibious assault ship']",7,0.2085
9,[9],['Bulk carrier'],1,0.0856
21,[21],['Amphibious assault ship'],1,0.0596
17,"[0, 1, 2, 5, 6, 7, 9, 12, 13, 17, 19, 20, 21]","['Non-ship', 'Aircraft carrier', 'Submarine', 'Auxiliary ship', 'Container ship', 'Car carrier', 'Bulk carrier', 'Destroyer', 'Passenger ship', 'Frigate', 'Cruiser', 'Tarawa-class amphibious assault ship', 'Amphibious assault ship']",13,0.5811
12,[12],['Destroyer'],1,0.2019
17,"[12, 17, 19]","['Destroyer', 'Frigate', 'Cruiser']",3,0.0675
13,"[9, 11]","['Bulk carrier', 'Fishing boat']",2,0.6012
19,"[1, 2, 10, 12, 16, 17, 19, 20, 21, 22]","['Aircraft carrier', 'Submarine', 'Oil tanker', 'Destroyer', 'Landing craft', 'Frigate', 'Cruiser', 'Tarawa-class amphibious assault ship', 'Amphibious assault ship', 'Command ship']",10,0.3195
9,"[0, 2, 4, 5, 9, 10, 12, 14, 16, 17, 18, 19, 20, 22]","['Non-ship', 'Submarine', 'Combat boat', 'Auxiliary ship', 'Bulk carrier', 'Oil tanker', 'Destroyer', 'Liquefied gas ship', 'Landing craft', 'Frigate', 'Amphibious transport dock', 'Cruiser', 'Tarawa-class amphibious assault ship', 'Command ship']",14,0.6554
10,"[0, 2, 5, 7, 9, 10, 12, 13, 14, 16, 17, 18, 19, 20, 21]","['Non-ship', 'Submarine', 'Auxiliary ship', 'Car carrier', 'Bulk carrier', 'Oil tanker', 'Destroyer', 'Passenger ship', 'Liquefied gas ship', 'Landing craft', 'Frigate', 'Amphibious transport dock', 'Cruiser', 'Tarawa-class amphibious assault ship', 'Amphibious assault ship']",15,0.6099
0,[11],['Fishing boat'],1,0.0592
4,"[4, 5]","['Combat boat', 'Auxiliary ship']",2,0.2029
12,"[0, 2, 3, 5, 9, 12, 16, 17, 18, 19, 20, 21, 22]","['Non-ship', 'Submarine', 'Medical ship', 'Auxiliary ship', 'Bulk carrier', 'Destroyer', 'Landing craft', 'Frigate', 'Amphibious transport dock', 'Cruiser', 'Tarawa-class amphibious assault ship', 'Amphibious assault ship', 'Command ship']",13,0.6309
21,[21],['Amphibious assault ship'],1,0.2138
19,"[9, 12, 17, 19]","['Bulk carrier', 'Destroyer', 'Frigate', 'Cruiser']",4,0.3549
2,"[0, 2, 4, 9, 10, 11, 12]","['Non-ship', 'Submarine', 'Combat boat', 'Bulk carrier', 'Oil tanker', 'Fishing boat', 'Destroyer']",7,0.1941
17,"[0, 1, 2, 7, 9, 11, 12, 16, 17, 19, 20, 22]","['Non-ship', 'Aircraft carrier', 'Submarine', 'Car carrier', 'Bulk carrier', 'Fishing boat', 'Destroyer', 'Landing craft', 'Frigate', 'Cruiser', 'Tarawa-class amphibious assault ship', 'Command ship']",12,0.3239
8,[8],['Hovercraft'],1,0.1046
10,"[1, 4, 5, 9, 10, 12, 16, 19, 20, 21, 22]","['Aircraft carrier', 'Combat boat', 'Auxiliary ship', 'Bulk carrier', 'Oil tanker', 'Destroyer', 'Landing craft', 'Cruiser', 'Tarawa-class amphibious assault ship', 'Amphibious assault ship', 'Command ship']",11,0.1355
5,"[4, 5, 11, 13]","['Combat boat', 'Auxiliary ship', 'Fishing boat', 'Passenger ship']",4,0.0914
11,"[0, 2, 4, 5, 9, 10, 11, 12]","['Non-ship', 'Submarine', 'Combat boat', 'Auxiliary ship', 'Bulk carrier', 'Oil tanker', 'Fishing boat', 'Destroyer']",8,0.248
0,"[0, 9, 11]","['Non-ship', 'Bulk carrier', 'Fishing boat']",3,0.2737
0,"[0, 11]","['Non-ship', 'Fishing boat']",2,0.09
12,"[1, 2, 3, 5, 6, 7, 9, 12, 16, 17, 18, 19, 21, 22]","['Aircraft carrier', 'Submarine', 'Medical ship', 'Auxiliary ship', 'Container ship', 'Car carrier', 'Bulk carrier', 'Destroyer', 'Landing craft', 'Frigate', 'Amphibious transport dock', 'Cruiser', 'Amphibious assault ship', 'Command ship']",14,0.3949
21,[21],['Amphibious assault ship'],1,0.0558
12,"[12, 17, 20]","['Destroyer', 'Frigate', 'Tarawa-class amphibious assault ship']",3,0.097
15,"[14, 15]","['Liquefied gas ship', 'Barge']",2,0.3205
0,[11],['Fishing boat'],1,0.3112
12,"[9, 12, 17, 22]","['Bulk carrier', 'Destroyer', 'Frigate', 'Command ship']",4,0.2964
17,[17],['Frigate'],1,0.1367
0,"[0, 13]","['Non-ship', 'Passenger ship']",2,0.1194
9,"[9, 14, 19]","['Bulk carrier', 'Liquefied gas ship', 'Cruiser']",3,0.1747
1,[1],['Aircraft carrier'],1,0.4741
21,[21],['Amphibious assault ship'],1,0.1376
12,"[12, 17, 19, 22]","['Destroyer', 'Frigate', 'Cruiser', 'Command ship']",4,0.1164
18,[12],['Destroyer'],1,0.434
19,"[1, 7, 10, 12, 16, 17, 19, 20, 21]","['Aircraft carrier', 'Car carrier', 'Oil tanker', 'Destroyer', 'Landing craft', 'Frigate', 'Cruiser', 'Tarawa-class amphibious assault ship', 'Amphibious assault ship']",9,0.562
19,"[12, 19]","['Destroyer', 'Cruiser']",2,0.0732
22,"[1, 12, 19, 20, 22]","['Aircraft carrier', 'Destroyer', 'Cruiser', 'Tarawa-class amphibious assault ship', 'Command ship']",5,0.1916
4,[4],['Combat boat'],1,0.2833
6,"[6, 9]","['Container ship', 'Bulk carrier']",2,0.2988
17,[12],['Destroyer'],1,0.2493
13,"[0, 5, 9, 11, 13, 15]","['Non-ship', 'Auxiliary ship', 'Bulk carrier', 'Fishing boat', 'Passenger ship', 'Barge']",6,0.0649
19,"[0, 1, 7, 10, 12, 16, 19, 20, 21, 22]","['Non-ship', 'Aircraft carrier', 'Car carrier', 'Oil tanker', 'Destroyer', 'Landing craft', 'Cruiser', 'Tarawa-class amphibious assault ship', 'Amphibious assault ship', 'Command ship']",10,0.4353
19,"[1, 2, 5, 10, 12, 16, 17, 19, 20, 21]","['Aircraft carrier', 'Submarine', 'Auxiliary ship', 'Oil tanker', 'Destroyer', 'Landing craft', 'Frigate', 'Cruiser', 'Tarawa-class amphibious assault ship', 'Amphibious assault ship']",10,0.1536
12,[12],['Destroyer'],1,0.1426
16,"[12, 16, 20, 22]","['Destroyer', 'Landing craft', 'Tarawa-class amphibious assault ship', 'Command ship']",4,0.1158
19,"[12, 17, 19]","['Destroyer', 'Frigate', 'Cruiser']",3,0.0554
6,[6],['Container ship'],1,0.0443
19,"[9, 12, 16, 19, 20, 22]","['Bulk carrier', 'Destroyer', 'Landing craft', 'Cruiser', 'Tarawa-class amphibious assault ship', 'Command ship']",6,0.4379
17,[17],['Frigate'],1,0.1036
17,[17],['Frigate'],1,0.0527
16,"[12, 16, 20, 22]","['Destroyer', 'Landing craft', 'Tarawa-class amphibious assault ship', 'Command ship']",4,0.3698
22,"[18, 22]","['Amphibious transport dock', 'Command ship']",2,0.0459
21,[21],['Amphibious assault ship'],1,0.0373
5,"[0, 4, 5, 9, 10, 11]","['Non-ship', 'Combat boat', 'Auxiliary ship', 'Bulk carrier', 'Oil tanker', 'Fishing boat']",6,0.2047
12,"[12, 19]","['Destroyer', 'Cruiser']",2,0.1381
1,[1],['Aircraft carrier'],1,0.1115
2,"[0, 2, 4, 5, 9, 10, 11, 12, 17, 19]","['Non-ship', 'Submarine', 'Combat boat', 'Auxiliary ship', 'Bulk carrier', 'Oil tanker', 'Fishing boat', 'Destroyer', 'Frigate', 'Cruiser']",10,0.1593
16,"[1, 12, 16, 19, 20, 21]","['Aircraft carrier', 'Destroyer', 'Landing craft', 'Cruiser', 'Tarawa-class amphibious assault ship', 'Amphibious assault ship']",6,0.0506
21,"[1, 20, 21]","['Aircraft carrier', 'Tarawa-class amphibious assault ship', 'Amphibious assault ship']",3,0.2015
4,[4],['Combat boat'],1,0.1043
0,"[0, 4, 5, 8, 9, 10, 11, 13]","['Non-ship', 'Combat boat', 'Auxiliary ship', 'Hovercraft', 'Bulk carrier', 'Oil tanker', 'Fishing boat', 'Passenger ship']",8,0.6383
16,"[1, 2, 3, 6, 7, 9, 10, 12, 16, 17, 18, 19, 20, 21, 22]","['Aircraft carrier', 'Submarine', 'Medical ship', 'Container ship', 'Car carrier', 'Bulk carrier', 'Oil tanker', 'Destroyer', 'Landing craft', 'Frigate', 'Amphibious transport dock', 'Cruiser', 'Tarawa-class amphibious assault ship', 'Amphibious assault ship', 'Command ship']",15,0.4762
10,"[0, 5, 9, 12, 17]","['Non-ship', 'Auxiliary ship', 'Bulk carrier', 'Destroyer', 'Frigate']",5,0.4649
0,"[0, 6, 13]","['Non-ship', 'Container ship', 'Passenger ship']",3,0.0501
7,[7],['Car carrier'],1,0.0443
8,"[0, 5, 8, 10, 11, 13]","['Non-ship', 'Auxiliary ship', 'Hovercraft', 'Oil tanker', 'Fishing boat', 'Passenger ship']",6,0.3243
5,"[4, 5, 10, 11]","['Combat boat', 'Auxiliary ship', 'Oil tanker', 'Fishing boat']",4,0.0615
2,[2],['Submarine'],1,0.0857
0,"[0, 9]","['Non-ship', 'Bulk carrier']",2,0.0065
19,[19],['Cruiser'],1,0.1741
2,[2],['Submarine'],1,0.0413
8,"[0, 4, 5, 8, 9, 13]","['Non-ship', 'Combat boat', 'Auxiliary ship', 'Hovercraft', 'Bulk carrier', 'Passenger ship']",6,0.5265
22,"[1, 5, 12, 16, 17, 20, 21, 22]","['Aircraft carrier', 'Auxiliary ship', 'Destroyer', 'Landing craft', 'Frigate', 'Tarawa-class amphibious assault ship', 'Amphibious assault ship', 'Command ship']",8,0.13
22,"[12, 20, 22]","['Destroyer', 'Tarawa-class amphibious assault ship', 'Command ship']",3,0.2744
18,"[1, 12, 18, 19, 21]","['Aircraft carrier', 'Destroyer', 'Amphibious transport dock', 'Cruiser', 'Amphibious assault ship']",5,0.3918
19,"[10, 11, 12, 14, 15, 16, 17, 19, 21]","['Oil tanker', 'Fishing boat', 'Destroyer', 'Liquefied gas ship', 'Barge', 'Landing craft', 'Frigate', 'Cruiser', 'Amphibious assault ship']",9,0.2446
20,"[16, 18]","['Landing craft', 'Amphibious transport dock']",2,0.435
12,"[1, 10, 12, 17, 21]","['Aircraft carrier', 'Oil tanker', 'Destroyer', 'Frigate', 'Amphibious assault ship']",5,0.2683
9,[10],['Oil tanker'],1,0.1112
17,"[1, 4, 5, 9, 11, 12, 16, 17, 19, 20, 22]","['Aircraft carrier', 'Combat boat', 'Auxiliary ship', 'Bulk carrier', 'Fishing boat', 'Destroyer', 'Landing craft', 'Frigate', 'Cruiser', 'Tarawa-class amphibious assault ship', 'Command ship']",11,0.2771
6,"[6, 9]","['Container ship', 'Bulk carrier']",2,0.2039
4,"[4, 11]","['Combat boat', 'Fishing boat']",2,0.1256
21,[21],['Amphibious assault ship'],1,0.5674
2,[2],['Submarine'],1,0.0846
19,"[1, 2, 9, 10, 12, 16, 18, 19, 20, 21, 22]","['Aircraft carrier', 'Submarine', 'Bulk carrier', 'Oil tanker', 'Destroyer', 'Landing craft', 'Amphibious transport dock', 'Cruiser', 'Tarawa-class amphibious assault ship', 'Amphibious assault ship', 'Command ship']",11,0.4175
12,"[12, 19]","['Destroyer', 'Cruiser']",2,0.1662
5,"[0, 5, 12, 21]","['Non-ship', 'Auxiliary ship', 'Destroyer', 'Amphibious assault ship']",4,0.1382
17,"[4, 5, 9, 11, 12, 14, 17, 18, 19]","['Combat boat', 'Auxiliary ship', 'Bulk carrier', 'Fishing boat', 'Destroyer', 'Liquefied gas ship', 'Frigate', 'Amphibious transport dock', 'Cruiser']",9,0.4405
14,[14],['Liquefied gas ship'],1,0.1532
19,"[12, 19, 21]","['Destroyer', 'Cruiser', 'Amphibious assault ship']",3,0.0688
8,"[4, 5, 8, 9, 10]","['Combat boat', 'Auxiliary ship', 'Hovercraft', 'Bulk carrier', 'Oil tanker']",5,0.0624
18,[18],['Amphibious transport dock'],1,0.3443
20,[20],['Tarawa-class amphibious assault ship'],1,0.4962
17,[17],['Frigate'],1,0.1222
0,"[0, 5, 21]","['Non-ship', 'Auxiliary ship', 'Amphibious assault ship']",3,0.0595
11,"[5, 9, 11]","['Auxiliary ship', 'Bulk carrier', 'Fishing boat']",3,0.2475
5,"[0, 4, 5, 9, 11, 13]","['Non-ship', 'Combat boat', 'Auxiliary ship', 'Bulk carrier', 'Fishing boat', 'Passenger ship']",6,0.1054
14,[14],['Liquefied gas ship'],1,0.0915
9,"[0, 1, 3, 5, 7, 9, 10, 12, 16, 17, 18, 19, 20, 21, 22]","['Non-ship', 'Aircraft carrier', 'Medical ship', 'Auxiliary ship', 'Car carrier', 'Bulk carrier', 'Oil tanker', 'Destroyer', 'Landing craft', 'Frigate', 'Amphibious transport dock', 'Cruiser', 'Tarawa-class amphibious assault ship', 'Amphibious assault ship', 'Command ship']",15,0.6361
14,[14],['Liquefied gas ship'],1,0.0905
9,[9],['Bulk carrier'],1,0.0483
10,"[9, 10]","['Bulk carrier', 'Oil tanker']",2,0.1044
12,[12],['Destroyer'],1,0.1523
2,"[2, 4, 5, 9, 10, 12, 17, 19]","['Submarine', 'Combat boat', 'Auxiliary ship', 'Bulk carrier', 'Oil tanker', 'Destroyer', 'Frigate', 'Cruiser']",8,0.0634
1,"[1, 9, 10, 12, 21]","['Aircraft carrier', 'Bulk carrier', 'Oil tanker', 'Destroyer', 'Amphibious assault ship']",5,0.3602
22,"[1, 12, 16, 18, 19, 21, 22]","['Aircraft carrier', 'Destroyer', 'Landing craft', 'Amphibious transport dock', 'Cruiser', 'Amphibious assault ship', 'Command ship']",7,0.4297
19,"[12, 19]","['Destroyer', 'Cruiser']",2,0.0679
1,[1],['Aircraft carrier'],1,0.1205
2,[2],['Submarine'],1,0.0698
12,[12],['Destroyer'],1,0.096
21,[21],['Amphibious assault ship'],1,0.1847
5,"[0, 4, 5, 9, 11]","['Non-ship', 'Combat boat', 'Auxiliary ship', 'Bulk carrier', 'Fishing boat']",5,0.225
18,"[2, 9, 10, 12, 21]","['Submarine', 'Bulk carrier', 'Oil tanker', 'Destroyer', 'Amphibious assault ship']",5,0.4131
17,"[0, 7, 8, 12, 16, 17, 19, 20, 21, 22]","['Non-ship', 'Car carrier', 'Hovercraft', 'Destroyer', 'Landing craft', 'Frigate', 'Cruiser', 'Tarawa-class amphibious assault ship', 'Amphibious assault ship', 'Command ship']",10,0.1962
17,"[12, 17]","['Destroyer', 'Frigate']",2,0.1502
10,[9],['Bulk carrier'],1,0.0294
7,"[0, 1, 3, 6, 7, 9, 10, 12, 18, 21, 22]","['Non-ship', 'Aircraft carrier', 'Medical ship', 'Container ship', 'Car carrier', 'Bulk carrier', 'Oil tanker', 'Destroyer', 'Amphibious transport dock', 'Amphibious assault ship', 'Command ship']",11,0.5849
1,[1],['Aircraft carrier'],1,0.1005
12,"[12, 19]","['Destroyer', 'Cruiser']",2,0.1035
9,[9],['Bulk carrier'],1,0.0953
12,"[12, 17]","['Destroyer', 'Frigate']",2,0.1203
0,"[0, 9, 12]","['Non-ship', 'Bulk carrier', 'Destroyer']",3,0.1241
1,"[1, 12, 19, 21]","['Aircraft carrier', 'Destroyer', 'Cruiser', 'Amphibious assault ship']",4,0.1033
17,[17],['Frigate'],1,0.0896
10,"[10, 14, 15]","['Oil tanker', 'Liquefied gas ship', 'Barge']",3,0.0762
8,[8],['Hovercraft'],1,0.0792
5,"[0, 9, 11]","['Non-ship', 'Bulk carrier', 'Fishing boat']",3,0.2576
9,[9],['Bulk carrier'],1,0.0701
19,[19],['Cruiser'],1,0.0941
9,"[9, 10, 11]","['Bulk carrier', 'Oil tanker', 'Fishing boat']",3,0.0994
9,"[7, 9, 10, 16, 17, 19, 20, 21, 22]","['Car carrier', 'Bulk carrier', 'Oil tanker', 'Landing craft', 'Frigate', 'Cruiser', 'Tarawa-class amphibious assault ship', 'Amphibious assault ship', 'Command ship']",9,0.1102
9,"[1, 3, 7, 9, 10, 12, 16, 17, 19, 20, 21, 22]","['Aircraft carrier', 'Medical ship', 'Car carrier', 'Bulk carrier', 'Oil tanker', 'Destroyer', 'Landing craft', 'Frigate', 'Cruiser', 'Tarawa-class amphibious assault ship', 'Amphibious assault ship', 'Command ship']",12,0.2608
5,[5],['Auxiliary ship'],1,0.2892
2,"[0, 2, 5, 12]","['Non-ship', 'Submarine', 'Auxiliary ship', 'Destroyer']",4,0.2031
6,[6],['Container ship'],1,0.1248
11,"[0, 9, 11]","['Non-ship', 'Bulk carrier', 'Fishing boat']",3,0.2967
17,"[0, 1, 2, 4, 5, 7, 9, 10, 11, 12, 16, 17, 19, 20, 21, 22]","['Non-ship', 'Aircraft carrier', 'Submarine', 'Combat boat', 'Auxiliary ship', 'Car carrier', 'Bulk carrier', 'Oil tanker', 'Fishing boat', 'Destroyer', 'Landing craft', 'Frigate', 'Cruiser', 'Tarawa-class amphibious assault ship', 'Amphibious assault ship', 'Command ship']",16,0.4861
9,"[0, 5, 9, 10, 11]","['Non-ship', 'Auxiliary ship', 'Bulk carrier', 'Oil tanker', 'Fishing boat']",5,0.0605
11,[11],['Fishing boat'],1,0.308
10,"[0, 2, 4, 5, 9, 10, 11, 13]","['Non-ship', 'Submarine', 'Combat boat', 'Auxiliary ship', 'Bulk carrier', 'Oil tanker', 'Fishing boat', 'Passenger ship']",8,0.1813
12,[12],['Destroyer'],1,0.0491
4,"[0, 3, 5, 8, 9, 10, 12, 13, 17, 18, 19]","['Non-ship', 'Medical ship', 'Auxiliary ship', 'Hovercraft', 'Bulk carrier', 'Oil tanker', 'Destroyer', 'Passenger ship', 'Frigate', 'Amphibious transport dock', 'Cruiser']",11,0.5607
7,"[7, 13, 14]","['Car carrier', 'Passenger ship', 'Liquefied gas ship']",3,0.0434
12,"[1, 3, 7, 9, 12, 16, 17, 18, 19, 21, 22]","['Aircraft carrier', 'Medical ship', 'Car carrier', 'Bulk carrier', 'Destroyer', 'Landing craft', 'Frigate', 'Amphibious transport dock', 'Cruiser', 'Amphibious assault ship', 'Command ship']",11,0.5573
17,"[12, 17]","['Destroyer', 'Frigate']",2,0.0902
2,"[0, 2, 4, 5, 9, 10, 13]","['Non-ship', 'Submarine', 'Combat boat', 'Auxiliary ship', 'Bulk carrier', 'Oil tanker', 'Passenger ship']",7,0.3299
21,"[1, 3, 8, 9, 10, 12, 16, 18, 19, 20, 21, 22]","['Aircraft carrier', 'Medical ship', 'Hovercraft', 'Bulk carrier', 'Oil tanker', 'Destroyer', 'Landing craft', 'Amphibious transport dock', 'Cruiser', 'Tarawa-class amphibious assault ship', 'Amphibious assault ship', 'Command ship']",12,0.5888
12,"[12, 22]","['Destroyer', 'Command ship']",2,0.4549
9,"[4, 5, 8, 9, 11, 14]","['Combat boat', 'Auxiliary ship', 'Hovercraft', 'Bulk carrier', 'Fishing boat', 'Liquefied gas ship']",6,0.4214
0,"[0, 11]","['Non-ship', 'Fishing boat']",2,0.2517
15,"[0, 2, 4, 5, 9, 10, 11, 12, 13, 14, 15, 16, 17, 18, 19]","['Non-ship', 'Submarine', 'Combat boat', 'Auxiliary ship', 'Bulk carrier', 'Oil tanker', 'Fishing boat', 'Destroyer', 'Passenger ship', 'Liquefied gas ship', 'Barge', 'Landing craft', 'Frigate', 'Amphibious transport dock', 'Cruiser']",15,0.686
17,[17],['Frigate'],1,0.1634
0,"[0, 9, 11]","['Non-ship', 'Bulk carrier', 'Fishing boat']",3,0.0763
16,"[1, 5, 7, 9, 10, 12, 16, 17, 18, 19, 20, 21, 22]","['Aircraft carrier', 'Auxiliary ship', 'Car carrier', 'Bulk carrier', 'Oil tanker', 'Destroyer', 'Landing craft', 'Frigate', 'Amphibious transport dock', 'Cruiser', 'Tarawa-class amphibious assault ship', 'Amphibious assault ship', 'Command ship']",13,0.1267
16,"[1, 10, 12, 16, 17, 19, 20, 22]","['Aircraft carrier', 'Oil tanker', 'Destroyer', 'Landing craft', 'Frigate', 'Cruiser', 'Tarawa-class amphibious assault ship', 'Command ship']",8,0.58
0,"[0, 9, 11]","['Non-ship', 'Bulk carrier', 'Fishing boat']",3,0.0719
14,[14],['Liquefied gas ship'],1,0.4787
19,"[0, 1, 4, 5, 6, 7, 9, 10, 12, 16, 18, 19, 20, 21, 22]","['Non-ship', 'Aircraft carrier', 'Combat boat', 'Auxiliary ship', 'Container ship', 'Car carrier', 'Bulk carrier', 'Oil tanker', 'Destroyer', 'Landing craft', 'Amphibious transport dock', 'Cruiser', 'Tarawa-class amphibious assault ship', 'Amphibious assault ship', 'Command ship']",15,0.457
17,"[12, 17]","['Destroyer', 'Frigate']",2,0.4541
17,"[1, 7, 9, 10, 11, 12, 13, 14, 16, 17, 18, 19, 20, 21, 22]","['Aircraft carrier', 'Car carrier', 'Bulk carrier', 'Oil tanker', 'Fishing boat', 'Destroyer', 'Passenger ship', 'Liquefied gas ship', 'Landing craft', 'Frigate', 'Amphibious transport dock', 'Cruiser', 'Tarawa-class amphibious assault ship', 'Amphibious assault ship', 'Command ship']",15,0.5578
19,"[12, 17, 19]","['Destroyer', 'Frigate', 'Cruiser']",3,0.0922
12,[12],['Destroyer'],1,0.0467
14,[14],['Liquefied gas ship'],1,0.4272
2,"[0, 4, 9, 10, 11]","['Non-ship', 'Combat boat', 'Bulk carrier', 'Oil tanker', 'Fishing boat']",5,0.099
17,[17],['Frigate'],1,0.0477
0,"[0, 5, 9, 11, 13]","['Non-ship', 'Auxiliary ship', 'Bulk carrier', 'Fishing boat', 'Passenger ship']",5,0.4749
17,"[0, 2, 5, 9, 12, 16, 17, 18, 21]","['Non-ship', 'Submarine', 'Auxiliary ship', 'Bulk carrier', 'Destroyer', 'Landing craft', 'Frigate', 'Amphibious transport dock', 'Amphibious assault ship']",9,0.394
9,[9],['Bulk carrier'],1,0.4871
21,[21],['Amphibious assault ship'],1,0.3924
12,"[12, 17]","['Destroyer', 'Frigate']",2,0.1122
18,"[1, 12, 16, 18, 19, 20, 21, 22]","['Aircraft carrier', 'Destroyer', 'Landing craft', 'Amphibious transport dock', 'Cruiser', 'Tarawa-class amphibious assault ship', 'Amphibious assault ship', 'Command ship']",8,0.169
6,[6],['Container ship'],1,0.0714
2,[2],['Submarine'],1,0.329
6,"[6, 9]","['Container ship', 'Bulk carrier']",2,0.4326
17,"[4, 5]","['Combat boat', 'Auxiliary ship']",2,0.0966
6,"[6, 9, 18]","['Container ship', 'Bulk carrier', 'Amphibious transport dock']",3,0.2579
12,"[5, 9, 12, 17]","['Auxiliary ship', 'Bulk carrier', 'Destroyer', 'Frigate']",4,0.1422
10,"[8, 10]","['Hovercraft', 'Oil tanker']",2,0.0512
17,[17],['Frigate'],1,0.0549
0,"[9, 11]","['Bulk carrier', 'Fishing boat']",2,0.0933
5,"[0, 4, 5, 9, 11]","['Non-ship', 'Combat boat', 'Auxiliary ship', 'Bulk carrier', 'Fishing boat']",5,0.1476
21,[21],['Amphibious assault ship'],1,0.0905
1,[1],['Aircraft carrier'],1,0.1603
19,"[9, 10, 12, 16, 17, 19, 20]","['Bulk carrier', 'Oil tanker', 'Destroyer', 'Landing craft', 'Frigate', 'Cruiser', 'Tarawa-class amphibious assault ship']",7,0.336
9,"[2, 5, 6, 9, 11, 12, 17, 21]","['Submarine', 'Auxiliary ship', 'Container ship', 'Bulk carrier', 'Fishing boat', 'Destroyer', 'Frigate', 'Amphibious assault ship']",8,0.401
12,"[12, 17]","['Destroyer', 'Frigate']",2,0.1474
10,[10],['Oil tanker'],1,0.028
0,[0],['Non-ship'],1,0.0357
3,[3],['Medical ship'],1,0.0765
1,"[1, 2, 4, 7, 9, 10, 12, 16, 19, 20, 21]","['Aircraft carrier', 'Submarine', 'Combat boat', 'Car carrier', 'Bulk carrier', 'Oil tanker', 'Destroyer', 'Landing craft', 'Cruiser', 'Tarawa-class amphibious assault ship', 'Amphibious assault ship']",11,0.4276
21,"[1, 21]","['Aircraft carrier', 'Amphibious assault ship']",2,0.345
0,"[0, 4, 5]","['Non-ship', 'Combat boat', 'Auxiliary ship']",3,0.0336
20,"[12, 17, 20]","['Destroyer', 'Frigate', 'Tarawa-class amphibious assault ship']",3,0.1245
4,[4],['Combat boat'],1,0.0771
0,"[0, 4, 5, 8, 9, 10, 11, 13, 17]","['Non-ship', 'Combat boat', 'Auxiliary ship', 'Hovercraft', 'Bulk carrier', 'Oil tanker', 'Fishing boat', 'Passenger ship', 'Frigate']",9,0.6332
0,"[0, 5, 9, 13]","['Non-ship', 'Auxiliary ship', 'Bulk carrier', 'Passenger ship']",4,0.1469
16,[20],['Tarawa-class amphibious assault ship'],1,0.0802
0,"[0, 2, 4, 5, 9, 11, 12, 17]","['Non-ship', 'Submarine', 'Combat boat', 'Auxiliary ship', 'Bulk carrier', 'Fishing boat', 'Destroyer', 'Frigate']",8,0.6122
0,[0],['Non-ship'],1,0.2652
12,"[12, 19]","['Destroyer', 'Cruiser']",2,0.0854
13,"[4, 5, 8, 9, 10, 11, 13]","['Combat boat', 'Auxiliary ship', 'Hovercraft', 'Bulk carrier', 'Oil tanker', 'Fishing boat', 'Passenger ship']",7,0.1099
10,"[0, 9, 10, 11, 12]","['Non-ship', 'Bulk carrier', 'Oil tanker', 'Fishing boat', 'Destroyer']",5,0.1502
0,"[4, 5, 9, 10, 14]","['Combat boat', 'Auxiliary ship', 'Bulk carrier', 'Oil tanker', 'Liquefied gas ship']",5,0.1078
17,"[12, 17]","['Destroyer', 'Frigate']",2,0.1524
10,"[0, 5, 9, 10]","['Non-ship', 'Auxiliary ship', 'Bulk carrier', 'Oil tanker']",4,0.2681
22,"[5, 12, 16, 17, 20, 21, 22]","['Auxiliary ship', 'Destroyer', 'Landing craft', 'Frigate', 'Tarawa-class amphibious assault ship', 'Amphibious assault ship', 'Command ship']",7,0.0521
1,"[1, 12, 16, 17, 19, 21]","['Aircraft carrier', 'Destroyer', 'Landing craft', 'Frigate', 'Cruiser', 'Amphibious assault ship']",6,0.067
9,"[0, 1, 2, 4, 5, 6, 7, 8, 9, 10, 11, 12, 13, 16, 17, 19, 20, 21]","['Non-ship', 'Aircraft carrier', 'Submarine', 'Combat boat', 'Auxiliary ship', 'Container ship', 'Car carrier', 'Hovercraft', 'Bulk carrier', 'Oil tanker', 'Fishing boat', 'Destroyer', 'Passenger ship', 'Landing craft', 'Frigate', 'Cruiser', 'Tarawa-class amphibious assault ship', 'Amphibious assault ship']",18,0.6639
12,"[0, 2, 10, 12, 16, 19, 20]","['Non-ship', 'Submarine', 'Oil tanker', 'Destroyer', 'Landing craft', 'Cruiser', 'Tarawa-class amphibious assault ship']",7,0.2935
19,"[2, 10, 12, 16, 17, 19, 20]","['Submarine', 'Oil tanker', 'Destroyer', 'Landing craft', 'Frigate', 'Cruiser', 'Tarawa-class amphibious assault ship']",7,0.0159
12,"[12, 19]","['Destroyer', 'Cruiser']",2,0.0427
6,"[1, 6, 7, 9, 10, 12, 18, 21]","['Aircraft carrier', 'Container ship', 'Car carrier', 'Bulk carrier', 'Oil tanker', 'Destroyer', 'Amphibious transport dock', 'Amphibious assault ship']",8,0.5098
10,"[10, 14, 15]","['Oil tanker', 'Liquefied gas ship', 'Barge']",3,0.137
16,"[16, 20]","['Landing craft', 'Tarawa-class amphibious assault ship']",2,0.0429
14,[14],['Liquefied gas ship'],1,0.3707
2,"[2, 10]","['Submarine', 'Oil tanker']",2,0.0376
16,[16],['Landing craft'],1,0.0386
2,[2],['Submarine'],1,0.0525
0,"[0, 5]","['Non-ship', 'Auxiliary ship']",2,0.0885
8,"[0, 5, 8, 9, 11]","['Non-ship', 'Auxiliary ship', 'Hovercraft', 'Bulk carrier', 'Fishing boat']",5,0.4481
20,[20],['Tarawa-class amphibious assault ship'],1,0.0305
12,[12],['Destroyer'],1,0.2661
12,"[1, 2, 3, 5, 7, 9, 10, 12, 16, 17, 18, 19, 20, 21, 22]","['Aircraft carrier', 'Submarine', 'Medical ship', 'Auxiliary ship', 'Car carrier', 'Bulk carrier', 'Oil tanker', 'Destroyer', 'Landing craft', 'Frigate', 'Amphibious transport dock', 'Cruiser', 'Tarawa-class amphibious assault ship', 'Amphibious assault ship', 'Command ship']",15,0.5752
20,"[1, 10, 20, 21]","['Aircraft carrier', 'Oil tanker', 'Tarawa-class amphibious assault ship', 'Amphibious assault ship']",4,0.1753
0,"[0, 9]","['Non-ship', 'Bulk carrier']",2,0.2659
14,[14],['Liquefied gas ship'],1,0.1586
22,"[16, 18, 22]","['Landing craft', 'Amphibious transport dock', 'Command ship']",3,0.2198
19,"[12, 17, 19]","['Destroyer', 'Frigate', 'Cruiser']",3,0.0861
1,[1],['Aircraft carrier'],1,0.0654
9,"[0, 9, 11]","['Non-ship', 'Bulk carrier', 'Fishing boat']",3,0.3152
0,[11],['Fishing boat'],1,0.397
12,"[2, 3, 7, 8, 9, 12, 16, 17, 19, 20, 21, 22]","['Submarine', 'Medical ship', 'Car carrier', 'Hovercraft', 'Bulk carrier', 'Destroyer', 'Landing craft', 'Frigate', 'Cruiser', 'Tarawa-class amphibious assault ship', 'Amphibious assault ship', 'Command ship']",12,0.1717
15,"[0, 5, 8, 9, 10, 11, 15]","['Non-ship', 'Auxiliary ship', 'Hovercraft', 'Bulk carrier', 'Oil tanker', 'Fishing boat', 'Barge']",7,0.4038
12,[12],['Destroyer'],1,0.0691
0,"[0, 9, 11]","['Non-ship', 'Bulk carrier', 'Fishing boat']",3,0.0924
3,[3],['Medical ship'],1,0.0456
10,[10],['Oil tanker'],1,0.0324
2,"[0, 1, 2, 4, 5, 6, 7, 9, 10, 11, 12, 16, 17, 19, 20, 21, 22]","['Non-ship', 'Aircraft carrier', 'Submarine', 'Combat boat', 'Auxiliary ship', 'Container ship', 'Car carrier', 'Bulk carrier', 'Oil tanker', 'Fishing boat', 'Destroyer', 'Landing craft', 'Frigate', 'Cruiser', 'Tarawa-class amphibious assault ship', 'Amphibious assault ship', 'Command ship']",17,0.5785
17,"[0, 2, 5, 9, 12, 17, 18]","['Non-ship', 'Submarine', 'Auxiliary ship', 'Bulk carrier', 'Destroyer', 'Frigate', 'Amphibious transport dock']",7,0.1599
9,"[0, 2, 5, 9, 11, 13]","['Non-ship', 'Submarine', 'Auxiliary ship', 'Bulk carrier', 'Fishing boat', 'Passenger ship']",6,0.0889
2,"[2, 12, 19]","['Submarine', 'Destroyer', 'Cruiser']",3,0.021
21,[21],['Amphibious assault ship'],1,0.4256
14,"[4, 5, 9, 11, 14, 15]","['Combat boat', 'Auxiliary ship', 'Bulk carrier', 'Fishing boat', 'Liquefied gas ship', 'Barge']",6,0.4146
18,"[1, 2, 9, 10, 12, 16, 18, 21]","['Aircraft carrier', 'Submarine', 'Bulk carrier', 'Oil tanker', 'Destroyer', 'Landing craft', 'Amphibious transport dock', 'Amphibious assault ship']",8,0.6571
6,[6],['Container ship'],1,0.4352
9,"[6, 9]","['Container ship', 'Bulk carrier']",2,0.0538
16,"[16, 18]","['Landing craft', 'Amphibious transport dock']",2,0.1228
18,"[2, 12, 16, 18]","['Submarine', 'Destroyer', 'Landing craft', 'Amphibious transport dock']",4,0.3376
11,"[0, 2, 4, 5, 9, 10, 11, 13, 17]","['Non-ship', 'Submarine', 'Combat boat', 'Auxiliary ship', 'Bulk carrier', 'Oil tanker', 'Fishing boat', 'Passenger ship', 'Frigate']",9,0.5125
15,[15],['Barge'],1,0.0397
0,"[0, 5, 9]","['Non-ship', 'Auxiliary ship', 'Bulk carrier']",3,0.5933
0,"[0, 4, 5, 9]","['Non-ship', 'Combat boat', 'Auxiliary ship', 'Bulk carrier']",4,0.0279
15,[15],['Barge'],1,0.0893
19,"[10, 11, 12, 14, 16, 17, 19, 20]","['Oil tanker', 'Fishing boat', 'Destroyer', 'Liquefied gas ship', 'Landing craft', 'Frigate', 'Cruiser', 'Tarawa-class amphibious assault ship']",8,0.105
9,"[1, 5, 9, 12, 18, 21, 22]","['Aircraft carrier', 'Auxiliary ship', 'Bulk carrier', 'Destroyer', 'Amphibious transport dock', 'Amphibious assault ship', 'Command ship']",7,0.0939
5,"[0, 2, 4, 5, 9, 10, 11, 12, 16, 17, 18, 19, 20]","['Non-ship', 'Submarine', 'Combat boat', 'Auxiliary ship', 'Bulk carrier', 'Oil tanker', 'Fishing boat', 'Destroyer', 'Landing craft', 'Frigate', 'Amphibious transport dock', 'Cruiser', 'Tarawa-class amphibious assault ship']",13,0.3518
21,[21],['Amphibious assault ship'],1,0.113
22,"[1, 5, 9, 10, 12, 16, 17, 19, 20, 21, 22]","['Aircraft carrier', 'Auxiliary ship', 'Bulk carrier', 'Oil tanker', 'Destroyer', 'Landing craft', 'Frigate', 'Cruiser', 'Tarawa-class amphibious assault ship', 'Amphibious assault ship', 'Command ship']",11,0.5644
10,"[0, 2, 4, 5, 8, 9, 10, 11, 13]","['Non-ship', 'Submarine', 'Combat boat', 'Auxiliary ship', 'Hovercraft', 'Bulk carrier', 'Oil tanker', 'Fishing boat', 'Passenger ship']",9,0.5584
10,"[0, 5, 9, 10, 11]","['Non-ship', 'Auxiliary ship', 'Bulk carrier', 'Oil tanker', 'Fishing boat']",5,0.0678
17,"[12, 17]","['Destroyer', 'Frigate']",2,0.0673
0,"[0, 4, 5, 11, 13]","['Non-ship', 'Combat boat', 'Auxiliary ship', 'Fishing boat', 'Passenger ship']",5,0.1039
5,"[4, 5, 8, 11]","['Combat boat', 'Auxiliary ship', 'Hovercraft', 'Fishing boat']",4,0.1185
16,"[1, 6, 7, 9, 10, 11, 12, 14, 16, 19, 20, 21, 22]","['Aircraft carrier', 'Container ship', 'Car carrier', 'Bulk carrier', 'Oil tanker', 'Fishing boat', 'Destroyer', 'Liquefied gas ship', 'Landing craft', 'Cruiser', 'Tarawa-class amphibious assault ship', 'Amphibious assault ship', 'Command ship']",13,0.418
12,"[12, 17]","['Destroyer', 'Frigate']",2,0.0392
12,"[4, 5, 10, 17, 18, 19]","['Combat boat', 'Auxiliary ship', 'Oil tanker', 'Frigate', 'Amphibious transport dock', 'Cruiser']",6,0.0374
7,"[0, 5, 6, 7, 9, 10, 12, 18, 19, 21]","['Non-ship', 'Auxiliary ship', 'Container ship', 'Car carrier', 'Bulk carrier', 'Oil tanker', 'Destroyer', 'Amphibious transport dock', 'Cruiser', 'Amphibious assault ship']",10,0.2898
12,"[5, 9, 10, 12, 17, 18, 19]","['Auxiliary ship', 'Bulk carrier', 'Oil tanker', 'Destroyer', 'Frigate', 'Amphibious transport dock', 'Cruiser']",7,0.1268
9,"[4, 5, 9, 10, 11]","['Combat boat', 'Auxiliary ship', 'Bulk carrier', 'Oil tanker', 'Fishing boat']",5,0.0834
19,"[12, 17, 19]","['Destroyer', 'Frigate', 'Cruiser']",3,0.3193
21,[21],['Amphibious assault ship'],1,0.5494
21,[21],['Amphibious assault ship'],1,0.66
2,[2],['Submarine'],1,0.1165
18,"[1, 2, 7, 9, 10, 12, 16, 18, 19, 20, 21, 22]","['Aircraft carrier', 'Submarine', 'Car carrier', 'Bulk carrier', 'Oil tanker', 'Destroyer', 'Landing craft', 'Amphibious transport dock', 'Cruiser', 'Tarawa-class amphibious assault ship', 'Amphibious assault ship', 'Command ship']",12,0.5324
12,"[12, 18, 22]","['Destroyer', 'Amphibious transport dock', 'Command ship']",3,0.4417
20,"[0, 2, 4, 5, 8, 9, 10, 11, 12, 16, 17, 19, 20, 22]","['Non-ship', 'Submarine', 'Combat boat', 'Auxiliary ship', 'Hovercraft', 'Bulk carrier', 'Oil tanker', 'Fishing boat', 'Destroyer', 'Landing craft', 'Frigate', 'Cruiser', 'Tarawa-class amphibious assault ship', 'Command ship']",14,0.5735
2,"[0, 2, 5, 9, 10, 12]","['Non-ship', 'Submarine', 'Auxiliary ship', 'Bulk carrier', 'Oil tanker', 'Destroyer']",6,0.4199
1,"[1, 10, 12, 18, 19, 21]","['Aircraft carrier', 'Oil tanker', 'Destroyer', 'Amphibious transport dock', 'Cruiser', 'Amphibious assault ship']",6,0.1175
1,[1],['Aircraft carrier'],1,0.0413
16,[16],['Landing craft'],1,0.1253
10,"[0, 2, 5, 6, 9, 10, 11, 12, 13, 17, 21]","['Non-ship', 'Submarine', 'Auxiliary ship', 'Container ship', 'Bulk carrier', 'Oil tanker', 'Fishing boat', 'Destroyer', 'Passenger ship', 'Frigate', 'Amphibious assault ship']",11,0.6518
5,"[4, 5]","['Combat boat', 'Auxiliary ship']",2,0.0738
17,"[0, 3, 9, 10, 12, 17, 18, 19, 20, 22]","['Non-ship', 'Medical ship', 'Bulk carrier', 'Oil tanker', 'Destroyer', 'Frigate', 'Amphibious transport dock', 'Cruiser', 'Tarawa-class amphibious assault ship', 'Command ship']",10,0.2308
4,[4],['Combat boat'],1,0.056
9,"[0, 5]","['Non-ship', 'Auxiliary ship']",2,0.0948
19,[19],['Cruiser'],1,0.1152
12,"[12, 19]","['Destroyer', 'Cruiser']",2,0.2858
20,"[12, 20]","['Destroyer', 'Tarawa-class amphibious assault ship']",2,0.1108
12,[12],['Destroyer'],1,0.0715
18,[18],['Amphibious transport dock'],1,0.0744
12,"[1, 12, 17, 21, 22]","['Aircraft carrier', 'Destroyer', 'Frigate', 'Amphibious assault ship', 'Command ship']",5,0.2565
17,"[12, 17, 18, 19]","['Destroyer', 'Frigate', 'Amphibious transport dock', 'Cruiser']",4,0.0798
22,"[1, 2, 5, 6, 9, 10, 12, 16, 17, 18, 19, 20, 21, 22]","['Aircraft carrier', 'Submarine', 'Auxiliary ship', 'Container ship', 'Bulk carrier', 'Oil tanker', 'Destroyer', 'Landing craft', 'Frigate', 'Amphibious transport dock', 'Cruiser', 'Tarawa-class amphibious assault ship', 'Amphibious assault ship', 'Command ship']",14,0.0832
2,"[0, 2, 4, 5, 9, 11, 12, 17, 19]","['Non-ship', 'Submarine', 'Combat boat', 'Auxiliary ship', 'Bulk carrier', 'Fishing boat', 'Destroyer', 'Frigate', 'Cruiser']",9,0.0414
5,"[0, 4, 5, 8, 9, 10, 11]","['Non-ship', 'Combat boat', 'Auxiliary ship', 'Hovercraft', 'Bulk carrier', 'Oil tanker', 'Fishing boat']",7,0.3436
14,[14],['Liquefied gas ship'],1,0.1327
12,[12],['Destroyer'],1,0.0969
8,[8],['Hovercraft'],1,0.1811
2,[2],['Submarine'],1,0.1121
6,"[6, 9]","['Container ship', 'Bulk carrier']",2,0.015
7,"[2, 3, 5, 6, 7, 9, 10, 11, 12, 14, 16, 17, 18, 19, 20, 22]","['Submarine', 'Medical ship', 'Auxiliary ship', 'Container ship', 'Car carrier', 'Bulk carrier', 'Oil tanker', 'Fishing boat', 'Destroyer', 'Liquefied gas ship', 'Landing craft', 'Frigate', 'Amphibious transport dock', 'Cruiser', 'Tarawa-class amphibious assault ship', 'Command ship']",16,0.6317
22,"[12, 17, 20, 22]","['Destroyer', 'Frigate', 'Tarawa-class amphibious assault ship', 'Command ship']",4,0.093
12,"[5, 13, 14, 18]","['Auxiliary ship', 'Passenger ship', 'Liquefied gas ship', 'Amphibious transport dock']",4,0.0708
0,"[0, 4, 9]","['Non-ship', 'Combat boat', 'Bulk carrier']",3,0.2538
12,"[1, 9, 10, 11, 12, 16, 17, 19, 20, 21, 22]","['Aircraft carrier', 'Bulk carrier', 'Oil tanker', 'Fishing boat', 'Destroyer', 'Landing craft', 'Frigate', 'Cruiser', 'Tarawa-class amphibious assault ship', 'Amphibious assault ship', 'Command ship']",11,0.6105
12,"[4, 5, 12, 17, 19, 20]","['Combat boat', 'Auxiliary ship', 'Destroyer', 'Frigate', 'Cruiser', 'Tarawa-class amphibious assault ship']",6,0.0799
12,"[12, 19]","['Destroyer', 'Cruiser']",2,0.0252
9,"[0, 9, 11, 12]","['Non-ship', 'Bulk carrier', 'Fishing boat', 'Destroyer']",4,0.3834
2,"[0, 2, 4, 5, 9, 10, 11, 12, 13, 17, 19]","['Non-ship', 'Submarine', 'Combat boat', 'Auxiliary ship', 'Bulk carrier', 'Oil tanker', 'Fishing boat', 'Destroyer', 'Passenger ship', 'Frigate', 'Cruiser']",11,0.1444
16,"[1, 2, 3, 7, 9, 10, 12, 16, 18, 19, 20, 21, 22]","['Aircraft carrier', 'Submarine', 'Medical ship', 'Car carrier', 'Bulk carrier', 'Oil tanker', 'Destroyer', 'Landing craft', 'Amphibious transport dock', 'Cruiser', 'Tarawa-class amphibious assault ship', 'Amphibious assault ship', 'Command ship']",13,0.4661
3,[3],['Medical ship'],1,0.1085
12,"[0, 1, 2, 3, 5, 7, 9, 10, 11, 12, 13, 14, 16, 17, 19, 20, 21, 22]","['Non-ship', 'Aircraft carrier', 'Submarine', 'Medical ship', 'Auxiliary ship', 'Car carrier', 'Bulk carrier', 'Oil tanker', 'Fishing boat', 'Destroyer', 'Passenger ship', 'Liquefied gas ship', 'Landing craft', 'Frigate', 'Cruiser', 'Tarawa-class amphibious assault ship', 'Amphibious assault ship', 'Command ship']",18,0.6262
2,[4],['Combat boat'],1,0.0613
0,"[0, 2, 4, 5, 8, 9, 10, 11, 12, 13, 17]","['Non-ship', 'Submarine', 'Combat boat', 'Auxiliary ship', 'Hovercraft', 'Bulk carrier', 'Oil tanker', 'Fishing boat', 'Destroyer', 'Passenger ship', 'Frigate']",11,0.7127
9,[9],['Bulk carrier'],1,0.0827
0,"[0, 5, 8, 9, 11, 13]","['Non-ship', 'Auxiliary ship', 'Hovercraft', 'Bulk carrier', 'Fishing boat', 'Passenger ship']",6,0.417
11,"[9, 11]","['Bulk carrier', 'Fishing boat']",2,0.1149
12,"[3, 5, 9, 10, 12, 17, 18, 19, 22]","['Medical ship', 'Auxiliary ship', 'Bulk carrier', 'Oil tanker', 'Destroyer', 'Frigate', 'Amphibious transport dock', 'Cruiser', 'Command ship']",9,0.4764
19,"[2, 12, 16, 17, 19, 20]","['Submarine', 'Destroyer', 'Landing craft', 'Frigate', 'Cruiser', 'Tarawa-class amphibious assault ship']",6,0.0554
5,"[0, 4, 9, 11]","['Non-ship', 'Combat boat', 'Bulk carrier', 'Fishing boat']",4,0.0979
12,[12],['Destroyer'],1,0.0972
5,"[0, 4, 5, 9, 10, 11]","['Non-ship', 'Combat boat', 'Auxiliary ship', 'Bulk carrier', 'Oil tanker', 'Fishing boat']",6,0.0639
12,[12],['Destroyer'],1,0.061
19,"[12, 19]","['Destroyer', 'Cruiser']",2,0.3039
17,"[12, 17]","['Destroyer', 'Frigate']",2,0.0363
