method,nbins_ts,model,alpha,bins_T,Ts,p_threshold,cal_cov,cal_avg_size,cal_std_size,test_cov,test_avg_size,test_std_size
tempscale_global_cp,1,resnet50,0.01,"[(0.02973080240190029, 0.6742244362831116)]",[1.9000000000000001],0.0009596442509220982,0.991421568627451,12.372549019607844,7.360861747062078,0.9926650366748166,12.28606356968215,7.177377282212188
tempscale_global_cp,1,resnet50,0.02,"[(0.02973080240190029, 0.6742244362831116)]",[1.9000000000000001],0.004332496992579871,0.9816176470588235,8.575980392156863,6.0943650861707575,0.9853300733496333,8.21760391198044,5.773989661053306
tempscale_global_cp,1,resnet50,0.03,"[(0.02973080240190029, 0.6742244362831116)]",[1.9000000000000001],0.007829566609610983,0.9718137254901961,7.0245098039215685,5.201751897094237,0.9706601466992665,6.699266503667482,4.957523678892045
tempscale_global_cp,1,resnet50,0.04,"[(0.02973080240190029, 0.6742244362831116)]",[1.9000000000000001],0.015399827370777608,0.9607843137254902,5.3504901960784315,4.00608602627351,0.9535452322738386,5.097799511002445,3.8295237147149974
tempscale_global_cp,1,resnet50,0.05,"[(0.02973080240190029, 0.6742244362831116)]",[1.9000000000000001],0.020572501594175008,0.9509803921568627,4.643382352941177,3.44267200303382,0.9437652811735942,4.555012224938875,3.4218527648912405
tempscale_global_cp,1,resnet50,0.06,"[(0.02973080240190029, 0.6742244362831116)]",[1.9000000000000001],0.025492245120935397,0.9399509803921569,4.215686274509804,3.0502409129553216,0.9339853300733496,4.10757946210269,3.0429952846439776
tempscale_global_cp,1,resnet50,0.07,"[(0.02973080240190029, 0.6742244362831116)]",[1.9000000000000001],0.03460743868704774,0.9313725490196079,3.6801470588235294,2.569027048976656,0.9168704156479217,3.555012224938875,2.494498702616753
tempscale_global_cp,1,resnet50,0.08,"[(0.02973080240190029, 0.6742244362831116)]",[1.9000000000000001],0.038676134986829536,0.9215686274509803,3.457107843137255,2.370803509885943,0.9168704156479217,3.359413202933985,2.329866812131258
tempscale_global_cp,1,resnet50,0.09,"[(0.02973080240190029, 0.6742244362831116)]",[1.9000000000000001],0.04560140908594179,0.9117647058823529,3.1911764705882355,2.11210808830923,0.9095354523227384,3.063569682151589,2.0293369075301917
tempscale_global_cp,1,resnet50,0.1,"[(0.02973080240190029, 0.6742244362831116)]",[1.9000000000000001],0.048553408723300606,0.9019607843137255,3.096813725490196,2.0368395464176423,0.8997555012224939,2.946210268948655,1.898923016033995
tempscale_global_cp,1,convnext_tiny,0.01,"[(0.02973080240190029, 0.6742244362831116)]",[2.1],0.005014764381529813,0.9901960784313726,9.509803921568627,5.299593210506573,0.9828850855745721,9.308068459657703,5.1947837703547535
tempscale_global_cp,1,convnext_tiny,0.02,"[(0.02973080240190029, 0.6742244362831116)]",[2.1],0.01077609119809575,0.9816176470588235,6.702205882352941,4.087977955118401,0.9706601466992665,6.65281173594132,4.058466132772912
tempscale_global_cp,1,convnext_tiny,0.03,"[(0.02973080240190029, 0.6742244362831116)]",[2.1],0.01324816903686743,0.9705882352941176,6.057598039215686,3.750538015679214,0.9682151589242054,6.029339853300733,3.7041072563643893
tempscale_global_cp,1,convnext_tiny,0.04,"[(0.02973080240190029, 0.6742244362831116)]",[2.1],0.015884838367119514,0.9620098039215687,5.547794117647059,3.5195769070544944,0.9633251833740831,5.50122249388753,3.397917307159062
tempscale_global_cp,1,convnext_tiny,0.05,"[(0.02973080240190029, 0.6742244362831116)]",[2.1],0.021165221381529875,0.9509803921568627,4.757352941176471,3.0833908080930197,0.9584352078239609,4.82640586797066,2.9851608617834167
tempscale_global_cp,1,convnext_tiny,0.06,"[(0.02973080240190029, 0.6742244362831116)]",[2.1],0.028098591394671857,0.9399509803921569,4.095588235294118,2.5944284472123584,0.9535452322738386,4.15158924205379,2.52546999522932
tempscale_global_cp,1,convnext_tiny,0.07,"[(0.02973080240190029, 0.6742244362831116)]",[2.1],0.029686039359347216,0.9301470588235294,3.9411764705882355,2.5110482515872348,0.9511002444987775,4.0244498777506115,2.4353526532673393
tempscale_global_cp,1,convnext_tiny,0.08,"[(0.02973080240190029, 0.6742244362831116)]",[2.1],0.03341902501367222,0.9203431372549019,3.667892156862745,2.3444236024203353,0.9462102689486552,3.762836185819071,2.2366119537918556
tempscale_global_cp,1,convnext_tiny,0.09,"[(0.02973080240190029, 0.6742244362831116)]",[2.1],0.040267243321449375,0.9105392156862745,3.343137254901961,2.082820005962955,0.9266503667481663,3.359413202933985,1.9816803143754391
tempscale_global_cp,1,convnext_tiny,0.1,"[(0.02973080240190029, 0.6742244362831116)]",[2.1],0.043660534192221934,0.9019607843137255,3.178921568627451,1.9684638217091852,0.9193154034229829,3.215158924205379,1.9055099713795034
tempscale_global_cp,1,densenet121,0.01,"[(0.02973080240190029, 0.6742244362831116)]",[1.4],0.0009445210000323945,0.991421568627451,12.117647058823529,6.860542363581129,0.9755501222493888,11.995110024449877,6.856187792896597
tempscale_global_cp,1,densenet121,0.02,"[(0.02973080240190029, 0.6742244362831116)]",[1.4],0.0020179859834598135,0.9803921568627451,9.947303921568627,6.357481125459427,0.9755501222493888,9.755501222493887,6.311310552151219
tempscale_global_cp,1,densenet121,0.03,"[(0.02973080240190029, 0.6742244362831116)]",[1.4],0.003250480619418905,0.9705882352941176,8.594362745098039,5.855985507203109,0.960880195599022,8.41075794621027,5.929288429795624
tempscale_global_cp,1,densenet121,0.04,"[(0.02973080240190029, 0.6742244362831116)]",[1.4],0.004672838287472225,0.9620098039215687,7.525735294117647,5.27520322520239,0.9511002444987775,7.43520782396088,5.419455355517954
tempscale_global_cp,1,densenet121,0.05,"[(0.02973080240190029, 0.6742244362831116)]",[1.4],0.006840778091144362,0.9509803921568627,6.613970588235294,4.793454577175909,0.9486552567237164,6.408312958435208,4.756365374875928
tempscale_global_cp,1,densenet121,0.06,"[(0.02973080240190029, 0.6742244362831116)]",[1.4],0.010581178085692922,0.9411764705882353,5.517156862745098,4.0529219373553245,0.9242053789731052,5.3178484107579465,4.036108327558668
tempscale_global_cp,1,densenet121,0.07,"[(0.02973080240190029, 0.6742244362831116)]",[1.4],0.01261512803501108,0.9301470588235294,5.129901960784314,3.7665045935367463,0.9168704156479217,4.963325183374083,3.7988705945334957
tempscale_global_cp,1,densenet121,0.08,"[(0.02973080240190029, 0.6742244362831116)]",[1.4],0.01576803967549434,0.9203431372549019,4.660539215686274,3.396756195316778,0.9070904645476773,4.4645476772616135,3.4399266287309187
tempscale_global_cp,1,densenet121,0.09,"[(0.02973080240190029, 0.6742244362831116)]",[1.4],0.01980729009810167,0.9105392156862745,4.21078431372549,3.0389112750775,0.8875305623471883,4.06356968215159,3.130552646659413
tempscale_global_cp,1,densenet121,0.1,"[(0.02973080240190029, 0.6742244362831116)]",[1.4],0.022588573069372453,0.9019607843137255,3.9620098039215685,2.8568421274337776,0.8850855745721271,3.860635696821516,3.0008377944751006
tempscale_global_cp,1,efficientnet_b0,0.01,"[(0.02973080240190029, 0.6742244362831116)]",[1.8],0.0011008296453490773,0.991421568627451,10.814950980392156,6.347673805631093,0.9926650366748166,10.61124694376528,6.0461121829040545
tempscale_global_cp,1,efficientnet_b0,0.02,"[(0.02973080240190029, 0.6742244362831116)]",[1.8],0.003632854720730494,0.9803921568627451,7.582107843137255,5.004226005081953,0.980440097799511,7.278728606356968,4.735607442098732
tempscale_global_cp,1,efficientnet_b0,0.03,"[(0.02973080240190029, 0.6742244362831116)]",[1.8],0.006871214551758986,0.9705882352941176,6.057598039215686,4.124337869044602,0.9682151589242054,5.809290953545232,3.9182117242225476
tempscale_global_cp,1,efficientnet_b0,0.04,"[(0.02973080240190029, 0.6742244362831116)]",[1.8],0.011157420057628542,0.9620098039215687,4.944852941176471,3.3905358443330216,0.9633251833740831,4.7799511002444985,3.3082085058821806
tempscale_global_cp,1,efficientnet_b0,0.05,"[(0.02973080240190029, 0.6742244362831116)]",[1.8],0.01592503425126557,0.9509803921568627,4.314950980392157,2.9869113166084045,0.9535452322738386,4.188264058679707,2.8986564915397244
tempscale_global_cp,1,efficientnet_b0,0.06,"[(0.02973080240190029, 0.6742244362831116)]",[1.8],0.022710268561417335,0.9411764705882353,3.7279411764705883,2.5766682539002645,0.9315403422982885,3.60880195599022,2.4291467270245874
tempscale_global_cp,1,efficientnet_b0,0.07,"[(0.02973080240190029, 0.6742244362831116)]",[1.8],0.02829199783521341,0.9313725490196079,3.3933823529411766,2.273764549454329,0.9193154034229829,3.2860635696821516,2.1641277244411516
tempscale_global_cp,1,efficientnet_b0,0.08,"[(0.02973080240190029, 0.6742244362831116)]",[1.8],0.03177541622895952,0.9203431372549019,3.232843137254902,2.1698015981637764,0.9046454767726161,3.1124694376528117,2.072539284368758
tempscale_global_cp,1,efficientnet_b0,0.09,"[(0.02973080240190029, 0.6742244362831116)]",[1.8],0.03844385405382189,0.9105392156862745,2.935049019607843,1.9426702356951633,0.8997555012224939,2.838630806845966,1.873342549092184
tempscale_global_cp,1,efficientnet_b0,0.1,"[(0.02973080240190029, 0.6742244362831116)]",[1.8],0.04943634958059451,0.9019607843137255,2.616421568627451,1.7024132060814956,0.8850855745721271,2.5354523227383865,1.6096712152862183
tempscale_global_cp,1,mobilenet_v3_large,0.01,"[(0.02973080240190029, 0.6742244362831116)]",[2.3],0.004866731136535574,0.991421568627451,9.778186274509803,5.4824644383929195,0.9853300733496333,9.74083129584352,5.372329749495006
tempscale_global_cp,1,mobilenet_v3_large,0.02,"[(0.02973080240190029, 0.6742244362831116)]",[2.3],0.007809474211472489,0.9803921568627451,8.305147058823529,4.8283043118048505,0.980440097799511,8.227383863080684,4.827046179437204
tempscale_global_cp,1,mobilenet_v3_large,0.03,"[(0.02973080240190029, 0.6742244362831116)]",[2.3],0.012771549428131745,0.9718137254901961,6.8125,4.052098297517608,0.9633251833740831,6.667481662591687,4.103423791422345
tempscale_global_cp,1,mobilenet_v3_large,0.04,"[(0.02973080240190029, 0.6742244362831116)]",[2.3],0.016516102111651776,0.9607843137254902,6.0625,3.6288962326921195,0.9535452322738386,5.93643031784841,3.6538311568674064
tempscale_global_cp,1,mobilenet_v3_large,0.05,"[(0.02973080240190029, 0.6742244362831116)]",[2.3],0.019207238894823786,0.9522058823529411,5.611519607843137,3.3544402304139287,0.9486552567237164,5.569682151589242,3.3711939722786477
tempscale_global_cp,1,mobilenet_v3_large,0.06,"[(0.02973080240190029, 0.6742244362831116)]",[2.3],0.023387991673840758,0.9411764705882353,5.090686274509804,3.0520985258310778,0.9437652811735942,5.017114914425428,2.9745785983312696
tempscale_global_cp,1,mobilenet_v3_large,0.07,"[(0.02973080240190029, 0.6742244362831116)]",[2.3],0.02696849838598847,0.9301470588235294,4.7254901960784315,2.850548150743608,0.9437652811735942,4.677261613691932,2.795997196923006
tempscale_global_cp,1,mobilenet_v3_large,0.08,"[(0.02973080240190029, 0.6742244362831116)]",[2.3],0.03149316850319217,0.9203431372549019,4.317401960784314,2.5698079418577904,0.9315403422982885,4.276283618581907,2.525072296091657
tempscale_global_cp,1,mobilenet_v3_large,0.09,"[(0.02973080240190029, 0.6742244362831116)]",[2.3],0.03534599954016693,0.9117647058823529,4.078431372549019,2.419027006268218,0.921760391198044,4.002444987775061,2.3239991431032854
tempscale_global_cp,1,mobilenet_v3_large,0.1,"[(0.02973080240190029, 0.6742244362831116)]",[2.3],0.03967020143035571,0.9019607843137255,3.838235294117647,2.2602292143717246,0.9193154034229829,3.7897310513447433,2.19574876559297
tempscale_global_cp,2,resnet50,0.01,"[(0.02973080240190029, 0.1468987613916397), (0.1468987613916397, 0.6742244362831116)]","[2.0, 1.9000000000000001]",0.001241418880119971,0.991421568627451,12.082107843137255,7.218703475744298,0.9926650366748166,12.06845965770171,7.019721281461209
tempscale_global_cp,2,resnet50,0.02,"[(0.02973080240190029, 0.1468987613916397), (0.1468987613916397, 0.6742244362831116)]","[2.0, 1.9000000000000001]",0.005648368848639951,0.9816176470588235,8.10049019607843,5.760727397808775,0.9828850855745721,7.71638141809291,5.437149279249016
tempscale_global_cp,2,resnet50,0.03,"[(0.02973080240190029, 0.1468987613916397), (0.1468987613916397, 0.6742244362831116)]","[2.0, 1.9000000000000001]",0.008550713952871103,0.9718137254901961,6.980392156862745,5.084299925119085,0.9706601466992665,6.616136919315403,4.7712293568204345
tempscale_global_cp,2,resnet50,0.04,"[(0.02973080240190029, 0.1468987613916397), (0.1468987613916397, 0.6742244362831116)]","[2.0, 1.9000000000000001]",0.017494362049358836,0.9607843137254902,5.122549019607843,3.758934633766649,0.9511002444987775,4.93643031784841,3.6343737881430775
tempscale_global_cp,2,resnet50,0.05,"[(0.02973080240190029, 0.1468987613916397), (0.1468987613916397, 0.6742244362831116)]","[2.0, 1.9000000000000001]",0.02271493653365564,0.9522058823529411,4.540441176470588,3.2836988651117007,0.941320293398533,4.4645476772616135,3.2917381728848243
tempscale_global_cp,2,resnet50,0.06,"[(0.02973080240190029, 0.1468987613916397), (0.1468987613916397, 0.6742244362831116)]","[2.0, 1.9000000000000001]",0.027891981379951858,0.9411764705882353,4.110294117647059,2.918012335807747,0.9266503667481663,3.9559902200489,2.8478996781701187
tempscale_global_cp,2,resnet50,0.07,"[(0.02973080240190029, 0.1468987613916397), (0.1468987613916397, 0.6742244362831116)]","[2.0, 1.9000000000000001]",0.03460743868704774,0.9313725490196079,3.7316176470588234,2.5915171442049516,0.9168704156479217,3.584352078239609,2.500532878807416
tempscale_global_cp,2,resnet50,0.08,"[(0.02973080240190029, 0.1468987613916397), (0.1468987613916397, 0.6742244362831116)]","[2.0, 1.9000000000000001]",0.03904186267963716,0.9203431372549019,3.4877450980392157,2.3644314521439895,0.9168704156479217,3.39119804400978,2.3315673149520375
tempscale_global_cp,2,resnet50,0.09,"[(0.02973080240190029, 0.1468987613916397), (0.1468987613916397, 0.6742244362831116)]","[2.0, 1.9000000000000001]",0.047014070449118095,0.9105392156862745,3.1752450980392157,2.0781130531074528,0.9095354523227384,3.0293398533007334,1.9540240729463312
tempscale_global_cp,2,resnet50,0.1,"[(0.02973080240190029, 0.1468987613916397), (0.1468987613916397, 0.6742244362831116)]","[2.0, 1.9000000000000001]",0.05007630697534382,0.9019607843137255,3.071078431372549,1.9684638217091854,0.902200488997555,2.9070904645476774,1.837180148735183
tempscale_global_cp,2,convnext_tiny,0.01,"[(0.02973080240190029, 0.1468987613916397), (0.1468987613916397, 0.6742244362831116)]","[1.9000000000000001, 2.3]",0.0056984110271358634,0.9901960784313726,9.14828431372549,5.542732567184039,0.9828850855745721,8.9119804400978,5.501018197782239
tempscale_global_cp,2,convnext_tiny,0.02,"[(0.02973080240190029, 0.1468987613916397), (0.1468987613916397, 0.6742244362831116)]","[1.9000000000000001, 2.3]",0.009653047592779185,0.9803921568627451,7.251225490196078,4.6649373688224935,0.9682151589242054,7.163814180929095,4.598294690249942
tempscale_global_cp,2,convnext_tiny,0.03,"[(0.02973080240190029, 0.1468987613916397), (0.1468987613916397, 0.6742244362831116)]","[1.9000000000000001, 2.3]",0.013411151054564918,0.9705882352941176,6.115196078431373,4.067923840648686,0.9633251833740831,6.100244498777506,3.9181384905556738
tempscale_global_cp,2,convnext_tiny,0.04,"[(0.02973080240190029, 0.1468987613916397), (0.1468987613916397, 0.6742244362831116)]","[1.9000000000000001, 2.3]",0.018405983904138168,0.9607843137254902,5.241421568627451,3.508644777577387,0.9633251833740831,5.210268948655257,3.320646264615999
tempscale_global_cp,2,convnext_tiny,0.05,"[(0.02973080240190029, 0.1468987613916397), (0.1468987613916397, 0.6742244362831116)]","[1.9000000000000001, 2.3]",0.023664558509466915,0.9509803921568627,4.552696078431373,3.064609431306901,0.9584352078239609,4.623471882640587,2.978330323472042
tempscale_global_cp,2,convnext_tiny,0.06,"[(0.02973080240190029, 0.1468987613916397), (0.1468987613916397, 0.6742244362831116)]","[1.9000000000000001, 2.3]",0.027329085802430764,0.9399509803921569,4.166666666666667,2.8017268251231022,0.9559902200488998,4.2469437652811735,2.691133081231089
tempscale_global_cp,2,convnext_tiny,0.07,"[(0.02973080240190029, 0.1468987613916397), (0.1468987613916397, 0.6742244362831116)]","[1.9000000000000001, 2.3]",0.032108002445118466,0.9313725490196079,3.840686274509804,2.548858167964598,0.9486552567237164,3.8728606356968216,2.3997701362295016
tempscale_global_cp,2,convnext_tiny,0.08,"[(0.02973080240190029, 0.1468987613916397), (0.1468987613916397, 0.6742244362831116)]","[1.9000000000000001, 2.3]",0.0352537117423406,0.9215686274509803,3.661764705882353,2.4021658575922222,0.941320293398533,3.687041564792176,2.2691409791181867
tempscale_global_cp,2,convnext_tiny,0.09,"[(0.02973080240190029, 0.1468987613916397), (0.1468987613916397, 0.6742244362831116)]","[1.9000000000000001, 2.3]",0.03706343196619177,0.9105392156862745,3.5355392156862746,2.3149581166395783,0.9315403422982885,3.584352078239609,2.2285872449412323
tempscale_global_cp,2,convnext_tiny,0.1,"[(0.02973080240190029, 0.1468987613916397), (0.1468987613916397, 0.6742244362831116)]","[1.9000000000000001, 2.3]",0.045641098907328814,0.9007352941176471,3.116421568627451,1.9821321800381118,0.9168704156479217,3.1442542787286065,1.8766933657718459
tempscale_global_cp,2,densenet121,0.01,"[(0.02973080240190029, 0.1468987613916397), (0.1468987613916397, 0.6742244362831116)]","[1.3, 1.5]",0.0007452030084322825,0.9901960784313726,12.719362745098039,7.1880154605129265,0.9828850855745721,12.528117359413203,7.169946556249816
tempscale_global_cp,2,densenet121,0.02,"[(0.02973080240190029, 0.1468987613916397), (0.1468987613916397, 0.6742244362831116)]","[1.3, 1.5]",0.0015390213830540622,0.9803921568627451,10.785539215686274,6.854892106202534,0.9731051344743277,10.547677261613693,6.876009869088381
tempscale_global_cp,2,densenet121,0.03,"[(0.02973080240190029, 0.1468987613916397), (0.1468987613916397, 0.6742244362831116)]","[1.3, 1.5]",0.0034014795192467417,0.9705882352941176,8.528186274509803,6.047134278723241,0.960880195599022,8.38875305623472,6.115271729275966
tempscale_global_cp,2,densenet121,0.04,"[(0.02973080240190029, 0.1468987613916397), (0.1468987613916397, 0.6742244362831116)]","[1.3, 1.5]",0.00527127976106001,0.9620098039215687,7.348039215686274,5.398024881927936,0.9535452322738386,7.200488997555012,5.469980288580427
tempscale_global_cp,2,densenet121,0.05,"[(0.02973080240190029, 0.1468987613916397), (0.1468987613916397, 0.6742244362831116)]","[1.3, 1.5]",0.008397487564850037,0.9522058823529411,6.238970588235294,4.718081709629751,0.9364303178484108,6.0440097799511,4.653050061541352
tempscale_global_cp,2,densenet121,0.06,"[(0.02973080240190029, 0.1468987613916397), (0.1468987613916397, 0.6742244362831116)]","[1.3, 1.5]",0.0105387656578948,0.9411764705882353,5.677696078431373,4.297490442538542,0.9242053789731052,5.481662591687042,4.278825007646121
tempscale_global_cp,2,densenet121,0.07,"[(0.02973080240190029, 0.1468987613916397), (0.1468987613916397, 0.6742244362831116)]","[1.3, 1.5]",0.013814236088321552,0.9301470588235294,5.0318627450980395,3.787099420450535,0.9119804400977995,4.865525672371638,3.8223394032188724
tempscale_global_cp,2,densenet121,0.08,"[(0.02973080240190029, 0.1468987613916397), (0.1468987613916397, 0.6742244362831116)]","[1.3, 1.5]",0.016371365038213348,0.9203431372549019,4.675245098039215,3.522501191739941,0.8997555012224939,4.488997555012225,3.492990007243517
tempscale_global_cp,2,densenet121,0.09,"[(0.02973080240190029, 0.1468987613916397), (0.1468987613916397, 0.6742244362831116)]","[1.3, 1.5]",0.02111808654219527,0.9117647058823529,4.165441176470588,3.085121124750685,0.8899755501222494,4.019559902200489,3.1443835600277987
tempscale_global_cp,2,densenet121,0.1,"[(0.02973080240190029, 0.1468987613916397), (0.1468987613916397, 0.6742244362831116)]","[1.3, 1.5]",0.02418775030446152,0.9007352941176471,3.9019607843137254,2.863340993580917,0.8777506112469438,3.801955990220049,2.958952449277471
tempscale_global_cp,2,efficientnet_b0,0.01,"[(0.02973080240190029, 0.1468987613916397), (0.1468987613916397, 0.6742244362831116)]","[1.7000000000000002, 1.9000000000000001]",0.001484184762638563,0.9901960784313726,10.044117647058824,6.305771920674814,0.9926650366748166,9.792176039119804,6.015329838368363
tempscale_global_cp,2,efficientnet_b0,0.02,"[(0.02973080240190029, 0.1468987613916397), (0.1468987613916397, 0.6742244362831116)]","[1.7000000000000002, 1.9000000000000001]",0.003854112582532765,0.9816176470588235,7.498774509803922,5.112939991914522,0.980440097799511,7.227383863080685,4.840702857878452
tempscale_global_cp,2,efficientnet_b0,0.03,"[(0.02973080240190029, 0.1468987613916397), (0.1468987613916397, 0.6742244362831116)]","[1.7000000000000002, 1.9000000000000001]",0.007308246829688891,0.9718137254901961,5.964460784313726,4.157731011047592,0.9682151589242054,5.647921760391198,3.9319706244367563
tempscale_global_cp,2,efficientnet_b0,0.04,"[(0.02973080240190029, 0.1468987613916397), (0.1468987613916397, 0.6742244362831116)]","[1.7000000000000002, 1.9000000000000001]",0.011160147207350368,0.9607843137254902,5.02328431372549,3.5307746466519516,0.960880195599022,4.801955990220049,3.3474284678983643
tempscale_global_cp,2,efficientnet_b0,0.05,"[(0.02973080240190029, 0.1468987613916397), (0.1468987613916397, 0.6742244362831116)]","[1.7000000000000002, 1.9000000000000001]",0.01630348595855946,0.9509803921568627,4.313725490196078,3.038899414283823,0.9486552567237164,4.168704156479218,2.940884309400587
tempscale_global_cp,2,efficientnet_b0,0.06,"[(0.02973080240190029, 0.1468987613916397), (0.1468987613916397, 0.6742244362831116)]","[1.7000000000000002, 1.9000000000000001]",0.023328349317073505,0.9411764705882353,3.7107843137254903,2.5828775130844046,0.9388753056234719,3.6185819070904643,2.456715151122689
tempscale_global_cp,2,efficientnet_b0,0.07,"[(0.02973080240190029, 0.1468987613916397), (0.1468987613916397, 0.6742244362831116)]","[1.7000000000000002, 1.9000000000000001]",0.028441420690984764,0.9301470588235294,3.417892156862745,2.368217553462249,0.9242053789731052,3.2982885085574574,2.2287347721272206
tempscale_global_cp,2,efficientnet_b0,0.08,"[(0.02973080240190029, 0.1468987613916397), (0.1468987613916397, 0.6742244362831116)]","[1.7000000000000002, 1.9000000000000001]",0.03457169588648701,0.9203431372549019,3.1200980392156863,2.1219644963386277,0.902200488997555,3.0171149144254277,2.0272472788443845
tempscale_global_cp,2,efficientnet_b0,0.09,"[(0.02973080240190029, 0.1468987613916397), (0.1468987613916397, 0.6742244362831116)]","[1.7000000000000002, 1.9000000000000001]",0.042355677847206064,0.9117647058823529,2.8308823529411766,1.876930954960406,0.8948655256723717,2.7188264058679708,1.763987090774092
tempscale_global_cp,2,efficientnet_b0,0.1,"[(0.02973080240190029, 0.1468987613916397), (0.1468987613916397, 0.6742244362831116)]","[1.7000000000000002, 1.9000000000000001]",0.051010378843875936,0.9007352941176471,2.593137254901961,1.6704325965427234,0.8777506112469438,2.508557457212714,1.6115567113771492
tempscale_global_cp,2,mobilenet_v3_large,0.01,"[(0.02973080240190029, 0.1468987613916397), (0.1468987613916397, 0.6742244362831116)]","[1.9000000000000001, 2.7]",0.004045508570630019,0.9901960784313726,10.583333333333334,6.541565192169126,0.9828850855745721,10.320293398533007,6.451822881622246
tempscale_global_cp,2,mobilenet_v3_large,0.02,"[(0.02973080240190029, 0.1468987613916397), (0.1468987613916397, 0.6742244362831116)]","[1.9000000000000001, 2.7]",0.007736981367559959,0.9803921568627451,8.623774509803921,5.683599855875077,0.9755501222493888,8.376528117359413,5.5468695702315305
tempscale_global_cp,2,mobilenet_v3_large,0.03,"[(0.02973080240190029, 0.1468987613916397), (0.1468987613916397, 0.6742244362831116)]","[1.9000000000000001, 2.7]",0.009444333876237665,0.9718137254901961,8.006127450980392,5.359956074541204,0.9755501222493888,7.735941320293398,5.179771087113223
tempscale_global_cp,2,mobilenet_v3_large,0.04,"[(0.02973080240190029, 0.1468987613916397), (0.1468987613916397, 0.6742244362831116)]","[1.9000000000000001, 2.7]",0.012052024029083452,0.9607843137254902,7.234068627450981,4.857818250218201,0.9682151589242054,7.080684596577017,4.749555997344839
tempscale_global_cp,2,mobilenet_v3_large,0.05,"[(0.02973080240190029, 0.1468987613916397), (0.1468987613916397, 0.6742244362831116)]","[1.9000000000000001, 2.7]",0.019553058671012202,0.9522058823529411,5.799019607843137,3.8759943720501653,0.9511002444987775,5.6552567237163816,3.797564268283783
tempscale_global_cp,2,mobilenet_v3_large,0.06,"[(0.02973080240190029, 0.1468987613916397), (0.1468987613916397, 0.6742244362831116)]","[1.9000000000000001, 2.7]",0.025087741748127446,0.9411764705882353,5.074754901960785,3.3229814658345433,0.9388753056234719,4.985330073349633,3.307364524644289
tempscale_global_cp,2,mobilenet_v3_large,0.07,"[(0.02973080240190029, 0.1468987613916397), (0.1468987613916397, 0.6742244362831116)]","[1.9000000000000001, 2.7]",0.02891040079146534,0.9313725490196079,4.699754901960785,3.0749302460963768,0.9364303178484108,4.5843520782396086,2.95497585132415
tempscale_global_cp,2,mobilenet_v3_large,0.08,"[(0.02973080240190029, 0.1468987613916397), (0.1468987613916397, 0.6742244362831116)]","[1.9000000000000001, 2.7]",0.03341807765063687,0.9203431372549019,4.299019607843137,2.7428693684104886,0.9364303178484108,4.237163814180929,2.689286500672691
tempscale_global_cp,2,mobilenet_v3_large,0.09,"[(0.02973080240190029, 0.1468987613916397), (0.1468987613916397, 0.6742244362831116)]","[1.9000000000000001, 2.7]",0.036621640161051294,0.9117647058823529,4.057598039215686,2.556779936237981,0.9315403422982885,4.029339853300733,2.5153066482770017
tempscale_global_cp,2,mobilenet_v3_large,0.1,"[(0.02973080240190029, 0.1468987613916397), (0.1468987613916397, 0.6742244362831116)]","[1.9000000000000001, 2.7]",0.03942654033556536,0.9019607843137255,3.883578431372549,2.447472673789548,0.921760391198044,3.8190709046454767,2.321690665773494
tempscale_global_cp,3,resnet50,0.01,"[(0.02973080240190029, 0.1030382290482521), (0.1030382290482521, 0.2696009476979573), (0.2696009476979573, 0.6742244362831116)]","[2.1, 1.9000000000000001, 1.9000000000000001]",0.001241418880119971,0.991421568627451,12.214460784313726,7.218531211160713,0.9926650366748166,12.19804400977995,7.042476509844117
tempscale_global_cp,3,resnet50,0.02,"[(0.02973080240190029, 0.1030382290482521), (0.1030382290482521, 0.2696009476979573), (0.2696009476979573, 0.6742244362831116)]","[2.1, 1.9000000000000001, 1.9000000000000001]",0.00579811884525383,0.9803921568627451,8.055147058823529,5.711670884434711,0.9828850855745721,7.701711491442543,5.402980433038287
tempscale_global_cp,3,resnet50,0.03,"[(0.02973080240190029, 0.1030382290482521), (0.1030382290482521, 0.2696009476979573), (0.2696009476979573, 0.6742244362831116)]","[2.1, 1.9000000000000001, 1.9000000000000001]",0.00886975908856602,0.9718137254901961,6.9375,5.021499426973784,0.9731051344743277,6.6332518337408315,4.709919765060067
tempscale_global_cp,3,resnet50,0.04,"[(0.02973080240190029, 0.1030382290482521), (0.1030382290482521, 0.2696009476979573), (0.2696009476979573, 0.6742244362831116)]","[2.1, 1.9000000000000001, 1.9000000000000001]",0.019205631292237513,0.9607843137254902,4.930147058823529,3.579116028714514,0.9486552567237164,4.777506112469438,3.4798592895964213
tempscale_global_cp,3,resnet50,0.05,"[(0.02973080240190029, 0.1030382290482521), (0.1030382290482521, 0.2696009476979573), (0.2696009476979573, 0.6742244362831116)]","[2.1, 1.9000000000000001, 1.9000000000000001]",0.024359656277942676,0.9522058823529411,4.4129901960784315,3.1455349431114663,0.9388753056234719,4.3398533007334965,3.150565746997924
tempscale_global_cp,3,resnet50,0.06,"[(0.02973080240190029, 0.1030382290482521), (0.1030382290482521, 0.2696009476979573), (0.2696009476979573, 0.6742244362831116)]","[2.1, 1.9000000000000001, 1.9000000000000001]",0.027891981379951858,0.9411764705882353,4.131127450980392,2.9219775239421186,0.9315403422982885,3.9926650366748166,2.845224195303492
tempscale_global_cp,3,resnet50,0.07,"[(0.02973080240190029, 0.1030382290482521), (0.1030382290482521, 0.2696009476979573), (0.2696009476979573, 0.6742244362831116)]","[2.1, 1.9000000000000001, 1.9000000000000001]",0.03460743868704774,0.9313725490196079,3.7450980392156863,2.5879103331354227,0.9193154034229829,3.611246943765281,2.4985023700314968
tempscale_global_cp,3,resnet50,0.08,"[(0.02973080240190029, 0.1030382290482521), (0.1030382290482521, 0.2696009476979573), (0.2696009476979573, 0.6742244362831116)]","[2.1, 1.9000000000000001, 1.9000000000000001]",0.039608249276243956,0.9203431372549019,3.4669117647058822,2.3339739888117492,0.9168704156479217,3.374083129584352,2.2904955535036593
tempscale_global_cp,3,resnet50,0.09,"[(0.02973080240190029, 0.1030382290482521), (0.1030382290482521, 0.2696009476979573), (0.2696009476979573, 0.6742244362831116)]","[2.1, 1.9000000000000001, 1.9000000000000001]",0.04788267738940777,0.9117647058823529,3.170343137254902,2.059567078034481,0.9046454767726161,3.0122249388753057,1.9296546147659657
tempscale_global_cp,3,resnet50,0.1,"[(0.02973080240190029, 0.1030382290482521), (0.1030382290482521, 0.2696009476979573), (0.2696009476979573, 0.6742244362831116)]","[2.1, 1.9000000000000001, 1.9000000000000001]",0.050704602776023844,0.9019607843137255,3.0588235294117645,1.948848475542118,0.902200488997555,2.9070904645476774,1.8371801487351833
tempscale_global_cp,3,convnext_tiny,0.01,"[(0.02973080240190029, 0.1030382290482521), (0.1030382290482521, 0.2696009476979573), (0.2696009476979573, 0.6742244362831116)]","[2.0, 2.2, 2.1]",0.005402625911761216,0.9901960784313726,9.251225490196079,5.217746251894027,0.9828850855745721,9.058679706601467,5.074166723608609
tempscale_global_cp,3,convnext_tiny,0.02,"[(0.02973080240190029, 0.1030382290482521), (0.1030382290482521, 0.2696009476979573), (0.2696009476979573, 0.6742244362831116)]","[2.0, 2.2, 2.1]",0.01077609119809575,0.9816176470588235,6.730392156862745,4.123802005851869,0.9706601466992665,6.665036674816626,4.0422917150013316
tempscale_global_cp,3,convnext_tiny,0.03,"[(0.02973080240190029, 0.1030382290482521), (0.1030382290482521, 0.2696009476979573), (0.2696009476979573, 0.6742244362831116)]","[2.0, 2.2, 2.1]",0.01324816903686743,0.9705882352941176,6.075980392156863,3.7929386816494657,0.9633251833740831,6.0464547677261615,3.700960477798026
tempscale_global_cp,3,convnext_tiny,0.04,"[(0.02973080240190029, 0.1030382290482521), (0.1030382290482521, 0.2696009476979573), (0.2696009476979573, 0.6742244362831116)]","[2.0, 2.2, 2.1]",0.018348092376595404,0.9620098039215687,5.1568627450980395,3.305135926246455,0.9633251833740831,5.185819070904645,3.226524298366473
tempscale_global_cp,3,convnext_tiny,0.05,"[(0.02973080240190029, 0.1030382290482521), (0.1030382290482521, 0.2696009476979573), (0.2696009476979573, 0.6742244362831116)]","[2.0, 2.2, 2.1]",0.021841044441632596,0.9509803921568627,4.707107843137255,3.022180823436336,0.9584352078239609,4.7799511002444985,2.9800459453235986
tempscale_global_cp,3,convnext_tiny,0.06,"[(0.02973080240190029, 0.1030382290482521), (0.1030382290482521, 0.2696009476979573), (0.2696009476979573, 0.6742244362831116)]","[2.0, 2.2, 2.1]",0.0263334394760123,0.9399509803921569,4.2254901960784315,2.7221202187262046,0.9559902200488998,4.2689486552567235,2.621341622530187
tempscale_global_cp,3,convnext_tiny,0.07,"[(0.02973080240190029, 0.1030382290482521), (0.1030382290482521, 0.2696009476979573), (0.2696009476979573, 0.6742244362831116)]","[2.0, 2.2, 2.1]",0.030496239147530302,0.9313725490196079,3.8848039215686274,2.4983258042734033,0.9535452322738386,3.9633251833740832,2.377795550828926
tempscale_global_cp,3,convnext_tiny,0.08,"[(0.02973080240190029, 0.1030382290482521), (0.1030382290482521, 0.2696009476979573), (0.2696009476979573, 0.6742244362831116)]","[2.0, 2.2, 2.1]",0.03304496499756615,0.9203431372549019,3.7169117647058822,2.3829476457552756,0.9462102689486552,3.8092909535452324,2.2954854674954825
tempscale_global_cp,3,convnext_tiny,0.09,"[(0.02973080240190029, 0.1030382290482521), (0.1030382290482521, 0.2696009476979573), (0.2696009476979573, 0.6742244362831116)]","[2.0, 2.2, 2.1]",0.03838915040359303,0.9117647058823529,3.4191176470588234,2.1581644356390477,0.9290953545232273,3.4596577017114916,2.067080641077994
tempscale_global_cp,3,convnext_tiny,0.1,"[(0.02973080240190029, 0.1030382290482521), (0.1030382290482521, 0.2696009476979573), (0.2696009476979573, 0.6742244362831116)]","[2.0, 2.2, 2.1]",0.0437634884074547,0.9019607843137255,3.159313725490196,1.9682807068078483,0.9168704156479217,3.1858190709046457,1.877597793292571
tempscale_global_cp,3,densenet121,0.01,"[(0.02973080240190029, 0.1030382290482521), (0.1030382290482521, 0.2696009476979573), (0.2696009476979573, 0.6742244362831116)]","[1.3, 1.3, 1.5]",0.0007452030084322825,0.9901960784313726,12.33700980392157,7.199394233769756,0.9779951100244498,12.097799511002444,7.1703150656532
tempscale_global_cp,3,densenet121,0.02,"[(0.02973080240190029, 0.1030382290482521), (0.1030382290482521, 0.2696009476979573), (0.2696009476979573, 0.6742244362831116)]","[1.3, 1.3, 1.5]",0.0013647170712607348,0.9816176470588235,10.753676470588236,6.914524441222976,0.9731051344743277,10.496332518337407,6.888253084734779
tempscale_global_cp,3,densenet121,0.03,"[(0.02973080240190029, 0.1030382290482521), (0.1030382290482521, 0.2696009476979573), (0.2696009476979573, 0.6742244362831116)]","[1.3, 1.3, 1.5]",0.0027310115527640066,0.9705882352941176,8.872549019607844,6.229942826394645,0.9633251833740831,8.682151589242054,6.333957790160443
tempscale_global_cp,3,densenet121,0.04,"[(0.02973080240190029, 0.1030382290482521), (0.1030382290482521, 0.2696009476979573), (0.2696009476979573, 0.6742244362831116)]","[1.3, 1.3, 1.5]",0.004812440181433675,0.9620098039215687,7.3504901960784315,5.464654677113638,0.9559902200488998,7.202933985330073,5.607835175235652
tempscale_global_cp,3,densenet121,0.05,"[(0.02973080240190029, 0.1030382290482521), (0.1030382290482521, 0.2696009476979573), (0.2696009476979573, 0.6742244362831116)]","[1.3, 1.3, 1.5]",0.00790024588194127,0.9509803921568627,6.193627450980392,4.760875947005536,0.9339853300733496,6.0244498777506115,4.736518766714521
tempscale_global_cp,3,densenet121,0.06,"[(0.02973080240190029, 0.1030382290482521), (0.1030382290482521, 0.2696009476979573), (0.2696009476979573, 0.6742244362831116)]","[1.3, 1.3, 1.5]",0.009900921696085474,0.9399509803921569,5.665441176470588,4.346181759176058,0.9266503667481663,5.47677261613692,4.352451839682575
tempscale_global_cp,3,densenet121,0.07,"[(0.02973080240190029, 0.1030382290482521), (0.1030382290482521, 0.2696009476979573), (0.2696009476979573, 0.6742244362831116)]","[1.3, 1.3, 1.5]",0.013634147689289167,0.9313725490196079,4.947303921568627,3.754528975677283,0.9119804400977995,4.76039119804401,3.8487664608218277
tempscale_global_cp,3,densenet121,0.08,"[(0.02973080240190029, 0.1030382290482521), (0.1030382290482521, 0.2696009476979573), (0.2696009476979573, 0.6742244362831116)]","[1.3, 1.3, 1.5]",0.01605323427793126,0.9203431372549019,4.6213235294117645,3.517461514099601,0.902200488997555,4.43520782396088,3.5216872648672295
tempscale_global_cp,3,densenet121,0.09,"[(0.02973080240190029, 0.1030382290482521), (0.1030382290482521, 0.2696009476979573), (0.2696009476979573, 0.6742244362831116)]","[1.3, 1.3, 1.5]",0.01920694382686272,0.9105392156862745,4.261029411764706,3.2311672933425037,0.8924205378973105,4.092909535452323,3.2478954772184356
tempscale_global_cp,3,densenet121,0.1,"[(0.02973080240190029, 0.1030382290482521), (0.1030382290482521, 0.2696009476979573), (0.2696009476979573, 0.6742244362831116)]","[1.3, 1.3, 1.5]",0.022614687533678013,0.9007352941176471,3.9362745098039214,2.93864678793696,0.882640586797066,3.845965770171149,3.0454165502601596
tempscale_global_cp,3,efficientnet_b0,0.01,"[(0.02973080240190029, 0.1030382290482521), (0.1030382290482521, 0.2696009476979573), (0.2696009476979573, 0.6742244362831116)]","[1.6, 1.8, 1.9000000000000001]",0.001484184762638563,0.9901960784313726,9.803921568627452,6.226586286093067,0.9926650366748166,9.530562347188264,6.012185663831564
tempscale_global_cp,3,efficientnet_b0,0.02,"[(0.02973080240190029, 0.1030382290482521), (0.1030382290482521, 0.2696009476979573), (0.2696009476979573, 0.6742244362831116)]","[1.6, 1.8, 1.9000000000000001]",0.003920604520436299,0.9816176470588235,7.311274509803922,5.053747429532575,0.9755501222493888,7.029339853300733,4.775561238093221
tempscale_global_cp,3,efficientnet_b0,0.03,"[(0.02973080240190029, 0.1030382290482521), (0.1030382290482521, 0.2696009476979573), (0.2696009476979573, 0.6742244362831116)]","[1.6, 1.8, 1.9000000000000001]",0.00666989850667421,0.9705882352941176,6.036764705882353,4.268973946099908,0.9682151589242054,5.770171149144255,4.019024467755759
tempscale_global_cp,3,efficientnet_b0,0.04,"[(0.02973080240190029, 0.1030382290482521), (0.1030382290482521, 0.2696009476979573), (0.2696009476979573, 0.6742244362831116)]","[1.6, 1.8, 1.9000000000000001]",0.010518525784080635,0.9607843137254902,5.029411764705882,3.595560667924314,0.960880195599022,4.84841075794621,3.382177315159587
tempscale_global_cp,3,efficientnet_b0,0.05,"[(0.02973080240190029, 0.1030382290482521), (0.1030382290482521, 0.2696009476979573), (0.2696009476979573, 0.6742244362831116)]","[1.6, 1.8, 1.9000000000000001]",0.014718534516851345,0.9509803921568627,4.415441176470588,3.140533051024779,0.9535452322738386,4.2689486552567235,3.0498770057856355
tempscale_global_cp,3,efficientnet_b0,0.06,"[(0.02973080240190029, 0.1030382290482521), (0.1030382290482521, 0.2696009476979573), (0.2696009476979573, 0.6742244362831116)]","[1.6, 1.8, 1.9000000000000001]",0.021724245226526273,0.9411764705882353,3.764705882352941,2.6528803088535025,0.9364303178484108,3.67481662591687,2.560634191027972
tempscale_global_cp,3,efficientnet_b0,0.07,"[(0.02973080240190029, 0.1030382290482521), (0.1030382290482521, 0.2696009476979573), (0.2696009476979573, 0.6742244362831116)]","[1.6, 1.8, 1.9000000000000001]",0.028790895088080526,0.9313725490196079,3.338235294117647,2.3143433455533917,0.9193154034229829,3.254278728606357,2.175409925243576
tempscale_global_cp,3,efficientnet_b0,0.08,"[(0.02973080240190029, 0.1030382290482521), (0.1030382290482521, 0.2696009476979573), (0.2696009476979573, 0.6742244362831116)]","[1.6, 1.8, 1.9000000000000001]",0.03384983490513416,0.9203431372549019,3.1066176470588234,2.1212406957015384,0.9046454767726161,3.0122249388753057,2.032101105493458
tempscale_global_cp,3,efficientnet_b0,0.09,"[(0.02973080240190029, 0.1030382290482521), (0.1030382290482521, 0.2696009476979573), (0.2696009476979573, 0.6742244362831116)]","[1.6, 1.8, 1.9000000000000001]",0.04066301971478681,0.9105392156862745,2.8517156862745097,1.901707694273708,0.8899755501222494,2.726161369193154,1.808246576261504
tempscale_global_cp,3,efficientnet_b0,0.1,"[(0.02973080240190029, 0.1030382290482521), (0.1030382290482521, 0.2696009476979573), (0.2696009476979573, 0.6742244362831116)]","[1.6, 1.8, 1.9000000000000001]",0.04807034470931992,0.9007352941176471,2.638480392156863,1.7229533595043416,0.8801955990220048,2.5354523227383865,1.650172948867576
tempscale_global_cp,3,mobilenet_v3_large,0.01,"[(0.02973080240190029, 0.1030382290482521), (0.1030382290482521, 0.2696009476979573), (0.2696009476979573, 0.6742244362831116)]","[1.9000000000000001, 2.3, 2.7]",0.004866731136535574,0.991421568627451,9.969362745098039,6.218669912148346,0.9828850855745721,9.80195599022005,6.067863650349827
tempscale_global_cp,3,mobilenet_v3_large,0.02,"[(0.02973080240190029, 0.1030382290482521), (0.1030382290482521, 0.2696009476979573), (0.2696009476979573, 0.6742244362831116)]","[1.9000000000000001, 2.3, 2.7]",0.008491893040379783,0.9803921568627451,8.300245098039216,5.427715723869723,0.9779951100244498,8.056234718826406,5.2412942375677
tempscale_global_cp,3,mobilenet_v3_large,0.03,"[(0.02973080240190029, 0.1030382290482521), (0.1030382290482521, 0.2696009476979573), (0.2696009476979573, 0.6742244362831116)]","[1.9000000000000001, 2.3, 2.7]",0.011435069238446505,0.9718137254901961,7.370098039215686,4.882721435617569,0.9706601466992665,7.222493887530562,4.71349128963799
tempscale_global_cp,3,mobilenet_v3_large,0.04,"[(0.02973080240190029, 0.1030382290482521), (0.1030382290482521, 0.2696009476979573), (0.2696009476979573, 0.6742244362831116)]","[1.9000000000000001, 2.3, 2.7]",0.01356483394717678,0.9607843137254902,6.827205882352941,4.524529553788178,0.9657701711491442,6.71638141809291,4.451614427760387
tempscale_global_cp,3,mobilenet_v3_large,0.05,"[(0.02973080240190029, 0.1030382290482521), (0.1030382290482521, 0.2696009476979573), (0.2696009476979573, 0.6742244362831116)]","[1.9000000000000001, 2.3, 2.7]",0.019553058671012202,0.9522058823529411,5.748774509803922,3.8007189036349804,0.9486552567237164,5.625916870415648,3.721925153577809
tempscale_global_cp,3,mobilenet_v3_large,0.06,"[(0.02973080240190029, 0.1030382290482521), (0.1030382290482521, 0.2696009476979573), (0.2696009476979573, 0.6742244362831116)]","[1.9000000000000001, 2.3, 2.7]",0.02794564766226537,0.9411764705882353,4.7818627450980395,3.103044750927568,0.9339853300733496,4.65281173594132,2.993350114149185
tempscale_global_cp,3,mobilenet_v3_large,0.07,"[(0.02973080240190029, 0.1030382290482521), (0.1030382290482521, 0.2696009476979573), (0.2696009476979573, 0.6742244362831116)]","[1.9000000000000001, 2.3, 2.7]",0.03070436208854721,0.9301470588235294,4.514705882352941,2.9078628045293673,0.9339853300733496,4.420537897310513,2.8438014270747267
tempscale_global_cp,3,mobilenet_v3_large,0.08,"[(0.02973080240190029, 0.1030382290482521), (0.1030382290482521, 0.2696009476979573), (0.2696009476979573, 0.6742244362831116)]","[1.9000000000000001, 2.3, 2.7]",0.03380226732022551,0.9203431372549019,4.245098039215686,2.694170447865728,0.9315403422982885,4.185819070904645,2.6313316934039492
tempscale_global_cp,3,mobilenet_v3_large,0.09,"[(0.02973080240190029, 0.1030382290482521), (0.1030382290482521, 0.2696009476979573), (0.2696009476979573, 0.6742244362831116)]","[1.9000000000000001, 2.3, 2.7]",0.03654848740534833,0.9117647058823529,4.0625,2.5470601325110978,0.9290953545232273,4.02200488997555,2.5032018401037552
tempscale_global_cp,3,mobilenet_v3_large,0.1,"[(0.02973080240190029, 0.1030382290482521), (0.1030382290482521, 0.2696009476979573), (0.2696009476979573, 0.6742244362831116)]","[1.9000000000000001, 2.3, 2.7]",0.039285705401326365,0.9007352941176471,3.894607843137255,2.4417067205047562,0.921760391198044,3.836185819070905,2.3318903472050616
tempscale_global_cp,4,resnet50,0.01,"[(0.02973080240190029, 0.08681334555149078), (0.08681334555149078, 0.1468987613916397), (0.1468987613916397, 0.32508887350559235), (0.32508887350559235, 0.6742244362831116)]","[2.1, 1.8, 2.1, 1.8]",0.0015958287153184925,0.9901960784313726,11.377450980392156,7.058382679588763,0.9902200488997555,11.207823960880196,6.8242582844456
tempscale_global_cp,4,resnet50,0.02,"[(0.02973080240190029, 0.08681334555149078), (0.08681334555149078, 0.1468987613916397), (0.1468987613916397, 0.32508887350559235), (0.32508887350559235, 0.6742244362831116)]","[2.1, 1.8, 2.1, 1.8]",0.004734263872650635,0.9803921568627451,8.442401960784315,5.889431887378832,0.980440097799511,8.114914425427873,5.616426968059188
tempscale_global_cp,4,resnet50,0.03,"[(0.02973080240190029, 0.08681334555149078), (0.08681334555149078, 0.1468987613916397), (0.1468987613916397, 0.32508887350559235), (0.32508887350559235, 0.6742244362831116)]","[2.1, 1.8, 2.1, 1.8]",0.008346620658235215,0.9705882352941176,6.947303921568627,5.048385257837723,0.9682151589242054,6.691931540342298,4.779536497380013
tempscale_global_cp,4,resnet50,0.04,"[(0.02973080240190029, 0.08681334555149078), (0.08681334555149078, 0.1468987613916397), (0.1468987613916397, 0.32508887350559235), (0.32508887350559235, 0.6742244362831116)]","[2.1, 1.8, 2.1, 1.8]",0.017666145271969635,0.9607843137254902,5.077205882352941,3.686244972438504,0.9511002444987775,4.875305623471883,3.552140642795988
tempscale_global_cp,4,resnet50,0.05,"[(0.02973080240190029, 0.08681334555149078), (0.08681334555149078, 0.1468987613916397), (0.1468987613916397, 0.32508887350559235), (0.32508887350559235, 0.6742244362831116)]","[2.1, 1.8, 2.1, 1.8]",0.020857114810868715,0.9509803921568627,4.696078431372549,3.384043340027112,0.9437652811735942,4.574572127139365,3.3485301487037735
tempscale_global_cp,4,resnet50,0.06,"[(0.02973080240190029, 0.08681334555149078), (0.08681334555149078, 0.1468987613916397), (0.1468987613916397, 0.32508887350559235), (0.32508887350559235, 0.6742244362831116)]","[2.1, 1.8, 2.1, 1.8]",0.026963492346220308,0.9411764705882353,4.126225490196078,2.910427242428145,0.9266503667481663,4.0244498777506115,2.8780237638673296
tempscale_global_cp,4,resnet50,0.07,"[(0.02973080240190029, 0.08681334555149078), (0.08681334555149078, 0.1468987613916397), (0.1468987613916397, 0.32508887350559235), (0.32508887350559235, 0.6742244362831116)]","[2.1, 1.8, 2.1, 1.8]",0.033303202348884176,0.9313725490196079,3.7561274509803924,2.5892096423409874,0.9193154034229829,3.6332518337408315,2.514013426516833
tempscale_global_cp,4,resnet50,0.08,"[(0.02973080240190029, 0.08681334555149078), (0.08681334555149078, 0.1468987613916397), (0.1468987613916397, 0.32508887350559235), (0.32508887350559235, 0.6742244362831116)]","[2.1, 1.8, 2.1, 1.8]",0.03973369363387991,0.9215686274509803,3.4375,2.294711657951224,0.9119804400977995,3.3202933985330074,2.244821024003856
tempscale_global_cp,4,resnet50,0.09,"[(0.02973080240190029, 0.08681334555149078), (0.08681334555149078, 0.1468987613916397), (0.1468987613916397, 0.32508887350559235), (0.32508887350559235, 0.6742244362831116)]","[2.1, 1.8, 2.1, 1.8]",0.0467309112872204,0.9117647058823529,3.1801470588235294,2.074151841289987,0.9046454767726161,3.019559902200489,1.9251542476431784
tempscale_global_cp,4,resnet50,0.1,"[(0.02973080240190029, 0.08681334555149078), (0.08681334555149078, 0.1468987613916397), (0.1468987613916397, 0.32508887350559235), (0.32508887350559235, 0.6742244362831116)]","[2.1, 1.8, 2.1, 1.8]",0.050139478588696496,0.9019607843137255,3.0379901960784315,1.9496801849106675,0.9046454767726161,2.902200488997555,1.8315945059242207
tempscale_global_cp,4,convnext_tiny,0.01,"[(0.02973080240190029, 0.08681334555149078), (0.08681334555149078, 0.1468987613916397), (0.1468987613916397, 0.32508887350559235), (0.32508887350559235, 0.6742244362831116)]","[1.9000000000000001, 1.8, 2.4000000000000004, 2.1]",0.004604982129565394,0.9901960784313726,9.502450980392156,5.6817124828517285,0.9877750611246944,9.30562347188264,5.573864322585224
tempscale_global_cp,4,convnext_tiny,0.02,"[(0.02973080240190029, 0.08681334555149078), (0.08681334555149078, 0.1468987613916397), (0.1468987613916397, 0.32508887350559235), (0.32508887350559235, 0.6742244362831116)]","[1.9000000000000001, 1.8, 2.4000000000000004, 2.1]",0.008615332417724164,0.9816176470588235,7.311274509803922,4.67221347626386,0.9706601466992665,7.222493887530562,4.564868785886263
tempscale_global_cp,4,convnext_tiny,0.03,"[(0.02973080240190029, 0.08681334555149078), (0.08681334555149078, 0.1468987613916397), (0.1468987613916397, 0.32508887350559235), (0.32508887350559235, 0.6742244362831116)]","[1.9000000000000001, 1.8, 2.4000000000000004, 2.1]",0.013101321232950491,0.9705882352941176,5.992647058823529,3.9883340731882146,0.9633251833740831,5.943765281173594,3.770204446496099
tempscale_global_cp,4,convnext_tiny,0.04,"[(0.02973080240190029, 0.08681334555149078), (0.08681334555149078, 0.1468987613916397), (0.1468987613916397, 0.32508887350559235), (0.32508887350559235, 0.6742244362831116)]","[1.9000000000000001, 1.8, 2.4000000000000004, 2.1]",0.016375989624014764,0.9620098039215687,5.360294117647059,3.5803236670102376,0.9633251833740831,5.332518337408313,3.396667972539914
tempscale_global_cp,4,convnext_tiny,0.05,"[(0.02973080240190029, 0.08681334555149078), (0.08681334555149078, 0.1468987613916397), (0.1468987613916397, 0.32508887350559235), (0.32508887350559235, 0.6742244362831116)]","[1.9000000000000001, 1.8, 2.4000000000000004, 2.1]",0.021841044441632596,0.9509803921568627,4.607843137254902,3.076338741722935,0.960880195599022,4.657701711491443,2.9906448428492207
tempscale_global_cp,4,convnext_tiny,0.06,"[(0.02973080240190029, 0.08681334555149078), (0.08681334555149078, 0.1468987613916397), (0.1468987613916397, 0.32508887350559235), (0.32508887350559235, 0.6742244362831116)]","[1.9000000000000001, 1.8, 2.4000000000000004, 2.1]",0.026322378798393387,0.9399509803921569,4.14828431372549,2.7695511771923034,0.9559902200488998,4.156479217603912,2.618341049878734
tempscale_global_cp,4,convnext_tiny,0.07,"[(0.02973080240190029, 0.08681334555149078), (0.08681334555149078, 0.1468987613916397), (0.1468987613916397, 0.32508887350559235), (0.32508887350559235, 0.6742244362831116)]","[1.9000000000000001, 1.8, 2.4000000000000004, 2.1]",0.029254159546891145,0.9313725490196079,3.8933823529411766,2.5752698946473194,0.9486552567237164,3.9266503667481665,2.446393239076984
tempscale_global_cp,4,convnext_tiny,0.08,"[(0.02973080240190029, 0.08681334555149078), (0.08681334555149078, 0.1468987613916397), (0.1468987613916397, 0.32508887350559235), (0.32508887350559235, 0.6742244362831116)]","[1.9000000000000001, 1.8, 2.4000000000000004, 2.1]",0.03251742816242298,0.9203431372549019,3.6924019607843137,2.4409177627896517,0.9388753056234719,3.7359413202933984,2.300994609327826
tempscale_global_cp,4,convnext_tiny,0.09,"[(0.02973080240190029, 0.08681334555149078), (0.08681334555149078, 0.1468987613916397), (0.1468987613916397, 0.32508887350559235), (0.32508887350559235, 0.6742244362831116)]","[1.9000000000000001, 1.8, 2.4000000000000004, 2.1]",0.03504354372053198,0.9105392156862745,3.519607843137255,2.319378686905573,0.9339853300733496,3.589242053789731,2.197460562069331
tempscale_global_cp,4,convnext_tiny,0.1,"[(0.02973080240190029, 0.08681334555149078), (0.08681334555149078, 0.1468987613916397), (0.1468987613916397, 0.32508887350559235), (0.32508887350559235, 0.6742244362831116)]","[1.9000000000000001, 1.8, 2.4000000000000004, 2.1]",0.04241728574901982,0.9019607843137255,3.1495098039215685,2.022471734430558,0.9193154034229829,3.1858190709046457,1.9111548439831636
tempscale_global_cp,4,densenet121,0.01,"[(0.02973080240190029, 0.08681334555149078), (0.08681334555149078, 0.1468987613916397), (0.1468987613916397, 0.32508887350559235), (0.32508887350559235, 0.6742244362831116)]","[1.3, 1.3, 1.3, 1.6]",0.0009159906253608519,0.991421568627451,11.948529411764707,7.273865236889467,0.980440097799511,11.704156479217604,7.171868933205218
tempscale_global_cp,4,densenet121,0.02,"[(0.02973080240190029, 0.08681334555149078), (0.08681334555149078, 0.1468987613916397), (0.1468987613916397, 0.32508887350559235), (0.32508887350559235, 0.6742244362831116)]","[1.3, 1.3, 1.3, 1.6]",0.0017549386832419467,0.9803921568627451,10.246323529411764,6.930810807138536,0.9706601466992665,9.946210268948656,6.837409077973341
tempscale_global_cp,4,densenet121,0.03,"[(0.02973080240190029, 0.08681334555149078), (0.08681334555149078, 0.1468987613916397), (0.1468987613916397, 0.32508887350559235), (0.32508887350559235, 0.6742244362831116)]","[1.3, 1.3, 1.3, 1.6]",0.0027310115527640066,0.9705882352941176,9.031862745098039,6.438164735204567,0.960880195599022,8.814180929095354,6.489012294936855
tempscale_global_cp,4,densenet121,0.04,"[(0.02973080240190029, 0.08681334555149078), (0.08681334555149078, 0.1468987613916397), (0.1468987613916397, 0.32508887350559235), (0.32508887350559235, 0.6742244362831116)]","[1.3, 1.3, 1.3, 1.6]",0.004943582529805202,0.9620098039215687,7.508578431372549,5.6866652534356925,0.9559902200488998,7.30562347188264,5.769576447742411
tempscale_global_cp,4,densenet121,0.05,"[(0.02973080240190029, 0.08681334555149078), (0.08681334555149078, 0.1468987613916397), (0.1468987613916397, 0.32508887350559235), (0.32508887350559235, 0.6742244362831116)]","[1.3, 1.3, 1.3, 1.6]",0.00790979382817003,0.9522058823529411,6.319852941176471,4.942006615752189,0.9339853300733496,6.12958435207824,4.948174450197162
tempscale_global_cp,4,densenet121,0.06,"[(0.02973080240190029, 0.08681334555149078), (0.08681334555149078, 0.1468987613916397), (0.1468987613916397, 0.32508887350559235), (0.32508887350559235, 0.6742244362831116)]","[1.3, 1.3, 1.3, 1.6]",0.0099197222438695,0.9411764705882353,5.813725490196078,4.56967925282114,0.9266503667481663,5.618581907090465,4.514171864502318
tempscale_global_cp,4,densenet121,0.07,"[(0.02973080240190029, 0.08681334555149078), (0.08681334555149078, 0.1468987613916397), (0.1468987613916397, 0.32508887350559235), (0.32508887350559235, 0.6742244362831116)]","[1.3, 1.3, 1.3, 1.6]",0.014041715540323185,0.9313725490196079,5.028186274509804,3.8825198564708003,0.9144254278728606,4.809290953545232,3.8559402921172063
tempscale_global_cp,4,densenet121,0.08,"[(0.02973080240190029, 0.08681334555149078), (0.08681334555149078, 0.1468987613916397), (0.1468987613916397, 0.32508887350559235), (0.32508887350559235, 0.6742244362831116)]","[1.3, 1.3, 1.3, 1.6]",0.016183634100139788,0.9215686274509803,4.721813725490196,3.627889604840485,0.9070904645476773,4.518337408312958,3.6577654505906474
tempscale_global_cp,4,densenet121,0.09,"[(0.02973080240190029, 0.08681334555149078), (0.08681334555149078, 0.1468987613916397), (0.1468987613916397, 0.32508887350559235), (0.32508887350559235, 0.6742244362831116)]","[1.3, 1.3, 1.3, 1.6]",0.020363349133467934,0.9105392156862745,4.2536764705882355,3.240840972503003,0.8924205378973105,4.075794621026895,3.2794277509143877
tempscale_global_cp,4,densenet121,0.1,"[(0.02973080240190029, 0.08681334555149078), (0.08681334555149078, 0.1468987613916397), (0.1468987613916397, 0.32508887350559235), (0.32508887350559235, 0.6742244362831116)]","[1.3, 1.3, 1.3, 1.6]",0.024264838329128846,0.9019607843137255,3.9044117647058822,2.925241760925341,0.8777506112469438,3.750611246943765,2.958788800627627
tempscale_global_cp,4,efficientnet_b0,0.01,"[(0.02973080240190029, 0.08681334555149078), (0.08681334555149078, 0.1468987613916397), (0.1468987613916397, 0.32508887350559235), (0.32508887350559235, 0.6742244362831116)]","[1.5, 1.8, 1.8, 1.9000000000000001]",0.001484184762638563,0.9901960784313726,9.75,6.225245093214261,0.9877750611246944,9.400977995110024,5.989444588297683
tempscale_global_cp,4,efficientnet_b0,0.02,"[(0.02973080240190029, 0.08681334555149078), (0.08681334555149078, 0.1468987613916397), (0.1468987613916397, 0.32508887350559235), (0.32508887350559235, 0.6742244362831116)]","[1.5, 1.8, 1.8, 1.9000000000000001]",0.0033028608696202832,0.9816176470588235,7.671568627450981,5.274102050716188,0.980440097799511,7.4156479217603914,5.05261796463762
tempscale_global_cp,4,efficientnet_b0,0.03,"[(0.02973080240190029, 0.08681334555149078), (0.08681334555149078, 0.1468987613916397), (0.1468987613916397, 0.32508887350559235), (0.32508887350559235, 0.6742244362831116)]","[1.5, 1.8, 1.8, 1.9000000000000001]",0.005058941852333132,0.9718137254901961,6.615196078431373,4.678797027892951,0.9755501222493888,6.396088019559902,4.435860132156666
tempscale_global_cp,4,efficientnet_b0,0.04,"[(0.02973080240190029, 0.08681334555149078), (0.08681334555149078, 0.1468987613916397), (0.1468987613916397, 0.32508887350559235), (0.32508887350559235, 0.6742244362831116)]","[1.5, 1.8, 1.8, 1.9000000000000001]",0.010318808841527138,0.9620098039215687,5.03921568627451,3.6411901971084464,0.960880195599022,4.87041564792176,3.4108026392423705
tempscale_global_cp,4,efficientnet_b0,0.05,"[(0.02973080240190029, 0.08681334555149078), (0.08681334555149078, 0.1468987613916397), (0.1468987613916397, 0.32508887350559235), (0.32508887350559235, 0.6742244362831116)]","[1.5, 1.8, 1.8, 1.9000000000000001]",0.014039090766296836,0.9522058823529411,4.459558823529412,3.204750120489129,0.9584352078239609,4.334963325183374,3.080465316059756
tempscale_global_cp,4,efficientnet_b0,0.06,"[(0.02973080240190029, 0.08681334555149078), (0.08681334555149078, 0.1468987613916397), (0.1468987613916397, 0.32508887350559235), (0.32508887350559235, 0.6742244362831116)]","[1.5, 1.8, 1.8, 1.9000000000000001]",0.021724245226526273,0.9411764705882353,3.741421568627451,2.6606334824928903,0.9339853300733496,3.643031784841076,2.5482544198395454
tempscale_global_cp,4,efficientnet_b0,0.07,"[(0.02973080240190029, 0.08681334555149078), (0.08681334555149078, 0.1468987613916397), (0.1468987613916397, 0.32508887350559235), (0.32508887350559235, 0.6742244362831116)]","[1.5, 1.8, 1.8, 1.9000000000000001]",0.028790895088080526,0.9313725490196079,3.3284313725490198,2.3125776065824786,0.9144254278728606,3.21760391198044,2.151722600890445
tempscale_global_cp,4,efficientnet_b0,0.08,"[(0.02973080240190029, 0.08681334555149078), (0.08681334555149078, 0.1468987613916397), (0.1468987613916397, 0.32508887350559235), (0.32508887350559235, 0.6742244362831116)]","[1.5, 1.8, 1.8, 1.9000000000000001]",0.034302772844770235,0.9203431372549019,3.090686274509804,2.121692701873709,0.902200488997555,2.980440097799511,2.02299949225852
tempscale_global_cp,4,efficientnet_b0,0.09,"[(0.02973080240190029, 0.08681334555149078), (0.08681334555149078, 0.1468987613916397), (0.1468987613916397, 0.32508887350559235), (0.32508887350559235, 0.6742244362831116)]","[1.5, 1.8, 1.8, 1.9000000000000001]",0.040579104974606484,0.9105392156862745,2.844362745098039,1.899830380918026,0.8899755501222494,2.7188264058679708,1.8145466518588516
tempscale_global_cp,4,efficientnet_b0,0.1,"[(0.02973080240190029, 0.08681334555149078), (0.08681334555149078, 0.1468987613916397), (0.1468987613916397, 0.32508887350559235), (0.32508887350559235, 0.6742244362831116)]","[1.5, 1.8, 1.8, 1.9000000000000001]",0.04658745860108726,0.9019607843137255,2.674019607843137,1.7682137656924177,0.8801955990220048,2.5623471882640585,1.6464083653143833
tempscale_global_cp,4,mobilenet_v3_large,0.01,"[(0.02973080240190029, 0.08681334555149078), (0.08681334555149078, 0.1468987613916397), (0.1468987613916397, 0.32508887350559235), (0.32508887350559235, 0.6742244362831116)]","[1.7000000000000002, 2.2, 2.6, 2.8000000000000003]",0.0033567671622788398,0.991421568627451,11.319852941176471,6.827847964147339,0.9828850855745721,11.144254278728607,6.802575558114065
tempscale_global_cp,4,mobilenet_v3_large,0.02,"[(0.02973080240190029, 0.08681334555149078), (0.08681334555149078, 0.1468987613916397), (0.1468987613916397, 0.32508887350559235), (0.32508887350559235, 0.6742244362831116)]","[1.7000000000000002, 2.2, 2.6, 2.8000000000000003]",0.007995344061821452,0.9803921568627451,8.637254901960784,5.733098289219235,0.9779951100244498,8.496332518337407,5.579442817038298
tempscale_global_cp,4,mobilenet_v3_large,0.03,"[(0.02973080240190029, 0.08681334555149078), (0.08681334555149078, 0.1468987613916397), (0.1468987613916397, 0.32508887350559235), (0.32508887350559235, 0.6742244362831116)]","[1.7000000000000002, 2.2, 2.6, 2.8000000000000003]",0.012111570226957191,0.9718137254901961,7.363970588235294,4.955550059407312,0.9731051344743277,7.193154034229829,4.857313904312394
tempscale_global_cp,4,mobilenet_v3_large,0.04,"[(0.02973080240190029, 0.08681334555149078), (0.08681334555149078, 0.1468987613916397), (0.1468987613916397, 0.32508887350559235), (0.32508887350559235, 0.6742244362831116)]","[1.7000000000000002, 2.2, 2.6, 2.8000000000000003]",0.015599625055579436,0.9607843137254902,6.560049019607843,4.392096511041506,0.960880195599022,6.425427872860635,4.37261301984589
tempscale_global_cp,4,mobilenet_v3_large,0.05,"[(0.02973080240190029, 0.08681334555149078), (0.08681334555149078, 0.1468987613916397), (0.1468987613916397, 0.32508887350559235), (0.32508887350559235, 0.6742244362831116)]","[1.7000000000000002, 2.2, 2.6, 2.8000000000000003]",0.017943808300077357,0.9522058823529411,6.1556372549019605,4.113767247481949,0.9559902200488998,6.019559902200489,4.05881079117859
tempscale_global_cp,4,mobilenet_v3_large,0.06,"[(0.02973080240190029, 0.08681334555149078), (0.08681334555149078, 0.1468987613916397), (0.1468987613916397, 0.32508887350559235), (0.32508887350559235, 0.6742244362831116)]","[1.7000000000000002, 2.2, 2.6, 2.8000000000000003]",0.02573829917193038,0.9399509803921569,5.111519607843137,3.338877445003453,0.9388753056234719,5.02200488997555,3.3076934679948344
tempscale_global_cp,4,mobilenet_v3_large,0.07,"[(0.02973080240190029, 0.08681334555149078), (0.08681334555149078, 0.1468987613916397), (0.1468987613916397, 0.32508887350559235), (0.32508887350559235, 0.6742244362831116)]","[1.7000000000000002, 2.2, 2.6, 2.8000000000000003]",0.030072515094355934,0.9313725490196079,4.676470588235294,3.0410968245344923,0.9388753056234719,4.579462102689487,2.9426745820760676
tempscale_global_cp,4,mobilenet_v3_large,0.08,"[(0.02973080240190029, 0.08681334555149078), (0.08681334555149078, 0.1468987613916397), (0.1468987613916397, 0.32508887350559235), (0.32508887350559235, 0.6742244362831116)]","[1.7000000000000002, 2.2, 2.6, 2.8000000000000003]",0.03504991814734004,0.9215686274509803,4.245098039215686,2.692350363638505,0.9315403422982885,4.168704156479218,2.6105669288456723
tempscale_global_cp,4,mobilenet_v3_large,0.09,"[(0.02973080240190029, 0.08681334555149078), (0.08681334555149078, 0.1468987613916397), (0.1468987613916397, 0.32508887350559235), (0.32508887350559235, 0.6742244362831116)]","[1.7000000000000002, 2.2, 2.6, 2.8000000000000003]",0.038117288816155614,0.9105392156862745,4.025735294117647,2.5206158694460656,0.9242053789731052,3.9877750611246943,2.457929076081231
tempscale_global_cp,4,mobilenet_v3_large,0.1,"[(0.02973080240190029, 0.08681334555149078), (0.08681334555149078, 0.1468987613916397), (0.1468987613916397, 0.32508887350559235), (0.32508887350559235, 0.6742244362831116)]","[1.7000000000000002, 2.2, 2.6, 2.8000000000000003]",0.03992293526002666,0.9007352941176471,3.8933823529411766,2.453919500030463,0.9242053789731052,3.8655256723716382,2.3473461642080196
tempscale_global_cp,5,resnet50,0.01,"[(0.02973080240190029, 0.07770626991987228), (0.07770626991987228, 0.11664925217628479), (0.11664925217628479, 0.23250193297863012), (0.23250193297863012, 0.38502268791198735), (0.38502268791198735, 0.6742244362831116)]","[1.9000000000000001, 2.0, 2.1, 2.0, 1.7000000000000002]",0.0015958287153184925,0.9901960784313726,11.395833333333334,6.990464954918786,0.9926650366748166,11.254278728606357,6.660021037916386
tempscale_global_cp,5,resnet50,0.02,"[(0.02973080240190029, 0.07770626991987228), (0.07770626991987228, 0.11664925217628479), (0.11664925217628479, 0.23250193297863012), (0.23250193297863012, 0.38502268791198735), (0.38502268791198735, 0.6742244362831116)]","[1.9000000000000001, 2.0, 2.1, 2.0, 1.7000000000000002]",0.004960272042457858,0.9816176470588235,8.323529411764707,5.748677196019699,0.9828850855745721,7.9559902200489,5.43582426028081
tempscale_global_cp,5,resnet50,0.03,"[(0.02973080240190029, 0.07770626991987228), (0.07770626991987228, 0.11664925217628479), (0.11664925217628479, 0.23250193297863012), (0.23250193297863012, 0.38502268791198735), (0.38502268791198735, 0.6742244362831116)]","[1.9000000000000001, 2.0, 2.1, 2.0, 1.7000000000000002]",0.008130718186990071,0.9718137254901961,7.036764705882353,5.005743889354823,0.9682151589242054,6.667481662591687,4.712460075803842
tempscale_global_cp,5,resnet50,0.04,"[(0.02973080240190029, 0.07770626991987228), (0.07770626991987228, 0.11664925217628479), (0.11664925217628479, 0.23250193297863012), (0.23250193297863012, 0.38502268791198735), (0.38502268791198735, 0.6742244362831116)]","[1.9000000000000001, 2.0, 2.1, 2.0, 1.7000000000000002]",0.015504580786984135,0.9620098039215687,5.340686274509804,3.8379058218844753,0.9511002444987775,5.100244498777506,3.6580252985011774
tempscale_global_cp,5,resnet50,0.05,"[(0.02973080240190029, 0.07770626991987228), (0.07770626991987228, 0.11664925217628479), (0.11664925217628479, 0.23250193297863012), (0.23250193297863012, 0.38502268791198735), (0.38502268791198735, 0.6742244362831116)]","[1.9000000000000001, 2.0, 2.1, 2.0, 1.7000000000000002]",0.01809560642321295,0.9509803921568627,4.959558823529412,3.5655049145330593,0.941320293398533,4.78239608801956,3.4941912159857864
tempscale_global_cp,5,resnet50,0.06,"[(0.02973080240190029, 0.07770626991987228), (0.07770626991987228, 0.11664925217628479), (0.11664925217628479, 0.23250193297863012), (0.23250193297863012, 0.38502268791198735), (0.38502268791198735, 0.6742244362831116)]","[1.9000000000000001, 2.0, 2.1, 2.0, 1.7000000000000002]",0.02445775145557505,0.9411764705882353,4.295343137254902,3.0522055477615258,0.9315403422982885,4.17359413202934,2.9604874774637784
tempscale_global_cp,5,resnet50,0.07,"[(0.02973080240190029, 0.07770626991987228), (0.07770626991987228, 0.11664925217628479), (0.11664925217628479, 0.23250193297863012), (0.23250193297863012, 0.38502268791198735), (0.38502268791198735, 0.6742244362831116)]","[1.9000000000000001, 2.0, 2.1, 2.0, 1.7000000000000002]",0.03382037869615673,0.9301470588235294,3.7230392156862746,2.5358717761607736,0.9242053789731052,3.5916870415647923,2.4418978029500185
tempscale_global_cp,5,resnet50,0.08,"[(0.02973080240190029, 0.07770626991987228), (0.07770626991987228, 0.11664925217628479), (0.11664925217628479, 0.23250193297863012), (0.23250193297863012, 0.38502268791198735), (0.38502268791198735, 0.6742244362831116)]","[1.9000000000000001, 2.0, 2.1, 2.0, 1.7000000000000002]",0.03984080759311648,0.9203431372549019,3.435049019607843,2.258577766429317,0.9144254278728606,3.2860635696821516,2.158471433664163
tempscale_global_cp,5,resnet50,0.09,"[(0.02973080240190029, 0.07770626991987228), (0.07770626991987228, 0.11664925217628479), (0.11664925217628479, 0.23250193297863012), (0.23250193297863012, 0.38502268791198735), (0.38502268791198735, 0.6742244362831116)]","[1.9000000000000001, 2.0, 2.1, 2.0, 1.7000000000000002]",0.04526142077639905,0.9105392156862745,3.2144607843137254,2.093251693041932,0.9095354523227384,3.0464547677261615,1.9455405465127655
tempscale_global_cp,5,resnet50,0.1,"[(0.02973080240190029, 0.07770626991987228), (0.07770626991987228, 0.11664925217628479), (0.11664925217628479, 0.23250193297863012), (0.23250193297863012, 0.38502268791198735), (0.38502268791198735, 0.6742244362831116)]","[1.9000000000000001, 2.0, 2.1, 2.0, 1.7000000000000002]",0.04699015846748145,0.9019607843137255,3.1519607843137254,2.036780927709639,0.9070904645476773,2.980440097799511,1.869745952947436
tempscale_global_cp,5,convnext_tiny,0.01,"[(0.02973080240190029, 0.07770626991987228), (0.07770626991987228, 0.11664925217628479), (0.11664925217628479, 0.23250193297863012), (0.23250193297863012, 0.38502268791198735), (0.38502268791198735, 0.6742244362831116)]","[1.9000000000000001, 2.0, 2.2, 2.2, 2.1]",0.005402625911761216,0.9901960784313726,9.143382352941176,5.286199228668815,0.9828850855745721,8.95843520782396,5.113932596141663
tempscale_global_cp,5,convnext_tiny,0.02,"[(0.02973080240190029, 0.07770626991987228), (0.07770626991987228, 0.11664925217628479), (0.11664925217628479, 0.23250193297863012), (0.23250193297863012, 0.38502268791198735), (0.38502268791198735, 0.6742244362831116)]","[1.9000000000000001, 2.0, 2.2, 2.2, 2.1]",0.010238502928483828,0.9803921568627451,6.846813725490196,4.278859872493964,0.9682151589242054,6.809290953545232,4.14325524737861
tempscale_global_cp,5,convnext_tiny,0.03,"[(0.02973080240190029, 0.07770626991987228), (0.07770626991987228, 0.11664925217628479), (0.11664925217628479, 0.23250193297863012), (0.23250193297863012, 0.38502268791198735), (0.38502268791198735, 0.6742244362831116)]","[1.9000000000000001, 2.0, 2.2, 2.2, 2.1]",0.01324816903686743,0.9705882352941176,6.007352941176471,3.851717830784278,0.9633251833740831,5.982885085574572,3.7249178116001556
tempscale_global_cp,5,convnext_tiny,0.04,"[(0.02973080240190029, 0.07770626991987228), (0.07770626991987228, 0.11664925217628479), (0.11664925217628479, 0.23250193297863012), (0.23250193297863012, 0.38502268791198735), (0.38502268791198735, 0.6742244362831116)]","[1.9000000000000001, 2.0, 2.2, 2.2, 2.1]",0.016375989624014764,0.9620098039215687,5.404411764705882,3.5241714569386104,0.9633251833740831,5.405867970660147,3.3304646682968477
tempscale_global_cp,5,convnext_tiny,0.05,"[(0.02973080240190029, 0.07770626991987228), (0.07770626991987228, 0.11664925217628479), (0.11664925217628479, 0.23250193297863012), (0.23250193297863012, 0.38502268791198735), (0.38502268791198735, 0.6742244362831116)]","[1.9000000000000001, 2.0, 2.2, 2.2, 2.1]",0.02185666290879773,0.9509803921568627,4.667892156862745,3.0524417208127157,0.960880195599022,4.7530562347188265,2.9832698457209292
tempscale_global_cp,5,convnext_tiny,0.06,"[(0.02973080240190029, 0.07770626991987228), (0.07770626991987228, 0.11664925217628479), (0.11664925217628479, 0.23250193297863012), (0.23250193297863012, 0.38502268791198735), (0.38502268791198735, 0.6742244362831116)]","[1.9000000000000001, 2.0, 2.2, 2.2, 2.1]",0.025826970454253195,0.9411764705882353,4.232843137254902,2.770591314195589,0.9559902200488998,4.26161369193154,2.66784132719669
tempscale_global_cp,5,convnext_tiny,0.07,"[(0.02973080240190029, 0.07770626991987228), (0.07770626991987228, 0.11664925217628479), (0.11664925217628479, 0.23250193297863012), (0.23250193297863012, 0.38502268791198735), (0.38502268791198735, 0.6742244362831116)]","[1.9000000000000001, 2.0, 2.2, 2.2, 2.1]",0.030496239147530302,0.9313725490196079,3.872549019607843,2.52505705090839,0.9486552567237164,3.9486552567237165,2.382660344825692
tempscale_global_cp,5,convnext_tiny,0.08,"[(0.02973080240190029, 0.07770626991987228), (0.07770626991987228, 0.11664925217628479), (0.11664925217628479, 0.23250193297863012), (0.23250193297863012, 0.38502268791198735), (0.38502268791198735, 0.6742244362831116)]","[1.9000000000000001, 2.0, 2.2, 2.2, 2.1]",0.03304496499756615,0.9203431372549019,3.6948529411764706,2.394596240463993,0.9437652811735942,3.8092909535452324,2.301867369068793
tempscale_global_cp,5,convnext_tiny,0.09,"[(0.02973080240190029, 0.07770626991987228), (0.07770626991987228, 0.11664925217628479), (0.11664925217628479, 0.23250193297863012), (0.23250193297863012, 0.38502268791198735), (0.38502268791198735, 0.6742244362831116)]","[1.9000000000000001, 2.0, 2.2, 2.2, 2.1]",0.034935206728825774,0.9105392156862745,3.5637254901960786,2.289866389444396,0.9364303178484108,3.6723716381418092,2.182447090865636
tempscale_global_cp,5,convnext_tiny,0.1,"[(0.02973080240190029, 0.07770626991987228), (0.07770626991987228, 0.11664925217628479), (0.11664925217628479, 0.23250193297863012), (0.23250193297863012, 0.38502268791198735), (0.38502268791198735, 0.6742244362831116)]","[1.9000000000000001, 2.0, 2.2, 2.2, 2.1]",0.0437634884074547,0.9019607843137255,3.1544117647058822,1.9779867332023076,0.9144254278728606,3.163814180929095,1.8514676989588283
tempscale_global_cp,5,densenet121,0.01,"[(0.02973080240190029, 0.07770626991987228), (0.07770626991987228, 0.11664925217628479), (0.11664925217628479, 0.23250193297863012), (0.23250193297863012, 0.38502268791198735), (0.38502268791198735, 0.6742244362831116)]","[1.1, 1.4, 1.4, 1.4, 1.6]",0.0002632205166112067,0.991421568627451,15.061274509803921,7.372854978397955,0.9902200488997555,14.85085574572127,7.210407819970444
tempscale_global_cp,5,densenet121,0.02,"[(0.02973080240190029, 0.07770626991987228), (0.07770626991987228, 0.11664925217628479), (0.11664925217628479, 0.23250193297863012), (0.23250193297863012, 0.38502268791198735), (0.38502268791198735, 0.6742244362831116)]","[1.1, 1.4, 1.4, 1.4, 1.6]",0.002139770031384991,0.9803921568627451,9.761029411764707,6.741770649416296,0.9731051344743277,9.535452322738386,6.678384637951101
tempscale_global_cp,5,densenet121,0.03,"[(0.02973080240190029, 0.07770626991987228), (0.07770626991987228, 0.11664925217628479), (0.11664925217628479, 0.23250193297863012), (0.23250193297863012, 0.38502268791198735), (0.38502268791198735, 0.6742244362831116)]","[1.1, 1.4, 1.4, 1.4, 1.6]",0.0032987682744175517,0.9718137254901961,8.625,6.224088444164681,0.9584352078239609,8.398533007334963,6.263574816833781
tempscale_global_cp,5,densenet121,0.04,"[(0.02973080240190029, 0.07770626991987228), (0.07770626991987228, 0.11664925217628479), (0.11664925217628479, 0.23250193297863012), (0.23250193297863012, 0.38502268791198735), (0.38502268791198735, 0.6742244362831116)]","[1.1, 1.4, 1.4, 1.4, 1.6]",0.005327788186082372,0.9620098039215687,7.3161764705882355,5.502943337944053,0.9535452322738386,7.193154034229829,5.617763659693745
tempscale_global_cp,5,densenet121,0.05,"[(0.02973080240190029, 0.07770626991987228), (0.07770626991987228, 0.11664925217628479), (0.11664925217628479, 0.23250193297863012), (0.23250193297863012, 0.38502268791198735), (0.38502268791198735, 0.6742244362831116)]","[1.1, 1.4, 1.4, 1.4, 1.6]",0.007232465448143044,0.9522058823529411,6.575980392156863,5.036300727639621,0.9462102689486552,6.408312958435208,5.0398926270098325
tempscale_global_cp,5,densenet121,0.06,"[(0.02973080240190029, 0.07770626991987228), (0.07770626991987228, 0.11664925217628479), (0.11664925217628479, 0.23250193297863012), (0.23250193297863012, 0.38502268791198735), (0.38502268791198735, 0.6742244362831116)]","[1.1, 1.4, 1.4, 1.4, 1.6]",0.010581178085692922,0.9411764705882353,5.669117647058823,4.416804719176029,0.9266503667481663,5.471882640586797,4.346239318211278
tempscale_global_cp,5,densenet121,0.07,"[(0.02973080240190029, 0.07770626991987228), (0.07770626991987228, 0.11664925217628479), (0.11664925217628479, 0.23250193297863012), (0.23250193297863012, 0.38502268791198735), (0.38502268791198735, 0.6742244362831116)]","[1.1, 1.4, 1.4, 1.4, 1.6]",0.01375364109978805,0.9301470588235294,5.079656862745098,3.914500178434369,0.9168704156479217,4.880195599022005,3.8591109559138075
tempscale_global_cp,5,densenet121,0.08,"[(0.02973080240190029, 0.07770626991987228), (0.07770626991987228, 0.11664925217628479), (0.11664925217628479, 0.23250193297863012), (0.23250193297863012, 0.38502268791198735), (0.38502268791198735, 0.6742244362831116)]","[1.1, 1.4, 1.4, 1.4, 1.6]",0.018545129506155167,0.9215686274509803,4.455882352941177,3.402423401895627,0.8997555012224939,4.278728606356968,3.4065322474974984
tempscale_global_cp,5,densenet121,0.09,"[(0.02973080240190029, 0.07770626991987228), (0.07770626991987228, 0.11664925217628479), (0.11664925217628479, 0.23250193297863012), (0.23250193297863012, 0.38502268791198735), (0.38502268791198735, 0.6742244362831116)]","[1.1, 1.4, 1.4, 1.4, 1.6]",0.02061275263603557,0.9117647058823529,4.235294117647059,3.2128005942779656,0.8948655256723717,4.100244498777506,3.250311241651207
tempscale_global_cp,5,densenet121,0.1,"[(0.02973080240190029, 0.07770626991987228), (0.07770626991987228, 0.11664925217628479), (0.11664925217628479, 0.23250193297863012), (0.23250193297863012, 0.38502268791198735), (0.38502268791198735, 0.6742244362831116)]","[1.1, 1.4, 1.4, 1.4, 1.6]",0.023239449781039423,0.9019607843137255,3.965686274509804,2.9895732234616803,0.8899755501222494,3.8753056234718826,3.0667554858144097
tempscale_global_cp,5,efficientnet_b0,0.01,"[(0.02973080240190029, 0.07770626991987228), (0.07770626991987228, 0.11664925217628479), (0.11664925217628479, 0.23250193297863012), (0.23250193297863012, 0.38502268791198735), (0.38502268791198735, 0.6742244362831116)]","[1.5, 1.8, 1.9000000000000001, 1.8, 1.9000000000000001]",0.001484184762638563,0.9901960784313726,9.942401960784315,6.226553362784583,0.9877750611246944,9.69682151589242,5.994782953541768
tempscale_global_cp,5,efficientnet_b0,0.02,"[(0.02973080240190029, 0.07770626991987228), (0.07770626991987228, 0.11664925217628479), (0.11664925217628479, 0.23250193297863012), (0.23250193297863012, 0.38502268791198735), (0.38502268791198735, 0.6742244362831116)]","[1.5, 1.8, 1.9000000000000001, 1.8, 1.9000000000000001]",0.0038060571054215897,0.9816176470588235,7.486519607843137,5.093711486764817,0.9755501222493888,7.205378973105135,4.844463016929127
tempscale_global_cp,5,efficientnet_b0,0.03,"[(0.02973080240190029, 0.07770626991987228), (0.07770626991987228, 0.11664925217628479), (0.11664925217628479, 0.23250193297863012), (0.23250193297863012, 0.38502268791198735), (0.38502268791198735, 0.6742244362831116)]","[1.5, 1.8, 1.9000000000000001, 1.8, 1.9000000000000001]",0.006692576790419014,0.9705882352941176,6.116421568627451,4.296592920470903,0.9682151589242054,5.904645476772616,4.054422311222187
tempscale_global_cp,5,efficientnet_b0,0.04,"[(0.02973080240190029, 0.07770626991987228), (0.07770626991987228, 0.11664925217628479), (0.11664925217628479, 0.23250193297863012), (0.23250193297863012, 0.38502268791198735), (0.38502268791198735, 0.6742244362831116)]","[1.5, 1.8, 1.9000000000000001, 1.8, 1.9000000000000001]",0.010525245832406105,0.9620098039215687,5.111519607843137,3.6310972582175682,0.960880195599022,4.91442542787286,3.3819616744821905
tempscale_global_cp,5,efficientnet_b0,0.05,"[(0.02973080240190029, 0.07770626991987228), (0.07770626991987228, 0.11664925217628479), (0.11664925217628479, 0.23250193297863012), (0.23250193297863012, 0.38502268791198735), (0.38502268791198735, 0.6742244362831116)]","[1.5, 1.8, 1.9000000000000001, 1.8, 1.9000000000000001]",0.014206708933099166,0.9509803921568627,4.517156862745098,3.185013890895611,0.9584352078239609,4.39119804400978,3.078201739417615
tempscale_global_cp,5,efficientnet_b0,0.06,"[(0.02973080240190029, 0.07770626991987228), (0.07770626991987228, 0.11664925217628479), (0.11664925217628479, 0.23250193297863012), (0.23250193297863012, 0.38502268791198735), (0.38502268791198735, 0.6742244362831116)]","[1.5, 1.8, 1.9000000000000001, 1.8, 1.9000000000000001]",0.023436307563861836,0.9411764705882353,3.6924019607843137,2.6093236136555524,0.9339853300733496,3.5745721271393642,2.4264110910344487
tempscale_global_cp,5,efficientnet_b0,0.07,"[(0.02973080240190029, 0.07770626991987228), (0.07770626991987228, 0.11664925217628479), (0.11664925217628479, 0.23250193297863012), (0.23250193297863012, 0.38502268791198735), (0.38502268791198735, 0.6742244362831116)]","[1.5, 1.8, 1.9000000000000001, 1.8, 1.9000000000000001]",0.028790895088080526,0.9313725490196079,3.3872549019607843,2.3351605549464756,0.9193154034229829,3.2811735941320292,2.182764804636305
tempscale_global_cp,5,efficientnet_b0,0.08,"[(0.02973080240190029, 0.07770626991987228), (0.07770626991987228, 0.11664925217628479), (0.11664925217628479, 0.23250193297863012), (0.23250193297863012, 0.38502268791198735), (0.38502268791198735, 0.6742244362831116)]","[1.5, 1.8, 1.9000000000000001, 1.8, 1.9000000000000001]",0.034386769902027714,0.9215686274509803,3.133578431372549,2.124333791468283,0.9046454767726161,3.0122249388753057,2.0284883475872784
tempscale_global_cp,5,efficientnet_b0,0.09,"[(0.02973080240190029, 0.07770626991987228), (0.07770626991987228, 0.11664925217628479), (0.11664925217628479, 0.23250193297863012), (0.23250193297863012, 0.38502268791198735), (0.38502268791198735, 0.6742244362831116)]","[1.5, 1.8, 1.9000000000000001, 1.8, 1.9000000000000001]",0.04194918950295945,0.9105392156862745,2.840686274509804,1.8894992384662535,0.8899755501222494,2.706601466992665,1.7723716212774985
tempscale_global_cp,5,efficientnet_b0,0.1,"[(0.02973080240190029, 0.07770626991987228), (0.07770626991987228, 0.11664925217628479), (0.11664925217628479, 0.23250193297863012), (0.23250193297863012, 0.38502268791198735), (0.38502268791198735, 0.6742244362831116)]","[1.5, 1.8, 1.9000000000000001, 1.8, 1.9000000000000001]",0.04658745860108726,0.9019607843137255,2.6911764705882355,1.775437142590383,0.8850855745721271,2.6014669926650367,1.6592624512603031
tempscale_global_cp,5,mobilenet_v3_large,0.01,"[(0.02973080240190029, 0.07770626991987228), (0.07770626991987228, 0.11664925217628479), (0.11664925217628479, 0.23250193297863012), (0.23250193297863012, 0.38502268791198735), (0.38502268791198735, 0.6742244362831116)]","[1.8, 2.0, 2.1, 2.8000000000000003, 2.8000000000000003]",0.0038992070840733195,0.9901960784313726,10.54656862745098,6.6989015773729275,0.9828850855745721,10.525672371638143,6.629190180197495
tempscale_global_cp,5,mobilenet_v3_large,0.02,"[(0.02973080240190029, 0.07770626991987228), (0.07770626991987228, 0.11664925217628479), (0.11664925217628479, 0.23250193297863012), (0.23250193297863012, 0.38502268791198735), (0.38502268791198735, 0.6742244362831116)]","[1.8, 2.0, 2.1, 2.8000000000000003, 2.8000000000000003]",0.007797546758945617,0.9803921568627451,8.52450980392157,5.777482257029963,0.9755501222493888,8.386308068459657,5.63541094693108
tempscale_global_cp,5,mobilenet_v3_large,0.03,"[(0.02973080240190029, 0.07770626991987228), (0.07770626991987228, 0.11664925217628479), (0.11664925217628479, 0.23250193297863012), (0.23250193297863012, 0.38502268791198735), (0.38502268791198735, 0.6742244362831116)]","[1.8, 2.0, 2.1, 2.8000000000000003, 2.8000000000000003]",0.010666386248853632,0.9705882352941176,7.5870098039215685,5.215435037209731,0.9731051344743277,7.422982885085575,5.031884635505583
tempscale_global_cp,5,mobilenet_v3_large,0.04,"[(0.02973080240190029, 0.07770626991987228), (0.07770626991987228, 0.11664925217628479), (0.11664925217628479, 0.23250193297863012), (0.23250193297863012, 0.38502268791198735), (0.38502268791198735, 0.6742244362831116)]","[1.8, 2.0, 2.1, 2.8000000000000003, 2.8000000000000003]",0.013294953467204884,0.9620098039215687,6.909313725490196,4.780127523076183,0.9682151589242054,6.809290953545232,4.626680542990447
tempscale_global_cp,5,mobilenet_v3_large,0.05,"[(0.02973080240190029, 0.07770626991987228), (0.07770626991987228, 0.11664925217628479), (0.11664925217628479, 0.23250193297863012), (0.23250193297863012, 0.38502268791198735), (0.38502268791198735, 0.6742244362831116)]","[1.8, 2.0, 2.1, 2.8000000000000003, 2.8000000000000003]",0.01953194595830121,0.9509803921568627,5.743872549019608,3.967309641013393,0.9584352078239609,5.657701711491443,3.844813049149023
tempscale_global_cp,5,mobilenet_v3_large,0.06,"[(0.02973080240190029, 0.07770626991987228), (0.07770626991987228, 0.11664925217628479), (0.11664925217628479, 0.23250193297863012), (0.23250193297863012, 0.38502268791198735), (0.38502268791198735, 0.6742244362831116)]","[1.8, 2.0, 2.1, 2.8000000000000003, 2.8000000000000003]",0.02771832975115196,0.9411764705882353,4.800245098039215,3.1909107954677824,0.9339853300733496,4.721271393643032,3.1101320889862647
tempscale_global_cp,5,mobilenet_v3_large,0.07,"[(0.02973080240190029, 0.07770626991987228), (0.07770626991987228, 0.11664925217628479), (0.11664925217628479, 0.23250193297863012), (0.23250193297863012, 0.38502268791198735), (0.38502268791198735, 0.6742244362831116)]","[1.8, 2.0, 2.1, 2.8000000000000003, 2.8000000000000003]",0.029220044125002453,0.9301470588235294,4.650735294117647,3.0920239656963524,0.9339853300733496,4.569682151589242,2.9735032226087816
tempscale_global_cp,5,mobilenet_v3_large,0.08,"[(0.02973080240190029, 0.07770626991987228), (0.07770626991987228, 0.11664925217628479), (0.11664925217628479, 0.23250193297863012), (0.23250193297863012, 0.38502268791198735), (0.38502268791198735, 0.6742244362831116)]","[1.8, 2.0, 2.1, 2.8000000000000003, 2.8000000000000003]",0.032517163043886854,0.9203431372549019,4.370098039215686,2.8599307530003135,0.9339853300733496,4.310513447432763,2.8187135702549595
tempscale_global_cp,5,mobilenet_v3_large,0.09,"[(0.02973080240190029, 0.07770626991987228), (0.07770626991987228, 0.11664925217628479), (0.11664925217628479, 0.23250193297863012), (0.23250193297863012, 0.38502268791198735), (0.38502268791198735, 0.6742244362831116)]","[1.8, 2.0, 2.1, 2.8000000000000003, 2.8000000000000003]",0.03802106313947662,0.9105392156862745,3.9644607843137254,2.5175777542038555,0.9290953545232273,3.936430317848411,2.485334583283641
tempscale_global_cp,5,mobilenet_v3_large,0.1,"[(0.02973080240190029, 0.07770626991987228), (0.07770626991987228, 0.11664925217628479), (0.11664925217628479, 0.23250193297863012), (0.23250193297863012, 0.38502268791198735), (0.38502268791198735, 0.6742244362831116)]","[1.8, 2.0, 2.1, 2.8000000000000003, 2.8000000000000003]",0.03965831279239951,0.9019607843137255,3.8590686274509802,2.456681787911283,0.9266503667481663,3.8288508557457215,2.3620986275791385
