method,nbins_ts,model,alpha,p_threshold,cal_cov,cal_avg_size,cal_std_size,test_cov,test_avg_size,test_std_size,bins_T,Ts,cal_score,test_score
tempscale_global_cp,1.0,resnet50,0.01,0.000959644250922,0.991421568627451,12.372549019607844,7.360861747062078,0.9926650366748166,12.28606356968215,7.177377282212188,"[(0.02973080240190029, 0.6742244362831116)]",[1.9000000000000001],0.73724376114082,0.7398310735719049
tempscale_global_cp,1.0,resnet50,0.02,0.0043324969925798,0.9816176470588236,8.575980392156863,6.0943650861707575,0.9853300733496332,8.21760391198044,5.773989661053306,"[(0.02973080240190029, 0.6742244362831116)]",[1.9000000000000001],0.8186274509803921,0.8286285841298067
tempscale_global_cp,1.0,resnet50,0.03,0.0078295666096109,0.971813725490196,7.0245098039215685,5.201751897094237,0.9706601466992664,6.699266503667482,4.957523678892045,"[(0.02973080240190029, 0.6742244362831116)]",[1.9000000000000001],0.8489861853832441,0.8558012891753722
tempscale_global_cp,1.0,resnet50,0.04,0.0153998273707776,0.9607843137254902,5.350490196078432,4.00608602627351,0.9535452322738386,5.097799511002445,3.829523714714997,"[(0.02973080240190029, 0.6742244362831116)]",[1.9000000000000001],0.8815173796791445,0.8836408090686818
tempscale_global_cp,1.0,resnet50,0.05,0.020572501594175,0.9509803921568628,4.643382352941177,3.44267200303382,0.9437652811735942,4.555012224938875,3.4218527648912405,"[(0.02973080240190029, 0.6742244362831116)]",[1.9000000000000001],0.8926860516934046,0.8910869082018227
tempscale_global_cp,1.0,resnet50,0.06,0.0254922451209353,0.9399509803921569,4.215686274509804,3.0502409129553216,0.9339853300733496,4.10757946210269,3.0429952846439776,"[(0.02973080240190029, 0.6742244362831116)]",[1.9000000000000001],0.8968917112299466,0.8963658590797954
tempscale_global_cp,1.0,resnet50,0.07,0.0346074386870477,0.931372549019608,3.6801470588235294,2.569027048976656,0.9168704156479216,3.555012224938875,2.494498702616753,"[(0.02973080240190029, 0.6742244362831116)]",[1.9000000000000001],0.9047738413547237,0.9003667481662592
tempscale_global_cp,1.0,resnet50,0.08,0.0386761349868295,0.9215686274509804,3.457107843137255,2.370803509885943,0.9168704156479216,3.359413202933985,2.329866812131258,"[(0.02973080240190029, 0.6742244362831116)]",[1.9000000000000001],0.904940953654189,0.904812180484552
tempscale_global_cp,1.0,resnet50,0.09,0.0456014090859417,0.9117647058823528,3.1911764705882355,2.11210808830923,0.9095354523227384,3.063569682151589,2.029336907530192,"[(0.02973080240190029, 0.6742244362831116)]",[1.9000000000000001],0.9060828877005347,0.9078684152033785
tempscale_global_cp,1.0,resnet50,0.1,0.0485534087233006,0.9019607843137256,3.096813725490196,2.0368395464176423,0.8997555012224939,2.946210268948655,1.898923016033995,"[(0.02973080240190029, 0.6742244362831116)]",[1.9000000000000001],0.9033255347593583,0.9056456990442321
tempscale_global_cp,1.0,convnext_tiny,0.01,0.0050147643815298,0.9901960784313726,9.509803921568627,5.299593210506573,0.982885085574572,9.308068459657704,5.1947837703547535,"[(0.02973080240190029, 0.6742244362831116)]",[2.1],0.8016934046345812,0.8026228050677927
tempscale_global_cp,1.0,convnext_tiny,0.02,0.0107760911980957,0.9816176470588236,6.702205882352941,4.087977955118401,0.9706601466992664,6.65281173594132,4.058466132772912,"[(0.02973080240190029, 0.6742244362831116)]",[2.1],0.8612132352941176,0.8568570793509669
tempscale_global_cp,1.0,convnext_tiny,0.03,0.0132481690368674,0.9705882352941176,6.057598039215686,3.750538015679214,0.9682151589242054,6.029339853300733,3.704107256364389,"[(0.02973080240190029, 0.6742244362831116)]",[2.1],0.8703487076648841,0.869804400977995
tempscale_global_cp,1.0,convnext_tiny,0.04,0.0158848383671195,0.9620098039215688,5.547794117647059,3.5195769070544944,0.9633251833740832,5.50122249388753,3.397917307159062,"[(0.02973080240190029, 0.6742244362831116)]",[2.1],0.877645944741533,0.879362080462325
tempscale_global_cp,1.0,convnext_tiny,0.05,0.0211652213815298,0.9509803921568628,4.757352941176471,3.08339080809302,0.9584352078239609,4.82640586797066,2.9851608617834167,"[(0.02973080240190029, 0.6742244362831116)]",[2.1],0.8900958110516934,0.8922538341853745
tempscale_global_cp,1.0,convnext_tiny,0.06,0.0280985913946718,0.9399509803921569,4.095588235294118,2.5944284472123584,0.9535452322738386,4.15158924205379,2.52546999522932,"[(0.02973080240190029, 0.6742244362831116)]",[2.1],0.8996212121212122,0.905145587908424
tempscale_global_cp,1.0,convnext_tiny,0.07,0.0296860393593472,0.9301470588235294,3.941176470588236,2.5110482515872348,0.9511002444987776,4.024449877750612,2.4353526532673397,"[(0.02973080240190029, 0.6742244362831116)]",[2.1],0.8982286096256684,0.9068126250277839
tempscale_global_cp,1.0,convnext_tiny,0.08,0.0334190250136722,0.920343137254902,3.667892156862745,2.3444236024203358,0.9462102689486552,3.762836185819071,2.236611953791856,"[(0.02973080240190029, 0.6742244362831116)]",[2.1],0.8995376559714796,0.9103134029784397
tempscale_global_cp,1.0,convnext_tiny,0.09,0.0402672433214493,0.9105392156862744,3.343137254901961,2.082820005962955,0.9266503667481664,3.359413202933985,1.9816803143754391,"[(0.02973080240190029, 0.6742244362831116)]",[2.1],0.9020164884135471,0.9097021560346744
tempscale_global_cp,1.0,convnext_tiny,0.1,0.0436605341922219,0.9019607843137256,3.178921568627451,1.9684638217091848,0.9193154034229828,3.215158924205379,1.9055099713795036,"[(0.02973080240190029, 0.6742244362831116)]",[2.1],0.9014594474153298,0.9093131807068237
tempscale_global_cp,1.0,densenet121,0.01,0.0009445210000323,0.991421568627451,12.117647058823527,6.860542363581129,0.9755501222493888,11.995110024449875,6.856187792896597,"[(0.02973080240190029, 0.6742244362831116)]",[1.4],0.7430369875222818,0.7378861969326518
tempscale_global_cp,1.0,densenet121,0.02,0.0020179859834598,0.9803921568627452,9.947303921568627,6.357481125459427,0.9755501222493888,9.755501222493889,6.311310552151219,"[(0.02973080240190029, 0.6742244362831116)]",[1.4],0.7868482620320856,0.7887863969771061
tempscale_global_cp,1.0,densenet121,0.03,0.0032504806194189,0.9705882352941176,8.594362745098039,5.855985507203109,0.960880195599022,8.41075794621027,5.929288429795624,"[(0.02973080240190029, 0.6742244362831116)]",[1.4],0.8126949643493762,0.8120137808401867
tempscale_global_cp,1.0,densenet121,0.04,0.0046728382874722,0.9620098039215688,7.525735294117647,5.27520322520239,0.9511002444987776,7.43520782396088,5.419455355517954,"[(0.02973080240190029, 0.6742244362831116)]",[1.4],0.8326927361853833,0.8292953989775507
tempscale_global_cp,1.0,densenet121,0.05,0.0068407780911443,0.9509803921568628,6.613970588235294,4.793454577175909,0.9486552567237164,6.408312958435208,4.756365374875928,"[(0.02973080240190029, 0.6742244362831116)]",[1.4],0.8478999554367201,0.851411424761058
tempscale_global_cp,1.0,densenet121,0.06,0.0105811780856929,0.9411764705882352,5.517156862745098,4.0529219373553245,0.9242053789731052,5.3178484107579465,4.036108327558668,"[(0.02973080240190029, 0.6742244362831116)]",[1.4],0.8679255793226381,0.8639697710602356
tempscale_global_cp,1.0,densenet121,0.07,0.012615128035011,0.9301470588235294,5.129901960784314,3.7665045935367454,0.9168704156479216,4.963325183374083,3.798870594533496,"[(0.02973080240190029, 0.6742244362831116)]",[1.4],0.8712121212121213,0.8683596354745499
tempscale_global_cp,1.0,densenet121,0.08,0.0157680396754943,0.920343137254902,4.660539215686274,3.396756195316778,0.9070904645476772,4.4645476772616135,3.4399266287309187,"[(0.02973080240190029, 0.6742244362831116)]",[1.4],0.876977495543672,0.8748055123360746
tempscale_global_cp,1.0,densenet121,0.09,0.0198072900981016,0.9105392156862744,4.21078431372549,3.0389112750775,0.8875305623471883,4.06356968215159,3.130552646659413,"[(0.02973080240190029, 0.6742244362831116)]",[1.4],0.8822972370766488,0.8741386974883307
tempscale_global_cp,1.0,densenet121,0.1,0.0225885730693724,0.9019607843137256,3.962009803921569,2.8568421274337776,0.8850855745721271,3.860635696821516,3.000837794475101,"[(0.02973080240190029, 0.6742244362831116)]",[1.4],0.8836619875222818,0.8775283396310292
tempscale_global_cp,1.0,efficientnet_b0,0.01,0.001100829645349,0.991421568627451,10.814950980392156,6.347673805631093,0.9926650366748166,10.61124694376528,6.046112182904055,"[(0.02973080240190029, 0.6742244362831116)]",[1.8],0.7726437165775402,0.7778950877972883
tempscale_global_cp,1.0,efficientnet_b0,0.02,0.0036328547207304,0.9803921568627452,7.582107843137255,5.004226005081953,0.980440097799511,7.278728606356968,4.735607442098732,"[(0.02973080240190029, 0.6742244362831116)]",[1.8],0.8406027183600713,0.8475216714825518
tempscale_global_cp,1.0,efficientnet_b0,0.03,0.0068712145517589,0.9705882352941176,6.057598039215686,4.124337869044602,0.9682151589242054,5.809290953545232,3.918211724222548,"[(0.02973080240190029, 0.6742244362831116)]",[1.8],0.8703487076648841,0.8748055123360747
tempscale_global_cp,1.0,efficientnet_b0,0.04,0.0111574200576285,0.9620098039215688,4.944852941176471,3.3905358443330216,0.9633251833740832,4.7799511002444985,3.3082085058821806,"[(0.02973080240190029, 0.6742244362831116)]",[1.8],0.8913491532976827,0.8957546121360302
tempscale_global_cp,1.0,efficientnet_b0,0.05,0.0159250342512655,0.9509803921568628,4.314950980392157,2.9869113166084045,0.9535452322738386,4.188264058679707,2.8986564915397244,"[(0.02973080240190029, 0.6742244362831116)]",[1.8],0.9001504010695187,0.9043120693487441
tempscale_global_cp,1.0,efficientnet_b0,0.06,0.0227102685614173,0.9411764705882352,3.727941176470588,2.5766682539002645,0.9315403422982884,3.60880195599022,2.4291467270245874,"[(0.02973080240190029, 0.6742244362831116)]",[1.8],0.9085895721925134,0.9064792176039119
tempscale_global_cp,1.0,efficientnet_b0,0.07,0.0282919978352134,0.931372549019608,3.3933823529411766,2.273764549454329,0.9193154034229828,3.286063569682152,2.164127724441152,"[(0.02973080240190029, 0.6742244362831116)]",[1.8],0.9112912210338682,0.9077017114914425
tempscale_global_cp,1.0,efficientnet_b0,0.08,0.0317754162289595,0.920343137254902,3.232843137254902,2.1698015981637764,0.904645476772616,3.112469437652812,2.072539284368758,"[(0.02973080240190029, 0.6742244362831116)]",[1.8],0.9094251336898396,0.9043120693487441
tempscale_global_cp,1.0,efficientnet_b0,0.09,0.0384438540538218,0.9105392156862744,2.935049019607843,1.9426702356951635,0.8997555012224939,2.838630806845966,1.873342549092184,"[(0.02973080240190029, 0.6742244362831116)]",[1.8],0.9112912210338681,0.9080906868192932
tempscale_global_cp,1.0,efficientnet_b0,0.1,0.0494363495805945,0.9019607843137256,2.616421568627451,1.7024132060814956,0.8850855745721271,2.5354523227383865,1.6096712152862185,"[(0.02973080240190029, 0.6742244362831116)]",[1.8],0.9142435383244207,0.9076461435874639
tempscale_global_cp,1.0,mobilenet_v3_large,0.01,0.0048667311365355,0.991421568627451,9.778186274509803,5.48246443839292,0.9853300733496332,9.74083129584352,5.372329749495006,"[(0.02973080240190029, 0.6742244362831116)]",[2.3],0.7962065508021391,0.7940097799511002
tempscale_global_cp,1.0,mobilenet_v3_large,0.02,0.0078094742114724,0.9803921568627452,8.305147058823529,4.8283043118048505,0.980440097799511,8.227383863080684,4.827046179437204,"[(0.02973080240190029, 0.6742244362831116)]",[2.3],0.824170008912656,0.8259613247388309
tempscale_global_cp,1.0,mobilenet_v3_large,0.03,0.0127715494281317,0.971813725490196,6.8125,4.052098297517608,0.9633251833740832,6.667481662591687,4.103423791422345,"[(0.02973080240190029, 0.6742244362831116)]",[2.3],0.8538045900178253,0.8528561902645033
tempscale_global_cp,1.0,mobilenet_v3_large,0.04,0.0165161021116517,0.9607843137254902,6.0625,3.62889623269212,0.9535452322738386,5.93643031784841,3.6538311568674064,"[(0.02973080240190029, 0.6742244362831116)]",[2.3],0.8653353386809269,0.8645810180040008
tempscale_global_cp,1.0,mobilenet_v3_large,0.05,0.0192072388948237,0.9522058823529412,5.611519607843137,3.3544402304139287,0.9486552567237164,5.569682151589242,3.371193972278648,"[(0.02973080240190029, 0.6742244362831116)]",[2.3],0.8712956773618539,0.870471215825739
tempscale_global_cp,1.0,mobilenet_v3_large,0.06,0.0233879916738407,0.9411764705882352,5.090686274509804,3.0520985258310778,0.9437652811735942,5.017114914425428,2.9745785983312696,"[(0.02973080240190029, 0.6742244362831116)]",[2.3],0.877618092691622,0.8805845743498555
tempscale_global_cp,1.0,mobilenet_v3_large,0.07,0.0269684983859884,0.9301470588235294,4.725490196078432,2.850548150743608,0.9437652811735942,4.677261613691932,2.795997196923006,"[(0.02973080240190029, 0.6742244362831116)]",[2.3],0.8804032976827094,0.8883085130028896
tempscale_global_cp,1.0,mobilenet_v3_large,0.08,0.0314931685031921,0.920343137254902,4.317401960784314,2.5698079418577904,0.9315403422982884,4.276283618581907,2.525072296091657,"[(0.02973080240190029, 0.6742244362831116)]",[2.3],0.8847760695187166,0.8913091798177373
tempscale_global_cp,1.0,mobilenet_v3_large,0.09,0.0353459995401669,0.9117647058823528,4.078431372549019,2.419027006268218,0.921760391198044,4.002444987775061,2.3239991431032854,"[(0.02973080240190029, 0.6742244362831116)]",[2.3],0.8859180035650623,0.8926428095132252
tempscale_global_cp,1.0,mobilenet_v3_large,0.1,0.0396702014303557,0.9019607843137256,3.838235294117647,2.2602292143717246,0.9193154034229828,3.7897310513447433,2.19574876559297,"[(0.02973080240190029, 0.6742244362831116)]",[2.3],0.8864750445632799,0.8962547232718381
tempscale_global_cp,2.0,resnet50,0.01,0.0012414188801199,0.991421568627451,12.082107843137257,7.218703475744298,0.9926650366748166,12.06845965770171,7.019721281461209,"[(0.02973080240190029, 0.1468987613916397), (0.1468987613916397, 0.6742244362831116)]","[2.0, 1.9000000000000001]",0.7438446969696969,0.7447766170260058
tempscale_global_cp,2.0,resnet50,0.02,0.0056483688486399,0.9816176470588236,8.10049019607843,5.760727397808775,0.982885085574572,7.71638141809291,5.437149279249016,"[(0.02973080240190029, 0.1468987613916397), (0.1468987613916397, 0.6742244362831116)]","[2.0, 1.9000000000000001]",0.8294340463458111,0.8387975105579017
tempscale_global_cp,2.0,resnet50,0.03,0.0085507139528711,0.971813725490196,6.980392156862745,5.084299925119085,0.9706601466992664,6.616136919315403,4.7712293568204345,"[(0.02973080240190029, 0.1468987613916397), (0.1468987613916397, 0.6742244362831116)]","[2.0, 1.9000000000000001]",0.8499888591800355,0.8576905979106468
tempscale_global_cp,2.0,resnet50,0.04,0.0174943620493588,0.9607843137254902,5.122549019607843,3.758934633766649,0.9511002444987776,4.93643031784841,3.6343737881430775,"[(0.02973080240190029, 0.1468987613916397), (0.1468987613916397, 0.6742244362831116)]","[2.0, 1.9000000000000001]",0.8866978609625669,0.886085796843743
tempscale_global_cp,2.0,resnet50,0.05,0.0227149365336556,0.9522058823529412,4.540441176470588,3.2836988651117007,0.941320293398533,4.4645476772616135,3.2917381728848243,"[(0.02973080240190029, 0.1468987613916397), (0.1468987613916397, 0.6742244362831116)]","[2.0, 1.9000000000000001]",0.8956383689839573,0.8919204267615025
tempscale_global_cp,2.0,resnet50,0.06,0.0278919813799518,0.9411764705882352,4.110294117647059,2.918012335807747,0.9266503667481664,3.9559902200489,2.8478996781701187,"[(0.02973080240190029, 0.1468987613916397), (0.1468987613916397, 0.6742244362831116)]","[2.0, 1.9000000000000001]",0.8998997326203209,0.8961435874638809
tempscale_global_cp,2.0,resnet50,0.07,0.0346074386870477,0.931372549019608,3.731617647058824,2.591517144204952,0.9168704156479216,3.584352078239609,2.500532878807416,"[(0.02973080240190029, 0.1468987613916397), (0.1468987613916397, 0.6742244362831116)]","[2.0, 1.9000000000000001]",0.9036040552584671,0.8996999333185152
tempscale_global_cp,2.0,resnet50,0.08,0.0390418626796371,0.920343137254902,3.487745098039216,2.364431452143989,0.9168704156479216,3.39119804400978,2.331567314952037,"[(0.02973080240190029, 0.1468987613916397), (0.1468987613916397, 0.6742244362831116)]","[2.0, 1.9000000000000001]",0.9036319073083778,0.9040897977328295
tempscale_global_cp,2.0,resnet50,0.09,0.047014070449118,0.9105392156862744,3.175245098039216,2.0781130531074528,0.9095354523227384,3.0293398533007334,1.9540240729463312,"[(0.02973080240190029, 0.1468987613916397), (0.1468987613916397, 0.6742244362831116)]","[2.0, 1.9000000000000001]",0.9058322192513368,0.9086463658590798
tempscale_global_cp,2.0,resnet50,0.1,0.0500763069753438,0.9019607843137256,3.071078431372549,1.9684638217091852,0.902200488997555,2.9070904645476774,1.837180148735183,"[(0.02973080240190029, 0.1468987613916397), (0.1468987613916397, 0.6742244362831116)]","[2.0, 1.9000000000000001]",0.9039104278074868,0.9077572793954212
tempscale_global_cp,2.0,convnext_tiny,0.01,0.0056984110271358,0.9901960784313726,9.14828431372549,5.542732567184039,0.982885085574572,8.9119804400978,5.501018197782239,"[(0.02973080240190029, 0.1468987613916397), (0.1468987613916397, 0.6742244362831116)]","[1.9000000000000001, 2.3]",0.8099097593582888,0.8116248055123361
tempscale_global_cp,2.0,convnext_tiny,0.02,0.0096530475927791,0.9803921568627452,7.251225490196078,4.6649373688224935,0.9682151589242054,7.163814180929095,4.598294690249942,"[(0.02973080240190029, 0.1468987613916397), (0.1468987613916397, 0.6742244362831116)]","[1.9000000000000001, 2.3]",0.8481227718360071,0.844020893531896
tempscale_global_cp,2.0,convnext_tiny,0.03,0.0134111510545649,0.9705882352941176,6.115196078431373,4.067923840648686,0.9633251833740832,6.100244498777506,3.9181384905556738,"[(0.02973080240190029, 0.1468987613916397), (0.1468987613916397, 0.6742244362831116)]","[1.9000000000000001, 2.3]",0.8690396613190731,0.8657479439875528
tempscale_global_cp,2.0,convnext_tiny,0.04,0.0184059839041381,0.9607843137254902,5.241421568627451,3.508644777577387,0.9633251833740832,5.210268948655257,3.320646264615999,"[(0.02973080240190029, 0.1468987613916397), (0.1468987613916397, 0.6742244362831116)]","[1.9000000000000001, 2.3]",0.8839962121212122,0.8859746610357858
tempscale_global_cp,2.0,convnext_tiny,0.05,0.0236645585094669,0.9509803921568628,4.552696078431373,3.064609431306901,0.9584352078239609,4.623471882640587,2.978330323472042,"[(0.02973080240190029, 0.1468987613916397), (0.1468987613916397, 0.6742244362831116)]","[1.9000000000000001, 2.3]",0.8947471033868093,0.8968659702156034
tempscale_global_cp,2.0,convnext_tiny,0.06,0.0273290858024307,0.9399509803921569,4.166666666666667,2.8017268251231022,0.9559902200488998,4.2469437652811735,2.691133081231089,"[(0.02973080240190029, 0.1468987613916397), (0.1468987613916397, 0.6742244362831116)]","[1.9000000000000001, 2.3]",0.8980057932263814,0.9042009335407868
tempscale_global_cp,2.0,convnext_tiny,0.07,0.0321080024451184,0.931372549019608,3.840686274509804,2.548858167964598,0.9486552567237164,3.8728606356968216,2.3997701362295016,"[(0.02973080240190029, 0.1468987613916397), (0.1468987613916397, 0.6742244362831116)]","[1.9000000000000001, 2.3]",0.9011252228163994,0.9090353411869305
tempscale_global_cp,2.0,convnext_tiny,0.08,0.0352537117423406,0.9215686274509804,3.661764705882353,2.4021658575922222,0.941320293398533,3.687041564792176,2.2691409791181867,"[(0.02973080240190029, 0.1468987613916397), (0.1468987613916397, 0.6742244362831116)]","[1.9000000000000001, 2.3]",0.9002896613190732,0.909591020226717
tempscale_global_cp,2.0,convnext_tiny,0.09,0.0370634319661917,0.9105392156862744,3.5355392156862746,2.3149581166395783,0.9315403422982884,3.584352078239609,2.2285872449412323,"[(0.02973080240190029, 0.1468987613916397), (0.1468987613916397, 0.6742244362831116)]","[1.9000000000000001, 2.3]",0.89764371657754,0.9070348966436985
tempscale_global_cp,2.0,convnext_tiny,0.1,0.0456410989073288,0.9007352941176472,3.116421568627451,1.982132180038112,0.9168704156479216,3.1442542787286065,1.8766933657718456,"[(0.02973080240190029, 0.1468987613916397), (0.1468987613916397, 0.6742244362831116)]","[1.9000000000000001, 2.3]",0.9022671568627452,0.9097021560346743
tempscale_global_cp,2.0,densenet121,0.01,0.0007452030084322,0.9901960784313726,12.71936274509804,7.188015460512927,0.982885085574572,12.528117359413203,7.169946556249816,"[(0.02973080240190029, 0.1468987613916397), (0.1468987613916397, 0.6742244362831116)]","[1.3, 1.5]",0.7287488859180036,0.729439875527895
tempscale_global_cp,2.0,densenet121,0.02,0.001539021383054,0.9803921568627452,10.785539215686274,6.854892106202534,0.9731051344743276,10.547677261613693,6.876009869088381,"[(0.02973080240190029, 0.1468987613916397), (0.1468987613916397, 0.6742244362831116)]","[1.3, 1.5]",0.7677974598930482,0.7695599022004889
tempscale_global_cp,2.0,densenet121,0.03,0.0034014795192467,0.9705882352941176,8.528186274509803,6.047134278723241,0.960880195599022,8.38875305623472,6.115271729275966,"[(0.02973080240190029, 0.1468987613916397), (0.1468987613916397, 0.6742244362831116)]","[1.3, 1.5]",0.8141989750445633,0.8125138919759947
tempscale_global_cp,2.0,densenet121,0.04,0.00527127976106,0.9620098039215688,7.348039215686274,5.398024881927936,0.9535452322738386,7.200488997555012,5.469980288580427,"[(0.02973080240190029, 0.1468987613916397), (0.1468987613916397, 0.6742244362831116)]","[1.3, 1.5]",0.83673128342246,0.8358524116470326
tempscale_global_cp,2.0,densenet121,0.05,0.00839748756485,0.9522058823529412,6.238970588235294,4.718081709629751,0.9364303178484108,6.0440097799511,4.653050061541352,"[(0.02973080240190029, 0.1468987613916397), (0.1468987613916397, 0.6742244362831116)]","[1.3, 1.5]",0.8570354278074866,0.8535785730162259
tempscale_global_cp,2.0,densenet121,0.06,0.0105387656578948,0.9411764705882352,5.677696078431373,4.297490442538542,0.9242053789731052,5.481662591687042,4.278825007646121,"[(0.02973080240190029, 0.1468987613916397), (0.1468987613916397, 0.6742244362831116)]","[1.3, 1.5]",0.8642769607843136,0.8602467214936653
tempscale_global_cp,2.0,densenet121,0.07,0.0138142360883215,0.9301470588235294,5.03186274509804,3.787099420450535,0.9119804400977995,4.865525672371638,3.822339403218872,"[(0.02973080240190029, 0.1468987613916397), (0.1468987613916397, 0.6742244362831116)]","[1.3, 1.5]",0.8734402852049912,0.8681373638586353
tempscale_global_cp,2.0,densenet121,0.08,0.0163713650382133,0.920343137254902,4.675245098039215,3.522501191739941,0.8997555012224939,4.488997555012225,3.492990007243517,"[(0.02973080240190029, 0.1468987613916397), (0.1468987613916397, 0.6742244362831116)]","[1.3, 1.5]",0.8766432709447416,0.8705823516336963
tempscale_global_cp,2.0,densenet121,0.09,0.0211180865421952,0.9117647058823528,4.165441176470588,3.085121124750685,0.8899755501222494,4.019559902200489,3.1443835600277987,"[(0.02973080240190029, 0.1468987613916397), (0.1468987613916397, 0.6742244362831116)]","[1.3, 1.5]",0.8839405080213903,0.8763614136474772
tempscale_global_cp,2.0,densenet121,0.1,0.0241877503044615,0.9007352941176472,3.901960784313725,2.863340993580917,0.8777506112469438,3.801955990220049,2.958952449277471,"[(0.02973080240190029, 0.1468987613916397), (0.1468987613916397, 0.6742244362831116)]","[1.3, 1.5]",0.8844139928698753,0.8751944876639253
tempscale_global_cp,2.0,efficientnet_b0,0.01,0.0014841847626385,0.9901960784313726,10.044117647058824,6.305771920674814,0.9926650366748166,9.792176039119804,6.015329838368363,"[(0.02973080240190029, 0.1468987613916397), (0.1468987613916397, 0.6742244362831116)]","[1.7000000000000002, 1.9000000000000001]",0.7895499108734403,0.7965103356301401
tempscale_global_cp,2.0,efficientnet_b0,0.02,0.0038541125825327,0.9816176470588236,7.498774509803922,5.112939991914522,0.980440097799511,7.227383863080685,4.840702857878452,"[(0.02973080240190029, 0.1468987613916397), (0.1468987613916397, 0.6742244362831116)]","[1.7000000000000002, 1.9000000000000001]",0.8431094028520499,0.8486885974661036
tempscale_global_cp,2.0,efficientnet_b0,0.03,0.0073082468296888,0.971813725490196,5.964460784313726,4.157731011047592,0.9682151589242054,5.647921760391198,3.931970624436756,"[(0.02973080240190029, 0.1468987613916397), (0.1468987613916397, 0.6742244362831116)]","[1.7000000000000002, 1.9000000000000001]",0.8730782085561497,0.8784729939986664
tempscale_global_cp,2.0,efficientnet_b0,0.04,0.0111601472073503,0.9607843137254902,5.02328431372549,3.530774646651952,0.960880195599022,4.801955990220049,3.3474284678983643,"[(0.02973080240190029, 0.1468987613916397), (0.1468987613916397, 0.6742244362831116)]","[1.7000000000000002, 1.9000000000000001]",0.8889538770053476,0.8940320071126917
tempscale_global_cp,2.0,efficientnet_b0,0.05,0.0163034859585594,0.9509803921568628,4.313725490196078,3.038899414283823,0.9486552567237164,4.168704156479218,2.940884309400587,"[(0.02973080240190029, 0.1468987613916397), (0.1468987613916397, 0.6742244362831116)]","[1.7000000000000002, 1.9000000000000001]",0.9001782531194297,0.9023116248055123
tempscale_global_cp,2.0,efficientnet_b0,0.06,0.0233283493170735,0.9411764705882352,3.7107843137254894,2.5828775130844046,0.938875305623472,3.618581907090464,2.456715151122689,"[(0.02973080240190029, 0.1468987613916397), (0.1468987613916397, 0.6742244362831116)]","[1.7000000000000002, 1.9000000000000001]",0.9089795008912656,0.9099244276505891
tempscale_global_cp,2.0,efficientnet_b0,0.07,0.0284414206909847,0.9301470588235294,3.417892156862745,2.368217553462249,0.9242053789731052,3.2982885085574574,2.2287347721272206,"[(0.02973080240190029, 0.1468987613916397), (0.1468987613916397, 0.6742244362831116)]","[1.7000000000000002, 1.9000000000000001]",0.9101214349376114,0.9098688597466104
tempscale_global_cp,2.0,efficientnet_b0,0.08,0.034571695886487,0.920343137254902,3.1200980392156863,2.121964496338628,0.902200488997555,3.017114914425428,2.0272472788443845,"[(0.02973080240190029, 0.1468987613916397), (0.1468987613916397, 0.6742244362831116)]","[1.7000000000000002, 1.9000000000000001]",0.9119875222816399,0.9052567237163814
tempscale_global_cp,2.0,efficientnet_b0,0.09,0.042355677847206,0.9117647058823528,2.8308823529411766,1.876930954960406,0.8948655256723717,2.7188264058679708,1.763987090774092,"[(0.02973080240190029, 0.1468987613916397), (0.1468987613916397, 0.6742244362831116)]","[1.7000000000000002, 1.9000000000000001]",0.9142713903743315,0.9083685263391865
tempscale_global_cp,2.0,efficientnet_b0,0.1,0.0510103788438759,0.9007352941176472,2.593137254901961,1.6704325965427234,0.8777506112469438,2.508557457212714,1.6115567113771492,"[(0.02973080240190029, 0.1468987613916397), (0.1468987613916397, 0.6742244362831116)]","[1.7000000000000002, 1.9000000000000001]",0.9141599821746882,0.9045899088686375
tempscale_global_cp,2.0,mobilenet_v3_large,0.01,0.00404550857063,0.9901960784313726,10.583333333333334,6.541565192169126,0.982885085574572,10.320293398533009,6.451822881622246,"[(0.02973080240190029, 0.1468987613916397), (0.1468987613916397, 0.6742244362831116)]","[1.9000000000000001, 2.7]",0.777295008912656,0.7796176928206267
tempscale_global_cp,2.0,mobilenet_v3_large,0.02,0.0077369813675599,0.9803921568627452,8.623774509803921,5.683599855875077,0.9755501222493888,8.376528117359413,5.5468695702315305,"[(0.02973080240190029, 0.1468987613916397), (0.1468987613916397, 0.6742244362831116)]","[1.9000000000000001, 2.7]",0.8169284759358288,0.8201266948210714
tempscale_global_cp,2.0,mobilenet_v3_large,0.03,0.0094443338762376,0.971813725490196,8.006127450980392,5.359956074541204,0.9755501222493888,7.735941320293398,5.179771087113223,"[(0.02973080240190029, 0.1468987613916397), (0.1468987613916397, 0.6742244362831116)]","[1.9000000000000001, 2.7]",0.8266766934046346,0.8346854856634808
tempscale_global_cp,2.0,mobilenet_v3_large,0.04,0.0120520240290834,0.9607843137254902,7.234068627450981,4.857818250218201,0.9682151589242054,7.080684596577017,4.749555997344839,"[(0.02973080240190029, 0.1468987613916397), (0.1468987613916397, 0.6742244362831116)]","[1.9000000000000001, 2.7]",0.8387087789661319,0.8459102022671705
tempscale_global_cp,2.0,mobilenet_v3_large,0.05,0.0195530586710122,0.9522058823529412,5.799019607843137,3.875994372050165,0.9511002444987776,5.6552567237163816,3.797564268283783,"[(0.02973080240190029, 0.1468987613916397), (0.1468987613916397, 0.6742244362831116)]","[1.9000000000000001, 2.7]",0.8670343137254903,0.8697488330740165
tempscale_global_cp,2.0,mobilenet_v3_large,0.06,0.0250877417481274,0.9411764705882352,5.074754901960785,3.322981465834544,0.938875305623472,4.985330073349633,3.307364524644289,"[(0.02973080240190029, 0.1468987613916397), (0.1468987613916397, 0.6742244362831116)]","[1.9000000000000001, 2.7]",0.8779801693404634,0.8788619693265171
tempscale_global_cp,2.0,mobilenet_v3_large,0.07,0.0289104007914653,0.931372549019608,4.699754901960785,3.0749302460963768,0.9364303178484108,4.5843520782396086,2.95497585132415,"[(0.02973080240190029, 0.1468987613916397), (0.1468987613916397, 0.6742244362831116)]","[1.9000000000000001, 2.7]",0.8816009358288771,0.886752611691487
tempscale_global_cp,2.0,mobilenet_v3_large,0.08,0.0334180776506368,0.920343137254902,4.299019607843137,2.742869368410489,0.9364303178484108,4.237163814180929,2.689286500672691,"[(0.02973080240190029, 0.1468987613916397), (0.1468987613916397, 0.6742244362831116)]","[1.9000000000000001, 2.7]",0.8851938502673797,0.8946432540564571
tempscale_global_cp,2.0,mobilenet_v3_large,0.09,0.0366216401610512,0.9117647058823528,4.057598039215686,2.556779936237981,0.9315403422982884,4.029339853300733,2.5153066482770017,"[(0.02973080240190029, 0.1468987613916397), (0.1468987613916397, 0.6742244362831116)]","[1.9000000000000001, 2.7]",0.8863914884135471,0.8969215381195821
tempscale_global_cp,2.0,mobilenet_v3_large,0.1,0.0394265403355653,0.9019607843137256,3.883578431372549,2.447472673789548,0.921760391198044,3.8190709046454767,2.321690665773494,"[(0.02973080240190029, 0.1468987613916397), (0.1468987613916397, 0.6742244362831116)]","[1.9000000000000001, 2.7]",0.8854445187165776,0.8968104023116248
tempscale_global_cp,3.0,resnet50,0.01,0.0012414188801199,0.991421568627451,12.214460784313726,7.218531211160713,0.9926650366748166,12.19804400977995,7.042476509844117,"[(0.02973080240190029, 0.1030382290482521), (0.1030382290482521, 0.2696009476979573), (0.2696009476979573, 0.6742244362831116)]","[2.1, 1.9000000000000001, 1.9000000000000001]",0.7408366755793226,0.7418315181151367
tempscale_global_cp,3.0,resnet50,0.02,0.0057981188452538,0.9803921568627452,8.055147058823529,5.711670884434711,0.982885085574572,7.701711491442543,5.402980433038287,"[(0.02973080240190029, 0.1030382290482521), (0.1030382290482521, 0.2696009476979573), (0.2696009476979573, 0.6742244362831116)]","[2.1, 1.9000000000000001, 1.9000000000000001]",0.8298518270944741,0.8391309179817736
tempscale_global_cp,3.0,resnet50,0.03,0.008869759088566,0.971813725490196,6.9375,5.021499426973784,0.9731051344743276,6.633251833740832,4.709919765060067,"[(0.02973080240190029, 0.1030382290482521), (0.1030382290482521, 0.2696009476979573), (0.2696009476979573, 0.6742244362831116)]","[2.1, 1.9000000000000001, 1.9000000000000001]",0.8509636809269161,0.8585241164703267
tempscale_global_cp,3.0,resnet50,0.04,0.0192056312922375,0.9607843137254902,4.930147058823529,3.579116028714514,0.9486552567237164,4.777506112469438,3.4798592895964213,"[(0.02973080240190029, 0.1030382290482521), (0.1030382290482521, 0.2696009476979573), (0.2696009476979573, 0.6742244362831116)]","[2.1, 1.9000000000000001, 1.9000000000000001]",0.891070632798574,0.8884752167148255
tempscale_global_cp,3.0,resnet50,0.05,0.0243596562779426,0.9522058823529412,4.412990196078432,3.1455349431114663,0.938875305623472,4.3398533007334965,3.150565746997924,"[(0.02973080240190029, 0.1030382290482521), (0.1030382290482521, 0.2696009476979573), (0.2696009476979573, 0.6742244362831116)]","[2.1, 1.9000000000000001, 1.9000000000000001]",0.8985349821746881,0.8935318959768839
tempscale_global_cp,3.0,resnet50,0.06,0.0278919813799518,0.9411764705882352,4.131127450980392,2.921977523942118,0.9315403422982884,3.9926650366748166,2.845224195303492,"[(0.02973080240190029, 0.1030382290482521), (0.1030382290482521, 0.2696009476979573), (0.2696009476979573, 0.6742244362831116)]","[2.1, 1.9000000000000001, 1.9000000000000001]",0.8994262477718359,0.897755056679262
tempscale_global_cp,3.0,resnet50,0.07,0.0346074386870477,0.931372549019608,3.7450980392156863,2.5879103331354227,0.9193154034229828,3.611246943765281,2.4985023700314968,"[(0.02973080240190029, 0.1030382290482521), (0.1030382290482521, 0.2696009476979573), (0.2696009476979573, 0.6742244362831116)]","[2.1, 1.9000000000000001, 1.9000000000000001]",0.9032976827094474,0.9003111802622805
tempscale_global_cp,3.0,resnet50,0.08,0.0396082492762439,0.920343137254902,3.4669117647058822,2.333973988811749,0.9168704156479216,3.374083129584352,2.2904955535036597,"[(0.02973080240190029, 0.1030382290482521), (0.1030382290482521, 0.2696009476979573), (0.2696009476979573, 0.6742244362831116)]","[2.1, 1.9000000000000001, 1.9000000000000001]",0.9041053921568627,0.90447877306068
tempscale_global_cp,3.0,resnet50,0.09,0.0478826773894077,0.9117647058823528,3.170343137254902,2.059567078034481,0.904645476772616,3.0122249388753057,1.9296546147659657,"[(0.02973080240190029, 0.1030382290482521), (0.1030382290482521, 0.2696009476979573), (0.2696009476979573, 0.6742244362831116)]","[2.1, 1.9000000000000001, 1.9000000000000001]",0.9065563725490196,0.9065903534118692
tempscale_global_cp,3.0,resnet50,0.1,0.0507046027760238,0.9019607843137256,3.0588235294117645,1.948848475542118,0.902200488997555,2.9070904645476774,1.8371801487351835,"[(0.02973080240190029, 0.1030382290482521), (0.1030382290482521, 0.2696009476979573), (0.2696009476979573, 0.6742244362831116)]","[2.1, 1.9000000000000001, 1.9000000000000001]",0.9041889483065955,0.9077572793954212
tempscale_global_cp,3.0,convnext_tiny,0.01,0.0054026259117612,0.9901960784313726,9.25122549019608,5.217746251894027,0.982885085574572,9.058679706601469,5.074166723608609,"[(0.02973080240190029, 0.1030382290482521), (0.1030382290482521, 0.2696009476979573), (0.2696009476979573, 0.6742244362831116)]","[2.0, 2.2, 2.1]",0.8075701871657754,0.8082907312736163
tempscale_global_cp,3.0,convnext_tiny,0.02,0.0107760911980957,0.9816176470588236,6.730392156862745,4.123802005851869,0.9706601466992664,6.665036674816626,4.042291715001332,"[(0.02973080240190029, 0.1030382290482521), (0.1030382290482521, 0.2696009476979573), (0.2696009476979573, 0.6742244362831116)]","[2.0, 2.2, 2.1]",0.8605726381461676,0.8565792398310734
tempscale_global_cp,3.0,convnext_tiny,0.03,0.0132481690368674,0.9705882352941176,6.075980392156863,3.7929386816494657,0.9633251833740832,6.0464547677261615,3.700960477798026,"[(0.02973080240190029, 0.1030382290482521), (0.1030382290482521, 0.2696009476979573), (0.2696009476979573, 0.6742244362831116)]","[2.0, 2.2, 2.1]",0.869930926916221,0.8669704378750834
tempscale_global_cp,3.0,convnext_tiny,0.04,0.0183480923765954,0.9620098039215688,5.15686274509804,3.305135926246455,0.9633251833740832,5.185819070904645,3.226524298366473,"[(0.02973080240190029, 0.1030382290482521), (0.1030382290482521, 0.2696009476979573), (0.2696009476979573, 0.6742244362831116)]","[2.0, 2.2, 2.1]",0.8865307486631017,0.8865303400755724
tempscale_global_cp,3.0,convnext_tiny,0.05,0.0218410444416325,0.9509803921568628,4.707107843137255,3.022180823436336,0.9584352078239609,4.7799511002444985,2.9800459453235986,"[(0.02973080240190029, 0.1030382290482521), (0.1030382290482521, 0.2696009476979573), (0.2696009476979573, 0.6742244362831116)]","[2.0, 2.2, 2.1]",0.8912377450980393,0.8933096243609691
tempscale_global_cp,3.0,convnext_tiny,0.06,0.0263334394760123,0.9399509803921569,4.225490196078432,2.722120218726205,0.9559902200488998,4.268948655256724,2.621341622530187,"[(0.02973080240190029, 0.1030382290482521), (0.1030382290482521, 0.2696009476979573), (0.2696009476979573, 0.6742244362831116)]","[2.0, 2.2, 2.1]",0.8966688948306596,0.9037008224049788
tempscale_global_cp,3.0,convnext_tiny,0.07,0.0304962391475303,0.931372549019608,3.8848039215686274,2.498325804273404,0.9535452322738386,3.9633251833740832,2.377795550828926,"[(0.02973080240190029, 0.1030382290482521), (0.1030382290482521, 0.2696009476979573), (0.2696009476979573, 0.6742244362831116)]","[2.0, 2.2, 2.1]",0.900122549019608,0.9094243165147811
tempscale_global_cp,3.0,convnext_tiny,0.08,0.0330449649975661,0.920343137254902,3.716911764705882,2.382947645755276,0.9462102689486552,3.809290953545232,2.2954854674954825,"[(0.02973080240190029, 0.1030382290482521), (0.1030382290482521, 0.2696009476979573), (0.2696009476979573, 0.6742244362831116)]","[2.0, 2.2, 2.1]",0.8984235739750446,0.9092576128028451
tempscale_global_cp,3.0,convnext_tiny,0.09,0.038389150403593,0.9117647058823528,3.419117647058824,2.158164435639048,0.9290953545232272,3.459657701711492,2.067080641077994,"[(0.02973080240190029, 0.1030382290482521), (0.1030382290482521, 0.2696009476979573), (0.2696009476979573, 0.6742244362831116)]","[2.0, 2.2, 2.1]",0.9009024064171123,0.9086463658590798
tempscale_global_cp,3.0,convnext_tiny,0.1,0.0437634884074547,0.9019607843137256,3.159313725490196,1.9682807068078485,0.9168704156479216,3.1858190709046457,1.877597793292571,"[(0.02973080240190029, 0.1030382290482521), (0.1030382290482521, 0.2696009476979573), (0.2696009476979573, 0.6742244362831116)]","[2.0, 2.2, 2.1]",0.9019050802139038,0.9087575016670371
tempscale_global_cp,3.0,densenet121,0.01,0.0007452030084322,0.9901960784313726,12.33700980392157,7.199394233769756,0.9779951100244498,12.097799511002444,7.1703150656532,"[(0.02973080240190029, 0.1030382290482521), (0.1030382290482521, 0.2696009476979573), (0.2696009476979573, 0.6742244362831116)]","[1.3, 1.3, 1.5]",0.7374387254901961,0.7367748388530785
tempscale_global_cp,3.0,densenet121,0.02,0.0013647170712607,0.9816176470588236,10.753676470588236,6.914524441222976,0.9731051344743276,10.496332518337407,6.888253084734779,"[(0.02973080240190029, 0.1030382290482521), (0.1030382290482521, 0.2696009476979573), (0.2696009476979573, 0.6742244362831116)]","[1.3, 1.3, 1.5]",0.7691343582887701,0.7707268281840409
tempscale_global_cp,3.0,densenet121,0.03,0.002731011552764,0.9705882352941176,8.872549019607844,6.229942826394645,0.9633251833740832,8.682151589242054,6.333957790160443,"[(0.02973080240190029, 0.1030382290482521), (0.1030382290482521, 0.2696009476979573), (0.2696009476979573, 0.6742244362831116)]","[1.3, 1.3, 1.5]",0.8063725490196079,0.8070682373860858
tempscale_global_cp,3.0,densenet121,0.04,0.0048124401814336,0.9620098039215688,7.350490196078431,5.464654677113638,0.9559902200488998,7.202933985330073,5.607835175235652,"[(0.02973080240190029, 0.1030382290482521), (0.1030382290482521, 0.2696009476979573), (0.2696009476979573, 0.6742244362831116)]","[1.3, 1.3, 1.5]",0.8366755793226383,0.8370193376305846
tempscale_global_cp,3.0,densenet121,0.05,0.0079002458819412,0.9509803921568628,6.193627450980392,4.760875947005536,0.9339853300733496,6.024449877750612,4.736518766714521,"[(0.02973080240190029, 0.1030382290482521), (0.1030382290482521, 0.2696009476979573), (0.2696009476979573, 0.6742244362831116)]","[1.3, 1.3, 1.5]",0.8574532085561497,0.8528006223605245
tempscale_global_cp,3.0,densenet121,0.06,0.0099009216960854,0.9399509803921569,5.665441176470588,4.346181759176058,0.9266503667481664,5.47677261613692,4.352451839682575,"[(0.02973080240190029, 0.1030382290482521), (0.1030382290482521, 0.2696009476979573), (0.2696009476979573, 0.6742244362831116)]","[1.3, 1.3, 1.5]",0.8639427361853833,0.8615803511891532
tempscale_global_cp,3.0,densenet121,0.07,0.0136341476892891,0.931372549019608,4.947303921568627,3.754528975677283,0.9119804400977995,4.76039119804401,3.848766460821828,"[(0.02973080240190029, 0.1030382290482521), (0.1030382290482521, 0.2696009476979573), (0.2696009476979573, 0.6742244362831116)]","[1.3, 1.3, 1.5]",0.8759748217468807,0.8705267837297177
tempscale_global_cp,3.0,densenet121,0.08,0.0160532342779312,0.920343137254902,4.6213235294117645,3.517461514099601,0.902200488997555,4.43520782396088,3.521687264867229,"[(0.02973080240190029, 0.1030382290482521), (0.1030382290482521, 0.2696009476979573), (0.2696009476979573, 0.6742244362831116)]","[1.3, 1.3, 1.5]",0.87786876114082,0.8730273394087575
tempscale_global_cp,3.0,densenet121,0.09,0.0192069438268627,0.9105392156862744,4.261029411764706,3.231167293342504,0.8924205378973105,4.092909535452323,3.247895477218436,"[(0.02973080240190029, 0.1030382290482521), (0.1030382290482521, 0.2696009476979573), (0.2696009476979573, 0.6742244362831116)]","[1.3, 1.3, 1.5]",0.881155303030303,0.8759168704156479
tempscale_global_cp,3.0,densenet121,0.1,0.022614687533678,0.9007352941176472,3.936274509803922,2.93864678793696,0.882640586797066,3.845965770171149,3.04541655026016,"[(0.02973080240190029, 0.1030382290482521), (0.1030382290482521, 0.2696009476979573), (0.2696009476979573, 0.6742244362831116)]","[1.3, 1.3, 1.5]",0.8836341354723708,0.8766392531673706
tempscale_global_cp,3.0,efficientnet_b0,0.01,0.0014841847626385,0.9901960784313726,9.803921568627452,6.226586286093067,0.9926650366748166,9.530562347188264,6.012185663831564,"[(0.02973080240190029, 0.1030382290482521), (0.1030382290482521, 0.2696009476979573), (0.2696009476979573, 0.6742244362831116)]","[1.6, 1.8, 1.9000000000000001]",0.7950089126559714,0.8024561013558569
tempscale_global_cp,3.0,efficientnet_b0,0.02,0.0039206045204362,0.9816176470588236,7.311274509803922,5.053747429532575,0.9755501222493888,7.029339853300733,4.775561238093221,"[(0.02973080240190029, 0.1030382290482521), (0.1030382290482521, 0.2696009476979573), (0.2696009476979573, 0.6742244362831116)]","[1.6, 1.8, 1.9000000000000001]",0.8473707664884136,0.850744609913314
tempscale_global_cp,3.0,efficientnet_b0,0.03,0.0066698985066742,0.9705882352941176,6.036764705882353,4.268973946099908,0.9682151589242054,5.770171149144255,4.019024467755759,"[(0.02973080240190029, 0.1030382290482521), (0.1030382290482521, 0.2696009476979573), (0.2696009476979573, 0.6742244362831116)]","[1.6, 1.8, 1.9000000000000001]",0.870822192513369,0.8756945987997333
tempscale_global_cp,3.0,efficientnet_b0,0.04,0.0105185257840806,0.9607843137254902,5.029411764705882,3.595560667924314,0.960880195599022,4.84841075794621,3.382177315159587,"[(0.02973080240190029, 0.1030382290482521), (0.1030382290482521, 0.2696009476979573), (0.2696009476979573, 0.6742244362831116)]","[1.6, 1.8, 1.9000000000000001]",0.8888146167557932,0.8929762169370972
tempscale_global_cp,3.0,efficientnet_b0,0.05,0.0147185345168513,0.9509803921568628,4.415441176470588,3.140533051024779,0.9535452322738386,4.268948655256724,3.0498770057856355,"[(0.02973080240190029, 0.1030382290482521), (0.1030382290482521, 0.2696009476979573), (0.2696009476979573, 0.6742244362831116)]","[1.6, 1.8, 1.9000000000000001]",0.8978665329768272,0.9024783285174482
tempscale_global_cp,3.0,efficientnet_b0,0.06,0.0217242452265262,0.9411764705882352,3.764705882352941,2.6528803088535025,0.9364303178484108,3.67481662591687,2.560634191027972,"[(0.02973080240190029, 0.1030382290482521), (0.1030382290482521, 0.2696009476979573), (0.2696009476979573, 0.6742244362831116)]","[1.6, 1.8, 1.9000000000000001]",0.9077540106951871,0.9074238719715493
tempscale_global_cp,3.0,efficientnet_b0,0.07,0.0287908950880805,0.931372549019608,3.338235294117647,2.314343345553392,0.9193154034229828,3.254278728606357,2.175409925243576,"[(0.02973080240190029, 0.1030382290482521), (0.1030382290482521, 0.2696009476979573), (0.2696009476979573, 0.6742244362831116)]","[1.6, 1.8, 1.9000000000000001]",0.9125445632798574,0.9084240942431651
tempscale_global_cp,3.0,efficientnet_b0,0.08,0.0338498349051341,0.920343137254902,3.106617647058824,2.1212406957015384,0.904645476772616,3.0122249388753057,2.032101105493458,"[(0.02973080240190029, 0.1030382290482521), (0.1030382290482521, 0.2696009476979573), (0.2696009476979573, 0.6742244362831116)]","[1.6, 1.8, 1.9000000000000001]",0.9122938948306596,0.9065903534118692
tempscale_global_cp,3.0,efficientnet_b0,0.09,0.0406630197147868,0.9105392156862744,2.8517156862745097,1.901707694273708,0.8899755501222494,2.726161369193154,1.808246576261504,"[(0.02973080240190029, 0.1030382290482521), (0.1030382290482521, 0.2696009476979573), (0.2696009476979573, 0.6742244362831116)]","[1.6, 1.8, 1.9000000000000001]",0.9131851604278074,0.9057568348521894
tempscale_global_cp,3.0,efficientnet_b0,0.1,0.0480703447093199,0.9007352941176472,2.638480392156863,1.7229533595043416,0.8801955990220048,2.5354523227383865,1.650172948867576,"[(0.02973080240190029, 0.1030382290482521), (0.1030382290482521, 0.2696009476979573), (0.2696009476979573, 0.6742244362831116)]","[1.6, 1.8, 1.9000000000000001]",0.9131294563279857,0.9052011558124027
tempscale_global_cp,3.0,mobilenet_v3_large,0.01,0.0048667311365355,0.991421568627451,9.96936274509804,6.218669912148346,0.982885085574572,9.80195599022005,6.067863650349827,"[(0.02973080240190029, 0.1030382290482521), (0.1030382290482521, 0.2696009476979573), (0.2696009476979573, 0.6742244362831116)]","[1.9000000000000001, 2.3, 2.7]",0.7918616310160428,0.791398088464103
tempscale_global_cp,3.0,mobilenet_v3_large,0.02,0.0084918930403797,0.9803921568627452,8.300245098039216,5.427715723869723,0.9779951100244498,8.056234718826406,5.2412942375677,"[(0.02973080240190029, 0.1030382290482521), (0.1030382290482521, 0.2696009476979573), (0.2696009476979573, 0.6742244362831116)]","[1.9000000000000001, 2.3, 2.7]",0.8242814171122994,0.8286285841298067
tempscale_global_cp,3.0,mobilenet_v3_large,0.03,0.0114350692384465,0.971813725490196,7.370098039215686,4.882721435617569,0.9706601466992664,7.222493887530562,4.71349128963799,"[(0.02973080240190029, 0.1030382290482521), (0.1030382290482521, 0.2696009476979573), (0.2696009476979573, 0.6742244362831116)]","[1.9000000000000001, 2.3, 2.7]",0.8411319073083778,0.8439097577239386
tempscale_global_cp,3.0,mobilenet_v3_large,0.04,0.0135648339471767,0.9607843137254902,6.827205882352941,4.524529553788178,0.9657701711491442,6.71638141809291,4.451614427760387,"[(0.02973080240190029, 0.1030382290482521), (0.1030382290482521, 0.2696009476979573), (0.2696009476979573, 0.6742244362831116)]","[1.9000000000000001, 2.3, 2.7]",0.8479556595365418,0.8529673260724606
tempscale_global_cp,3.0,mobilenet_v3_large,0.05,0.0195530586710122,0.9522058823529412,5.748774509803922,3.800718903634981,0.9486552567237164,5.625916870415648,3.721925153577809,"[(0.02973080240190029, 0.1030382290482521), (0.1030382290482521, 0.2696009476979573), (0.2696009476979573, 0.6742244362831116)]","[1.9000000000000001, 2.3, 2.7]",0.868176247771836,0.8691931540342299
tempscale_global_cp,3.0,mobilenet_v3_large,0.06,0.0279456476622653,0.9411764705882352,4.78186274509804,3.103044750927568,0.9339853300733496,4.65281173594132,2.993350114149185,"[(0.02973080240190029, 0.1030382290482521), (0.1030382290482521, 0.2696009476979573), (0.2696009476979573, 0.6742244362831116)]","[1.9000000000000001, 2.3, 2.7]",0.8846368092691621,0.8839742164925539
tempscale_global_cp,3.0,mobilenet_v3_large,0.07,0.0307043620885472,0.9301470588235294,4.514705882352941,2.9078628045293677,0.9339853300733496,4.420537897310513,2.8438014270747267,"[(0.02973080240190029, 0.1030382290482521), (0.1030382290482521, 0.2696009476979573), (0.2696009476979573, 0.6742244362831116)]","[1.9000000000000001, 2.3, 2.7]",0.8851938502673797,0.8892531673705268
tempscale_global_cp,3.0,mobilenet_v3_large,0.08,0.0338022673202255,0.920343137254902,4.245098039215686,2.694170447865728,0.9315403422982884,4.185819070904645,2.631331693403949,"[(0.02973080240190029, 0.1030382290482521), (0.1030382290482521, 0.2696009476979573), (0.2696009476979573, 0.6742244362831116)]","[1.9000000000000001, 2.3, 2.7]",0.8864193404634582,0.8933651922649477
tempscale_global_cp,3.0,mobilenet_v3_large,0.09,0.0365484874053483,0.9117647058823528,4.0625,2.5470601325110978,0.9290953545232272,4.02200488997555,2.5032018401037552,"[(0.02973080240190029, 0.1030382290482521), (0.1030382290482521, 0.2696009476979573), (0.2696009476979573, 0.6742244362831116)]","[1.9000000000000001, 2.3, 2.7]",0.8862800802139037,0.8958657479439875
tempscale_global_cp,3.0,mobilenet_v3_large,0.1,0.0392857054013263,0.9007352941176472,3.894607843137255,2.441706720504756,0.921760391198044,3.836185819070905,2.3318903472050616,"[(0.02973080240190029, 0.1030382290482521), (0.1030382290482521, 0.2696009476979573), (0.2696009476979573, 0.6742244362831116)]","[1.9000000000000001, 2.3, 2.7]",0.8845811051693405,0.8964214269837741
tempscale_global_cp,4.0,resnet50,0.01,0.0015958287153184,0.9901960784313726,11.377450980392156,7.058382679588763,0.9902200488997556,11.207823960880196,6.8242582844456,"[(0.02973080240190029, 0.08681334555149078), (0.08681334555149078, 0.1468987613916397), (0.1468987613916397, 0.32508887350559235), (0.32508887350559235, 0.6742244362831116)]","[2.1, 1.8, 2.1, 1.8]",0.75924688057041,0.7631140253389642
tempscale_global_cp,4.0,resnet50,0.02,0.0047342638726506,0.9803921568627452,8.442401960784315,5.889431887378832,0.980440097799511,8.114914425427873,5.616426968059188,"[(0.02973080240190029, 0.08681334555149078), (0.08681334555149078, 0.1468987613916397), (0.1468987613916397, 0.32508887350559235), (0.32508887350559235, 0.6742244362831116)]","[2.1, 1.8, 2.1, 1.8]",0.8210505793226381,0.8285174483218494
tempscale_global_cp,4.0,resnet50,0.03,0.0083466206582352,0.9705882352941176,6.947303921568627,5.048385257837723,0.9682151589242054,6.691931540342298,4.779536497380013,"[(0.02973080240190029, 0.08681334555149078), (0.08681334555149078, 0.1468987613916397), (0.1468987613916397, 0.32508887350559235), (0.32508887350559235, 0.6742244362831116)]","[2.1, 1.8, 2.1, 1.8]",0.85012811942959,0.8547454989997777
tempscale_global_cp,4.0,resnet50,0.04,0.0176661452719696,0.9607843137254902,5.077205882352941,3.686244972438504,0.9511002444987776,4.875305623471883,3.552140642795988,"[(0.02973080240190029, 0.08681334555149078), (0.08681334555149078, 0.1468987613916397), (0.1468987613916397, 0.32508887350559235), (0.32508887350559235, 0.6742244362831116)]","[2.1, 1.8, 2.1, 1.8]",0.8877283868092691,0.8874749944432097
tempscale_global_cp,4.0,resnet50,0.05,0.0208571148108687,0.9509803921568628,4.696078431372549,3.384043340027112,0.9437652811735942,4.574572127139365,3.348530148703773,"[(0.02973080240190029, 0.08681334555149078), (0.08681334555149078, 0.1468987613916397), (0.1468987613916397, 0.32508887350559235), (0.32508887350559235, 0.6742244362831116)]","[2.1, 1.8, 2.1, 1.8]",0.8914884135472372,0.8906423649699933
tempscale_global_cp,4.0,resnet50,0.06,0.0269634923462203,0.9411764705882352,4.126225490196078,2.910427242428145,0.9266503667481664,4.024449877750612,2.8780237638673296,"[(0.02973080240190029, 0.08681334555149078), (0.08681334555149078, 0.1468987613916397), (0.1468987613916397, 0.32508887350559235), (0.32508887350559235, 0.6742244362831116)]","[2.1, 1.8, 2.1, 1.8]",0.8995376559714794,0.8945876861524784
tempscale_global_cp,4.0,resnet50,0.07,0.0333032023488841,0.931372549019608,3.756127450980392,2.5892096423409874,0.9193154034229828,3.633251833740832,2.514013426516833,"[(0.02973080240190029, 0.08681334555149078), (0.08681334555149078, 0.1468987613916397), (0.1468987613916397, 0.32508887350559235), (0.32508887350559235, 0.6742244362831116)]","[2.1, 1.8, 2.1, 1.8]",0.9030470142602496,0.8998110691264725
tempscale_global_cp,4.0,resnet50,0.08,0.0397336936338799,0.9215686274509804,3.4375,2.294711657951224,0.9119804400977995,3.3202933985330074,2.244821024003856,"[(0.02973080240190029, 0.08681334555149078), (0.08681334555149078, 0.1468987613916397), (0.1468987613916397, 0.32508887350559235), (0.32508887350559235, 0.6742244362831116)]","[2.1, 1.8, 2.1, 1.8]",0.9053865864527629,0.9032562791731495
tempscale_global_cp,4.0,resnet50,0.09,0.0467309112872204,0.9117647058823528,3.180147058823529,2.074151841289987,0.904645476772616,3.019559902200489,1.9251542476431784,"[(0.02973080240190029, 0.08681334555149078), (0.08681334555149078, 0.1468987613916397), (0.1468987613916397, 0.32508887350559235), (0.32508887350559235, 0.6742244362831116)]","[2.1, 1.8, 2.1, 1.8]",0.9063335561497325,0.9064236496999333
tempscale_global_cp,4.0,resnet50,0.1,0.0501394785886964,0.9019607843137256,3.0379901960784315,1.9496801849106675,0.904645476772616,2.902200488997555,1.831594505924221,"[(0.02973080240190029, 0.08681334555149078), (0.08681334555149078, 0.1468987613916397), (0.1468987613916397, 0.32508887350559235), (0.32508887350559235, 0.6742244362831116)]","[2.1, 1.8, 2.1, 1.8]",0.9046624331550803,0.909090909090909
tempscale_global_cp,4.0,convnext_tiny,0.01,0.0046049821295653,0.9901960784313726,9.502450980392156,5.6817124828517285,0.9877750611246944,9.30562347188264,5.573864322585224,"[(0.02973080240190029, 0.08681334555149078), (0.08681334555149078, 0.1468987613916397), (0.1468987613916397, 0.32508887350559235), (0.32508887350559235, 0.6742244362831116)]","[1.9000000000000001, 1.8, 2.4000000000000004, 2.1]",0.8018605169340464,0.8051233607468327
tempscale_global_cp,4.0,convnext_tiny,0.02,0.0086153324177241,0.9816176470588236,7.311274509803922,4.67221347626386,0.9706601466992664,7.222493887530562,4.564868785886263,"[(0.02973080240190029, 0.08681334555149078), (0.08681334555149078, 0.1468987613916397), (0.1468987613916397, 0.32508887350559235), (0.32508887350559235, 0.6742244362831116)]","[1.9000000000000001, 1.8, 2.4000000000000004, 2.1]",0.8473707664884136,0.8439097577239386
tempscale_global_cp,4.0,convnext_tiny,0.03,0.0131013212329504,0.9705882352941176,5.992647058823529,3.988334073188215,0.9633251833740832,5.943765281173594,3.770204446496099,"[(0.02973080240190029, 0.08681334555149078), (0.08681334555149078, 0.1468987613916397), (0.1468987613916397, 0.32508887350559235), (0.32508887350559235, 0.6742244362831116)]","[1.9000000000000001, 1.8, 2.4000000000000004, 2.1]",0.8718248663101604,0.8693042898421872
tempscale_global_cp,4.0,convnext_tiny,0.04,0.0163759896240147,0.9620098039215688,5.360294117647059,3.5803236670102376,0.9633251833740832,5.332518337408313,3.396667972539914,"[(0.02973080240190029, 0.08681334555149078), (0.08681334555149078, 0.1468987613916397), (0.1468987613916397, 0.32508887350559235), (0.32508887350559235, 0.6742244362831116)]","[1.9000000000000001, 1.8, 2.4000000000000004, 2.1]",0.8819073083778968,0.8831962658368526
tempscale_global_cp,4.0,convnext_tiny,0.05,0.0218410444416325,0.9509803921568628,4.607843137254902,3.076338741722935,0.960880195599022,4.657701711491443,2.9906448428492207,"[(0.02973080240190029, 0.08681334555149078), (0.08681334555149078, 0.1468987613916397), (0.1468987613916397, 0.32508887350559235), (0.32508887350559235, 0.6742244362831116)]","[1.9000000000000001, 1.8, 2.4000000000000004, 2.1]",0.89349376114082,0.8973105134474328
tempscale_global_cp,4.0,convnext_tiny,0.06,0.0263223787983933,0.9399509803921569,4.14828431372549,2.769551177192304,0.9559902200488998,4.156479217603912,2.618341049878734,"[(0.02973080240190029, 0.08681334555149078), (0.08681334555149078, 0.1468987613916397), (0.1468987613916397, 0.32508887350559235), (0.32508887350559235, 0.6742244362831116)]","[1.9000000000000001, 1.8, 2.4000000000000004, 2.1]",0.8984235739750446,0.9062569459879973
tempscale_global_cp,4.0,convnext_tiny,0.07,0.0292541595468911,0.931372549019608,3.8933823529411766,2.57526989464732,0.9486552567237164,3.9266503667481674,2.446393239076984,"[(0.02973080240190029, 0.08681334555149078), (0.08681334555149078, 0.1468987613916397), (0.1468987613916397, 0.32508887350559235), (0.32508887350559235, 0.6742244362831116)]","[1.9000000000000001, 1.8, 2.4000000000000004, 2.1]",0.8999275846702317,0.9078128472993998
tempscale_global_cp,4.0,convnext_tiny,0.08,0.0325174281624229,0.920343137254902,3.6924019607843137,2.440917762789652,0.938875305623472,3.7359413202933984,2.300994609327826,"[(0.02973080240190029, 0.08681334555149078), (0.08681334555149078, 0.1468987613916397), (0.1468987613916397, 0.32508887350559235), (0.32508887350559235, 0.6742244362831116)]","[1.9000000000000001, 1.8, 2.4000000000000004, 2.1]",0.8989806149732621,0.9072571682596133
tempscale_global_cp,4.0,convnext_tiny,0.09,0.0350435437205319,0.9105392156862744,3.519607843137255,2.319378686905573,0.9339853300733496,3.589242053789731,2.197460562069331,"[(0.02973080240190029, 0.08681334555149078), (0.08681334555149078, 0.1468987613916397), (0.1468987613916397, 0.32508887350559235), (0.32508887350559235, 0.6742244362831116)]","[1.9000000000000001, 1.8, 2.4000000000000004, 2.1]",0.8980057932263814,0.9081462547232718
tempscale_global_cp,4.0,convnext_tiny,0.1,0.0424172857490198,0.9019607843137256,3.1495098039215685,2.022471734430558,0.9193154034229828,3.1858190709046457,1.911154843983164,"[(0.02973080240190029, 0.08681334555149078), (0.08681334555149078, 0.1468987613916397), (0.1468987613916397, 0.32508887350559235), (0.32508887350559235, 0.6742244362831116)]","[1.9000000000000001, 1.8, 2.4000000000000004, 2.1]",0.9021278966131908,0.9099799955545675
tempscale_global_cp,4.0,densenet121,0.01,0.0009159906253608,0.991421568627451,11.948529411764708,7.273865236889467,0.980440097799511,11.704156479217604,7.171868933205218,"[(0.02973080240190029, 0.08681334555149078), (0.08681334555149078, 0.1468987613916397), (0.1468987613916397, 0.32508887350559235), (0.32508887350559235, 0.6742244362831116)]","[1.3, 1.3, 1.3, 1.6]",0.7468805704099821,0.7469437652811737
tempscale_global_cp,4.0,densenet121,0.02,0.0017549386832419,0.9803921568627452,10.246323529411764,6.930810807138536,0.9706601466992664,9.946210268948656,6.837409077973341,"[(0.02973080240190029, 0.08681334555149078), (0.08681334555149078, 0.1468987613916397), (0.1468987613916397, 0.32508887350559235), (0.32508887350559235, 0.6742244362831116)]","[1.3, 1.3, 1.3, 1.6]",0.7800523618538324,0.7820071126917092
tempscale_global_cp,4.0,densenet121,0.03,0.002731011552764,0.9705882352941176,9.03186274509804,6.438164735204567,0.960880195599022,8.814180929095354,6.489012294936855,"[(0.02973080240190029, 0.08681334555149078), (0.08681334555149078, 0.1468987613916397), (0.1468987613916397, 0.32508887350559235), (0.32508887350559235, 0.6742244362831116)]","[1.3, 1.3, 1.3, 1.6]",0.8027517825311943,0.8028450766837075
tempscale_global_cp,4.0,densenet121,0.04,0.0049435825298052,0.9620098039215688,7.508578431372549,5.6866652534356925,0.9559902200488998,7.30562347188264,5.769576447742411,"[(0.02973080240190029, 0.08681334555149078), (0.08681334555149078, 0.1468987613916397), (0.1468987613916397, 0.32508887350559235), (0.32508887350559235, 0.6742244362831116)]","[1.3, 1.3, 1.3, 1.6]",0.8330826648841356,0.8346854856634808
tempscale_global_cp,4.0,densenet121,0.05,0.00790979382817,0.9522058823529412,6.319852941176471,4.942006615752189,0.9339853300733496,6.12958435207824,4.948174450197162,"[(0.02973080240190029, 0.08681334555149078), (0.08681334555149078, 0.1468987613916397), (0.1468987613916397, 0.32508887350559235), (0.32508887350559235, 0.6742244362831116)]","[1.3, 1.3, 1.3, 1.6]",0.855197192513369,0.8504112024894421
tempscale_global_cp,4.0,densenet121,0.06,0.0099197222438695,0.9411764705882352,5.813725490196078,4.56967925282114,0.9266503667481664,5.618581907090465,4.514171864502318,"[(0.02973080240190029, 0.08681334555149078), (0.08681334555149078, 0.1468987613916397), (0.1468987613916397, 0.32508887350559235), (0.32508887350559235, 0.6742244362831116)]","[1.3, 1.3, 1.3, 1.6]",0.8611853832442067,0.8583574127583908
tempscale_global_cp,4.0,densenet121,0.07,0.0140417155403231,0.931372549019608,5.028186274509804,3.8825198564708,0.9144254278728606,4.809290953545232,3.8559402921172063,"[(0.02973080240190029, 0.08681334555149078), (0.08681334555149078, 0.1468987613916397), (0.1468987613916397, 0.32508887350559235), (0.32508887350559235, 0.6742244362831116)]","[1.3, 1.3, 1.3, 1.6]",0.874136586452763,0.870637919537675
tempscale_global_cp,4.0,densenet121,0.08,0.0161836341001397,0.9215686274509804,4.721813725490196,3.627889604840485,0.9070904645476772,4.518337408312958,3.657765450590648,"[(0.02973080240190029, 0.08681334555149078), (0.08681334555149078, 0.1468987613916397), (0.1468987613916397, 0.32508887350559235), (0.32508887350559235, 0.6742244362831116)]","[1.3, 1.3, 1.3, 1.6]",0.8761976381461676,0.873583018448544
tempscale_global_cp,4.0,densenet121,0.09,0.0203633491334679,0.9105392156862744,4.253676470588236,3.240840972503003,0.8924205378973105,4.075794621026895,3.279427750914388,"[(0.02973080240190029, 0.08681334555149078), (0.08681334555149078, 0.1468987613916397), (0.1468987613916397, 0.32508887350559235), (0.32508887350559235, 0.6742244362831116)]","[1.3, 1.3, 1.3, 1.6]",0.8813224153297682,0.8763058457434986
tempscale_global_cp,4.0,densenet121,0.1,0.0242648383291288,0.9019607843137256,3.904411764705882,2.925241760925341,0.8777506112469438,3.750611246943765,2.958788800627627,"[(0.02973080240190029, 0.08681334555149078), (0.08681334555149078, 0.1468987613916397), (0.1468987613916397, 0.32508887350559235), (0.32508887350559235, 0.6742244362831116)]","[1.3, 1.3, 1.3, 1.6]",0.8849710338680927,0.8763614136474772
tempscale_global_cp,4.0,efficientnet_b0,0.01,0.0014841847626385,0.9901960784313726,9.75,6.225245093214261,0.9877750611246944,9.400977995110024,5.989444588297683,"[(0.02973080240190029, 0.08681334555149078), (0.08681334555149078, 0.1468987613916397), (0.1468987613916397, 0.32508887350559235), (0.32508887350559235, 0.6742244362831116)]","[1.5, 1.8, 1.8, 1.9000000000000001]",0.7962344028520499,0.8029562124916648
tempscale_global_cp,4.0,efficientnet_b0,0.02,0.0033028608696202,0.9816176470588236,7.671568627450981,5.274102050716188,0.980440097799511,7.415647921760391,5.05261796463762,"[(0.02973080240190029, 0.08681334555149078), (0.08681334555149078, 0.1468987613916397), (0.1468987613916397, 0.32508887350559235), (0.32508887350559235, 0.6742244362831116)]","[1.5, 1.8, 1.8, 1.9000000000000001]",0.8391822638146168,0.8444098688597466
tempscale_global_cp,4.0,efficientnet_b0,0.03,0.0050589418523331,0.971813725490196,6.615196078431373,4.678797027892951,0.9755501222493888,6.396088019559902,4.435860132156666,"[(0.02973080240190029, 0.08681334555149078), (0.08681334555149078, 0.1468987613916397), (0.1468987613916397, 0.32508887350559235), (0.32508887350559235, 0.6742244362831116)]","[1.5, 1.8, 1.8, 1.9000000000000001]",0.8582887700534758,0.8651366970437875
tempscale_global_cp,4.0,efficientnet_b0,0.04,0.0103188088415271,0.9620098039215688,5.03921568627451,3.6411901971084464,0.960880195599022,4.87041564792176,3.4108026392423705,"[(0.02973080240190029, 0.08681334555149078), (0.08681334555149078, 0.1468987613916397), (0.1468987613916397, 0.32508887350559235), (0.32508887350559235, 0.6742244362831116)]","[1.5, 1.8, 1.8, 1.9000000000000001]",0.8892045454545455,0.8924761058012892
tempscale_global_cp,4.0,efficientnet_b0,0.05,0.0140390907662968,0.9522058823529412,4.459558823529412,3.204750120489129,0.9584352078239609,4.334963325183374,3.080465316059756,"[(0.02973080240190029, 0.08681334555149078), (0.08681334555149078, 0.1468987613916397), (0.1468987613916397, 0.32508887350559235), (0.32508887350559235, 0.6742244362831116)]","[1.5, 1.8, 1.8, 1.9000000000000001]",0.8974766042780749,0.9034229828850855
tempscale_global_cp,4.0,efficientnet_b0,0.06,0.0217242452265262,0.9411764705882352,3.741421568627451,2.6606334824928903,0.9339853300733496,3.643031784841076,2.5482544198395454,"[(0.02973080240190029, 0.08681334555149078), (0.08681334555149078, 0.1468987613916397), (0.1468987613916397, 0.32508887350559235), (0.32508887350559235, 0.6742244362831116)]","[1.5, 1.8, 1.8, 1.9000000000000001]",0.9082831996434937,0.9069237608357412
tempscale_global_cp,4.0,efficientnet_b0,0.07,0.0287908950880805,0.931372549019608,3.32843137254902,2.3125776065824786,0.9144254278728606,3.21760391198044,2.151722600890445,"[(0.02973080240190029, 0.08681334555149078), (0.08681334555149078, 0.1468987613916397), (0.1468987613916397, 0.32508887350559235), (0.32508887350559235, 0.6742244362831116)]","[1.5, 1.8, 1.8, 1.9000000000000001]",0.9127673796791445,0.9068126250277839
tempscale_global_cp,4.0,efficientnet_b0,0.08,0.0343027728447702,0.920343137254902,3.090686274509804,2.121692701873709,0.902200488997555,2.980440097799511,2.02299949225852,"[(0.02973080240190029, 0.08681334555149078), (0.08681334555149078, 0.1468987613916397), (0.1468987613916397, 0.32508887350559235), (0.32508887350559235, 0.6742244362831116)]","[1.5, 1.8, 1.8, 1.9000000000000001]",0.912655971479501,0.9060902422760613
tempscale_global_cp,4.0,efficientnet_b0,0.09,0.0405791049746064,0.9105392156862744,2.844362745098039,1.899830380918026,0.8899755501222494,2.7188264058679708,1.814546651858852,"[(0.02973080240190029, 0.08681334555149078), (0.08681334555149078, 0.1468987613916397), (0.1468987613916397, 0.32508887350559235), (0.32508887350559235, 0.6742244362831116)]","[1.5, 1.8, 1.8, 1.9000000000000001]",0.9133522727272727,0.9059235385641253
tempscale_global_cp,4.0,efficientnet_b0,0.1,0.0465874586010872,0.9019607843137256,2.674019607843137,1.7682137656924175,0.8801955990220048,2.5623471882640585,1.6464083653143833,"[(0.02973080240190029, 0.08681334555149078), (0.08681334555149078, 0.1468987613916397), (0.1468987613916397, 0.32508887350559235), (0.32508887350559235, 0.6742244362831116)]","[1.5, 1.8, 1.8, 1.9000000000000001]",0.9129344919786098,0.9045899088686374
tempscale_global_cp,4.0,mobilenet_v3_large,0.01,0.0033567671622788,0.991421568627451,11.319852941176473,6.827847964147339,0.982885085574572,11.144254278728608,6.802575558114065,"[(0.02973080240190029, 0.08681334555149078), (0.08681334555149078, 0.1468987613916397), (0.1468987613916397, 0.32508887350559235), (0.32508887350559235, 0.6742244362831116)]","[1.7000000000000002, 2.2, 2.6, 2.8000000000000003]",0.7611686720142602,0.7608913091798176
tempscale_global_cp,4.0,mobilenet_v3_large,0.02,0.0079953440618214,0.9803921568627452,8.637254901960784,5.733098289219235,0.9779951100244498,8.496332518337407,5.579442817038298,"[(0.02973080240190029, 0.08681334555149078), (0.08681334555149078, 0.1468987613916397), (0.1468987613916397, 0.32508887350559235), (0.32508887350559235, 0.6742244362831116)]","[1.7000000000000002, 2.2, 2.6, 2.8000000000000003]",0.8166221033868093,0.8186263614136475
tempscale_global_cp,4.0,mobilenet_v3_large,0.03,0.0121115702269571,0.971813725490196,7.363970588235294,4.955550059407312,0.9731051344743276,7.193154034229829,4.857313904312394,"[(0.02973080240190029, 0.08681334555149078), (0.08681334555149078, 0.1468987613916397), (0.1468987613916397, 0.32508887350559235), (0.32508887350559235, 0.6742244362831116)]","[1.7000000000000002, 2.2, 2.6, 2.8000000000000003]",0.8412711675579323,0.8457990664592132
tempscale_global_cp,4.0,mobilenet_v3_large,0.04,0.0155996250555794,0.9607843137254902,6.560049019607843,4.392096511041506,0.960880195599022,6.425427872860635,4.37261301984589,"[(0.02973080240190029, 0.08681334555149078), (0.08681334555149078, 0.1468987613916397), (0.1468987613916397, 0.32508887350559235), (0.32508887350559235, 0.6742244362831116)]","[1.7000000000000002, 2.2, 2.6, 2.8000000000000003]",0.8540274064171123,0.8571349188708602
tempscale_global_cp,4.0,mobilenet_v3_large,0.05,0.0179438083000773,0.9522058823529412,6.1556372549019605,4.113767247481949,0.9559902200488998,6.019559902200489,4.05881079117859,"[(0.02973080240190029, 0.08681334555149078), (0.08681334555149078, 0.1468987613916397), (0.1468987613916397, 0.32508887350559235), (0.32508887350559235, 0.6742244362831116)]","[1.7000000000000002, 2.2, 2.6, 2.8000000000000003]",0.858929367201426,0.863914203156257
tempscale_global_cp,4.0,mobilenet_v3_large,0.06,0.0257382991719303,0.9399509803921569,5.111519607843137,3.338877445003453,0.938875305623472,5.02200488997555,3.3076934679948344,"[(0.02973080240190029, 0.08681334555149078), (0.08681334555149078, 0.1468987613916397), (0.1468987613916397, 0.32508887350559235), (0.32508887350559235, 0.6742244362831116)]","[1.7000000000000002, 2.2, 2.6, 2.8000000000000003]",0.8765318627450981,0.8780284507668372
tempscale_global_cp,4.0,mobilenet_v3_large,0.07,0.0300725150943559,0.931372549019608,4.676470588235294,3.0410968245344923,0.938875305623472,4.579462102689487,2.942674582076068,"[(0.02973080240190029, 0.08681334555149078), (0.08681334555149078, 0.1468987613916397), (0.1468987613916397, 0.32508887350559235), (0.32508887350559235, 0.6742244362831116)]","[1.7000000000000002, 2.2, 2.6, 2.8000000000000003]",0.8821301247771837,0.888086241386975
tempscale_global_cp,4.0,mobilenet_v3_large,0.08,0.03504991814734,0.9215686274509804,4.245098039215686,2.692350363638505,0.9315403422982884,4.168704156479218,2.6105669288456723,"[(0.02973080240190029, 0.08681334555149078), (0.08681334555149078, 0.1468987613916397), (0.1468987613916397, 0.32508887350559235), (0.32508887350559235, 0.6742244362831116)]","[1.7000000000000002, 2.2, 2.6, 2.8000000000000003]",0.8870320855614973,0.8937541675927982
tempscale_global_cp,4.0,mobilenet_v3_large,0.09,0.0381172888161556,0.9105392156862744,4.025735294117647,2.5206158694460656,0.9242053789731052,3.9877750611246943,2.457929076081231,"[(0.02973080240190029, 0.08681334555149078), (0.08681334555149078, 0.1468987613916397), (0.1468987613916397, 0.32508887350559235), (0.32508887350559235, 0.6742244362831116)]","[1.7000000000000002, 2.2, 2.6, 2.8000000000000003]",0.8865028966131907,0.8941987108246277
tempscale_global_cp,4.0,mobilenet_v3_large,0.1,0.0399229352600266,0.9007352941176472,3.8933823529411766,2.453919500030463,0.9242053789731052,3.8655256723716382,2.34734616420802,"[(0.02973080240190029, 0.08681334555149078), (0.08681334555149078, 0.1468987613916397), (0.1468987613916397, 0.32508887350559235), (0.32508887350559235, 0.6742244362831116)]","[1.7000000000000002, 2.2, 2.6, 2.8000000000000003]",0.8846089572192514,0.8969771060235607
tempscale_global_cp,5.0,resnet50,0.01,0.0015958287153184,0.9901960784313726,11.395833333333334,6.990464954918786,0.9926650366748166,11.254278728606357,6.660021037916386,"[(0.02973080240190029, 0.07770626991987228), (0.07770626991987228, 0.11664925217628479), (0.11664925217628479, 0.23250193297863012), (0.23250193297863012, 0.38502268791198735), (0.38502268791198735, 0.6742244362831116)]","[1.9000000000000001, 2.0, 2.1, 2.0, 1.7000000000000002]",0.7588290998217468,0.7632807290509003
tempscale_global_cp,5.0,resnet50,0.02,0.0049602720424578,0.9816176470588236,8.323529411764707,5.748677196019699,0.982885085574572,7.9559902200489,5.43582426028081,"[(0.02973080240190029, 0.07770626991987228), (0.07770626991987228, 0.11664925217628479), (0.11664925217628479, 0.23250193297863012), (0.23250193297863012, 0.38502268791198735), (0.38502268791198735, 0.6742244362831116)]","[1.9000000000000001, 2.0, 2.1, 2.0, 1.7000000000000002]",0.8243649732620322,0.8333518559679929
tempscale_global_cp,5.0,resnet50,0.03,0.00813071818699,0.971813725490196,7.036764705882353,5.005743889354823,0.9682151589242054,6.667481662591687,4.712460075803842,"[(0.02973080240190029, 0.07770626991987228), (0.07770626991987228, 0.11664925217628479), (0.11664925217628479, 0.23250193297863012), (0.23250193297863012, 0.38502268791198735), (0.38502268791198735, 0.6742244362831116)]","[1.9000000000000001, 2.0, 2.1, 2.0, 1.7000000000000002]",0.8487076648841354,0.8553011780395643
tempscale_global_cp,5.0,resnet50,0.04,0.0155045807869841,0.9620098039215688,5.340686274509804,3.8379058218844753,0.9511002444987776,5.100244498777506,3.6580252985011774,"[(0.02973080240190029, 0.07770626991987228), (0.07770626991987228, 0.11664925217628479), (0.11664925217628479, 0.23250193297863012), (0.23250193297863012, 0.38502268791198735), (0.38502268791198735, 0.6742244362831116)]","[1.9000000000000001, 2.0, 2.1, 2.0, 1.7000000000000002]",0.8823529411764707,0.8823627472771727
tempscale_global_cp,5.0,resnet50,0.05,0.0180956064232129,0.9509803921568628,4.959558823529412,3.5655049145330597,0.941320293398533,4.78239608801956,3.4941912159857864,"[(0.02973080240190029, 0.07770626991987228), (0.07770626991987228, 0.11664925217628479), (0.11664925217628479, 0.23250193297863012), (0.23250193297863012, 0.38502268791198735), (0.38502268791198735, 0.6742244362831116)]","[1.9000000000000001, 2.0, 2.1, 2.0, 1.7000000000000002]",0.8855002228163993,0.8846965992442765
tempscale_global_cp,5.0,resnet50,0.06,0.024457751455575,0.9411764705882352,4.295343137254902,3.0522055477615258,0.9315403422982884,4.17359413202934,2.9604874774637784,"[(0.02973080240190029, 0.07770626991987228), (0.07770626991987228, 0.11664925217628479), (0.11664925217628479, 0.23250193297863012), (0.23250193297863012, 0.38502268791198735), (0.38502268791198735, 0.6742244362831116)]","[1.9000000000000001, 2.0, 2.1, 2.0, 1.7000000000000002]",0.8956940730837788,0.893643031784841
tempscale_global_cp,5.0,resnet50,0.07,0.0338203786961567,0.9301470588235294,3.7230392156862746,2.5358717761607736,0.9242053789731052,3.5916870415647923,2.4418978029500185,"[(0.02973080240190029, 0.07770626991987228), (0.07770626991987228, 0.11664925217628479), (0.11664925217628479, 0.23250193297863012), (0.23250193297863012, 0.38502268791198735), (0.38502268791198735, 0.6742244362831116)]","[1.9000000000000001, 2.0, 2.1, 2.0, 1.7000000000000002]",0.9031862745098039,0.9032007112691709
tempscale_global_cp,5.0,resnet50,0.08,0.0398408075931164,0.920343137254902,3.435049019607843,2.258577766429317,0.9144254278728606,3.286063569682152,2.158471433664163,"[(0.02973080240190029, 0.07770626991987228), (0.07770626991987228, 0.11664925217628479), (0.11664925217628479, 0.23250193297863012), (0.23250193297863012, 0.38502268791198735), (0.38502268791198735, 0.6742244362831116)]","[1.9000000000000001, 2.0, 2.1, 2.0, 1.7000000000000002]",0.9048295454545455,0.9052567237163813
tempscale_global_cp,5.0,resnet50,0.09,0.045261420776399,0.9105392156862744,3.2144607843137254,2.093251693041932,0.9095354523227384,3.046454767726161,1.945540546512765,"[(0.02973080240190029, 0.07770626991987228), (0.07770626991987228, 0.11664925217628479), (0.11664925217628479, 0.23250193297863012), (0.23250193297863012, 0.38502268791198735), (0.38502268791198735, 0.6742244362831116)]","[1.9000000000000001, 2.0, 2.1, 2.0, 1.7000000000000002]",0.9049409536541888,0.9082573905312292
tempscale_global_cp,5.0,resnet50,0.1,0.0469901584674814,0.9019607843137256,3.1519607843137254,2.036780927709639,0.9070904645476772,2.980440097799511,1.869745952947436,"[(0.02973080240190029, 0.07770626991987228), (0.07770626991987228, 0.11664925217628479), (0.11664925217628479, 0.23250193297863012), (0.23250193297863012, 0.38502268791198735), (0.38502268791198735, 0.6742244362831116)]","[1.9000000000000001, 2.0, 2.1, 2.0, 1.7000000000000002]",0.902072192513369,0.9085352300511225
tempscale_global_cp,5.0,convnext_tiny,0.01,0.0054026259117612,0.9901960784313726,9.143382352941176,5.286199228668815,0.982885085574572,8.95843520782396,5.113932596141663,"[(0.02973080240190029, 0.07770626991987228), (0.07770626991987228, 0.11664925217628479), (0.11664925217628479, 0.23250193297863012), (0.23250193297863012, 0.38502268791198735), (0.38502268791198735, 0.6742244362831116)]","[1.9000000000000001, 2.0, 2.2, 2.2, 2.1]",0.8100211675579323,0.8105690153367414
tempscale_global_cp,5.0,convnext_tiny,0.02,0.0102385029284838,0.9803921568627452,6.846813725490196,4.278859872493964,0.9682151589242054,6.809290953545232,4.14325524737861,"[(0.02973080240190029, 0.07770626991987228), (0.07770626991987228, 0.11664925217628479), (0.11664925217628479, 0.23250193297863012), (0.23250193297863012, 0.38502268791198735), (0.38502268791198735, 0.6742244362831116)]","[1.9000000000000001, 2.0, 2.2, 2.2, 2.1]",0.8573139483065955,0.852078239608802
tempscale_global_cp,5.0,convnext_tiny,0.03,0.0132481690368674,0.9705882352941176,6.007352941176471,3.851717830784278,0.9633251833740832,5.982885085574572,3.724917811600156,"[(0.02973080240190029, 0.07770626991987228), (0.07770626991987228, 0.11664925217628479), (0.11664925217628479, 0.23250193297863012), (0.23250193297863012, 0.38502268791198735), (0.38502268791198735, 0.6742244362831116)]","[1.9000000000000001, 2.0, 2.2, 2.2, 2.1]",0.8714906417112299,0.8684152033785286
tempscale_global_cp,5.0,convnext_tiny,0.04,0.0163759896240147,0.9620098039215688,5.404411764705882,3.5241714569386104,0.9633251833740832,5.405867970660147,3.330464668296848,"[(0.02973080240190029, 0.07770626991987228), (0.07770626991987228, 0.11664925217628479), (0.11664925217628479, 0.23250193297863012), (0.23250193297863012, 0.38502268791198735), (0.38502268791198735, 0.6742244362831116)]","[1.9000000000000001, 2.0, 2.2, 2.2, 2.1]",0.8809046345811051,0.8815292287174928
tempscale_global_cp,5.0,convnext_tiny,0.05,0.0218566629087977,0.9509803921568628,4.667892156862745,3.052441720812716,0.960880195599022,4.7530562347188265,2.983269845720929,"[(0.02973080240190029, 0.07770626991987228), (0.07770626991987228, 0.11664925217628479), (0.11664925217628479, 0.23250193297863012), (0.23250193297863012, 0.38502268791198735), (0.38502268791198735, 0.6742244362831116)]","[1.9000000000000001, 2.0, 2.2, 2.2, 2.1]",0.8921290106951871,0.8951433651922649
tempscale_global_cp,5.0,convnext_tiny,0.06,0.0258269704542531,0.9411764705882352,4.232843137254902,2.770591314195589,0.9559902200488998,4.26161369193154,2.66784132719669,"[(0.02973080240190029, 0.07770626991987228), (0.07770626991987228, 0.11664925217628479), (0.11664925217628479, 0.23250193297863012), (0.23250193297863012, 0.38502268791198735), (0.38502268791198735, 0.6742244362831116)]","[1.9000000000000001, 2.0, 2.2, 2.2, 2.1]",0.8971145276292334,0.9038675261169149
tempscale_global_cp,5.0,convnext_tiny,0.07,0.0304962391475303,0.931372549019608,3.872549019607843,2.52505705090839,0.9486552567237164,3.948655256723717,2.382660344825692,"[(0.02973080240190029, 0.07770626991987228), (0.07770626991987228, 0.11664925217628479), (0.11664925217628479, 0.23250193297863012), (0.23250193297863012, 0.38502268791198735), (0.38502268791198735, 0.6742244362831116)]","[1.9000000000000001, 2.0, 2.2, 2.2, 2.1]",0.9004010695187167,0.9073127361635919
tempscale_global_cp,5.0,convnext_tiny,0.08,0.0330449649975661,0.920343137254902,3.694852941176471,2.394596240463993,0.9437652811735942,3.809290953545232,2.301867369068793,"[(0.02973080240190029, 0.07770626991987228), (0.07770626991987228, 0.11664925217628479), (0.11664925217628479, 0.23250193297863012), (0.23250193297863012, 0.38502268791198735), (0.38502268791198735, 0.6742244362831116)]","[1.9000000000000001, 2.0, 2.2, 2.2, 2.1]",0.8989249108734403,0.9080351189153145
tempscale_global_cp,5.0,convnext_tiny,0.09,0.0349352067288257,0.9105392156862744,3.563725490196078,2.289866389444396,0.9364303178484108,3.672371638141809,2.182447090865636,"[(0.02973080240190029, 0.07770626991987228), (0.07770626991987228, 0.11664925217628479), (0.11664925217628479, 0.23250193297863012), (0.23250193297863012, 0.38502268791198735), (0.38502268791198735, 0.6742244362831116)]","[1.9000000000000001, 2.0, 2.2, 2.2, 2.1]",0.89700311942959,0.9074794398755279
tempscale_global_cp,5.0,convnext_tiny,0.1,0.0437634884074547,0.9019607843137256,3.1544117647058822,1.977986733202308,0.9144254278728606,3.163814180929095,1.8514676989588283,"[(0.02973080240190029, 0.07770626991987228), (0.07770626991987228, 0.11664925217628479), (0.11664925217628479, 0.23250193297863012), (0.23250193297863012, 0.38502268791198735), (0.38502268791198735, 0.6742244362831116)]","[1.9000000000000001, 2.0, 2.2, 2.2, 2.1]",0.9020164884135473,0.9080351189153145
tempscale_global_cp,5.0,densenet121,0.01,0.0002632205166112,0.991421568627451,15.06127450980392,7.372854978397955,0.9902200488997556,14.85085574572127,7.210407819970444,"[(0.02973080240190029, 0.07770626991987228), (0.07770626991987228, 0.11664925217628479), (0.11664925217628479, 0.23250193297863012), (0.23250193297863012, 0.38502268791198735), (0.38502268791198735, 0.6742244362831116)]","[1.1, 1.4, 1.4, 1.4, 1.6]",0.6761363636363638,0.6803178484107579
tempscale_global_cp,5.0,densenet121,0.02,0.0021397700313849,0.9803921568627452,9.761029411764708,6.741770649416296,0.9731051344743276,9.535452322738386,6.678384637951101,"[(0.02973080240190029, 0.07770626991987228), (0.07770626991987228, 0.11664925217628479), (0.11664925217628479, 0.23250193297863012), (0.23250193297863012, 0.38502268791198735), (0.38502268791198735, 0.6742244362831116)]","[1.1, 1.4, 1.4, 1.4, 1.6]",0.7910817736185383,0.792565014447655
tempscale_global_cp,5.0,densenet121,0.03,0.0032987682744175,0.971813725490196,8.625,6.224088444164681,0.9584352078239609,8.398533007334963,6.263574816833781,"[(0.02973080240190029, 0.07770626991987228), (0.07770626991987228, 0.11664925217628479), (0.11664925217628479, 0.23250193297863012), (0.23250193297863012, 0.38502268791198735), (0.38502268791198735, 0.6742244362831116)]","[1.1, 1.4, 1.4, 1.4, 1.6]",0.8126114081996434,0.8110691264725494
tempscale_global_cp,5.0,densenet121,0.04,0.0053277881860823,0.9620098039215688,7.3161764705882355,5.502943337944053,0.9535452322738386,7.193154034229829,5.617763659693745,"[(0.02973080240190029, 0.07770626991987228), (0.07770626991987228, 0.11664925217628479), (0.11664925217628479, 0.23250193297863012), (0.23250193297863012, 0.38502268791198735), (0.38502268791198735, 0.6742244362831116)]","[1.1, 1.4, 1.4, 1.4, 1.6]",0.8374554367201427,0.8360191153589687
tempscale_global_cp,5.0,densenet121,0.05,0.007232465448143,0.9522058823529412,6.575980392156863,5.036300727639621,0.9462102689486552,6.408312958435208,5.0398926270098325,"[(0.02973080240190029, 0.07770626991987228), (0.07770626991987228, 0.11664925217628479), (0.11664925217628479, 0.23250193297863012), (0.23250193297863012, 0.38502268791198735), (0.38502268791198735, 0.6742244362831116)]","[1.1, 1.4, 1.4, 1.4, 1.6]",0.8493761140819964,0.8501889308735274
tempscale_global_cp,5.0,densenet121,0.06,0.0105811780856929,0.9411764705882352,5.669117647058823,4.416804719176029,0.9266503667481664,5.471882640586797,4.346239318211278,"[(0.02973080240190029, 0.07770626991987228), (0.07770626991987228, 0.11664925217628479), (0.11664925217628479, 0.23250193297863012), (0.23250193297863012, 0.38502268791198735), (0.38502268791198735, 0.6742244362831116)]","[1.1, 1.4, 1.4, 1.4, 1.6]",0.8644719251336899,0.8616914869971105
tempscale_global_cp,5.0,densenet121,0.07,0.013753641099788,0.9301470588235294,5.079656862745098,3.914500178434369,0.9168704156479216,4.880195599022005,3.859110955913808,"[(0.02973080240190029, 0.07770626991987228), (0.07770626991987228, 0.11664925217628479), (0.11664925217628479, 0.23250193297863012), (0.23250193297863012, 0.38502268791198735), (0.38502268791198735, 0.6742244362831116)]","[1.1, 1.4, 1.4, 1.4, 1.6]",0.872354055258467,0.8702489442098242
tempscale_global_cp,5.0,densenet121,0.08,0.0185451295061551,0.9215686274509804,4.455882352941177,3.402423401895627,0.8997555012224939,4.278728606356968,3.4065322474974984,"[(0.02973080240190029, 0.07770626991987228), (0.07770626991987228, 0.11664925217628479), (0.11664925217628479, 0.23250193297863012), (0.23250193297863012, 0.38502268791198735), (0.38502268791198735, 0.6742244362831116)]","[1.1, 1.4, 1.4, 1.4, 1.6]",0.8822415329768272,0.8753611913758613
tempscale_global_cp,5.0,densenet121,0.09,0.0206127526360355,0.9117647058823528,4.235294117647059,3.2128005942779656,0.8948655256723717,4.100244498777506,3.250311241651207,"[(0.02973080240190029, 0.07770626991987228), (0.07770626991987228, 0.11664925217628479), (0.11664925217628479, 0.23250193297863012), (0.23250193297863012, 0.38502268791198735), (0.38502268791198735, 0.6742244362831116)]","[1.1, 1.4, 1.4, 1.4, 1.6]",0.8823529411764706,0.8769726605912425
tempscale_global_cp,5.0,densenet121,0.1,0.0232394497810394,0.9019607843137256,3.965686274509804,2.9895732234616803,0.8899755501222494,3.8753056234718826,3.0667554858144097,"[(0.02973080240190029, 0.07770626991987228), (0.07770626991987228, 0.11664925217628479), (0.11664925217628479, 0.23250193297863012), (0.23250193297863012, 0.38502268791198735), (0.38502268791198735, 0.6742244362831116)]","[1.1, 1.4, 1.4, 1.4, 1.6]",0.8835784313725491,0.8796399199822182
tempscale_global_cp,5.0,efficientnet_b0,0.01,0.0014841847626385,0.9901960784313726,9.942401960784316,6.226553362784583,0.9877750611246944,9.69682151589242,5.994782953541768,"[(0.02973080240190029, 0.07770626991987228), (0.07770626991987228, 0.11664925217628479), (0.11664925217628479, 0.23250193297863012), (0.23250193297863012, 0.38502268791198735), (0.38502268791198735, 0.6742244362831116)]","[1.5, 1.8, 1.9000000000000001, 1.8, 1.9000000000000001]",0.7918616310160427,0.7962324961102467
tempscale_global_cp,5.0,efficientnet_b0,0.02,0.0038060571054215,0.9816176470588236,7.486519607843137,5.093711486764817,0.9755501222493888,7.205378973105135,4.844463016929127,"[(0.02973080240190029, 0.07770626991987228), (0.07770626991987228, 0.11664925217628479), (0.11664925217628479, 0.23250193297863012), (0.23250193297863012, 0.38502268791198735), (0.38502268791198735, 0.6742244362831116)]","[1.5, 1.8, 1.9000000000000001, 1.8, 1.9000000000000001]",0.8433879233511588,0.8467437208268505
tempscale_global_cp,5.0,efficientnet_b0,0.03,0.006692576790419,0.9705882352941176,6.116421568627451,4.296592920470903,0.9682151589242054,5.904645476772616,4.054422311222187,"[(0.02973080240190029, 0.07770626991987228), (0.07770626991987228, 0.11664925217628479), (0.11664925217628479, 0.23250193297863012), (0.23250193297863012, 0.38502268791198735), (0.38502268791198735, 0.6742244362831116)]","[1.5, 1.8, 1.9000000000000001, 1.8, 1.9000000000000001]",0.8690118092691622,0.8726383640809069
tempscale_global_cp,5.0,efficientnet_b0,0.04,0.0105252458324061,0.9620098039215688,5.111519607843137,3.631097258217568,0.960880195599022,4.91442542787286,3.3819616744821905,"[(0.02973080240190029, 0.07770626991987228), (0.07770626991987228, 0.11664925217628479), (0.11664925217628479, 0.23250193297863012), (0.23250193297863012, 0.38502268791198735), (0.38502268791198735, 0.6742244362831116)]","[1.5, 1.8, 1.9000000000000001, 1.8, 1.9000000000000001]",0.887561274509804,0.8914758835296732
tempscale_global_cp,5.0,efficientnet_b0,0.05,0.0142067089330991,0.9509803921568628,4.517156862745098,3.185013890895611,0.9584352078239609,4.39119804400978,3.078201739417615,"[(0.02973080240190029, 0.07770626991987228), (0.07770626991987228, 0.11664925217628479), (0.11664925217628479, 0.23250193297863012), (0.23250193297863012, 0.38502268791198735), (0.38502268791198735, 0.6742244362831116)]","[1.5, 1.8, 1.9000000000000001, 1.8, 1.9000000000000001]",0.8955548128342247,0.9021449210935764
tempscale_global_cp,5.0,efficientnet_b0,0.06,0.0234363075638618,0.9411764705882352,3.6924019607843137,2.6093236136555524,0.9339853300733496,3.574572127139364,2.4264110910344487,"[(0.02973080240190029, 0.07770626991987228), (0.07770626991987228, 0.11664925217628479), (0.11664925217628479, 0.23250193297863012), (0.23250193297863012, 0.38502268791198735), (0.38502268791198735, 0.6742244362831116)]","[1.5, 1.8, 1.9000000000000001, 1.8, 1.9000000000000001]",0.9093972816399287,0.9084796621471438
tempscale_global_cp,5.0,efficientnet_b0,0.07,0.0287908950880805,0.931372549019608,3.3872549019607843,2.335160554946476,0.9193154034229828,3.281173594132029,2.182764804636305,"[(0.02973080240190029, 0.07770626991987228), (0.07770626991987228, 0.11664925217628479), (0.11664925217628479, 0.23250193297863012), (0.23250193297863012, 0.38502268791198735), (0.38502268791198735, 0.6742244362831116)]","[1.5, 1.8, 1.9000000000000001, 1.8, 1.9000000000000001]",0.9114304812834225,0.9078128472993998
tempscale_global_cp,5.0,efficientnet_b0,0.08,0.0343867699020277,0.9215686274509804,3.133578431372549,2.124333791468283,0.904645476772616,3.0122249388753057,2.0284883475872784,"[(0.02973080240190029, 0.07770626991987228), (0.07770626991987228, 0.11664925217628479), (0.11664925217628479, 0.23250193297863012), (0.23250193297863012, 0.38502268791198735), (0.38502268791198735, 0.6742244362831116)]","[1.5, 1.8, 1.9000000000000001, 1.8, 1.9000000000000001]",0.9122938948306596,0.9065903534118692
tempscale_global_cp,5.0,efficientnet_b0,0.09,0.0419491895029594,0.9105392156862744,2.840686274509804,1.8894992384662532,0.8899755501222494,2.706601466992665,1.7723716212774985,"[(0.02973080240190029, 0.07770626991987228), (0.07770626991987228, 0.11664925217628479), (0.11664925217628479, 0.23250193297863012), (0.23250193297863012, 0.38502268791198735), (0.38502268791198735, 0.6742244362831116)]","[1.5, 1.8, 1.9000000000000001, 1.8, 1.9000000000000001]",0.9134358288770053,0.9062013780840186
tempscale_global_cp,5.0,efficientnet_b0,0.1,0.0465874586010872,0.9019607843137256,2.6911764705882355,1.775437142590383,0.8850855745721271,2.6014669926650367,1.6592624512603031,"[(0.02973080240190029, 0.07770626991987228), (0.07770626991987228, 0.11664925217628479), (0.11664925217628479, 0.23250193297863012), (0.23250193297863012, 0.38502268791198735), (0.38502268791198735, 0.6742244362831116)]","[1.5, 1.8, 1.9000000000000001, 1.8, 1.9000000000000001]",0.9125445632798574,0.9061458101800399
tempscale_global_cp,5.0,mobilenet_v3_large,0.01,0.0038992070840733,0.9901960784313726,10.54656862745098,6.698901577372928,0.982885085574572,10.525672371638144,6.629190180197495,"[(0.02973080240190029, 0.07770626991987228), (0.07770626991987228, 0.11664925217628479), (0.11664925217628479, 0.23250193297863012), (0.23250193297863012, 0.38502268791198735), (0.38502268791198735, 0.6742244362831116)]","[1.8, 2.0, 2.1, 2.8000000000000003, 2.8000000000000003]",0.7781305704099821,0.7749499888864191
tempscale_global_cp,5.0,mobilenet_v3_large,0.02,0.0077975467589456,0.9803921568627452,8.52450980392157,5.777482257029963,0.9755501222493888,8.386308068459657,5.63541094693108,"[(0.02973080240190029, 0.07770626991987228), (0.07770626991987228, 0.11664925217628479), (0.11664925217628479, 0.23250193297863012), (0.23250193297863012, 0.38502268791198735), (0.38502268791198735, 0.6742244362831116)]","[1.8, 2.0, 2.1, 2.8000000000000003, 2.8000000000000003]",0.8191844919786097,0.8199044232051567
tempscale_global_cp,5.0,mobilenet_v3_large,0.03,0.0106663862488536,0.9705882352941176,7.587009803921568,5.215435037209731,0.9731051344743276,7.422982885085575,5.031884635505583,"[(0.02973080240190029, 0.07770626991987228), (0.07770626991987228, 0.11664925217628479), (0.11664925217628479, 0.23250193297863012), (0.23250193297863012, 0.38502268791198735), (0.38502268791198735, 0.6742244362831116)]","[1.8, 2.0, 2.1, 2.8000000000000003, 2.8000000000000003]",0.8355893493761142,0.8405756834852189
tempscale_global_cp,5.0,mobilenet_v3_large,0.04,0.0132949534672048,0.9620098039215688,6.909313725490196,4.780127523076183,0.9682151589242054,6.809290953545232,4.626680542990447,"[(0.02973080240190029, 0.07770626991987228), (0.07770626991987228, 0.11664925217628479), (0.11664925217628479, 0.23250193297863012), (0.23250193297863012, 0.38502268791198735), (0.38502268791198735, 0.6742244362831116)]","[1.8, 2.0, 2.1, 2.8000000000000003, 2.8000000000000003]",0.8467023172905526,0.852078239608802
tempscale_global_cp,5.0,mobilenet_v3_large,0.05,0.0195319459583012,0.9509803921568628,5.743872549019608,3.967309641013393,0.9584352078239609,5.657701711491443,3.844813049149023,"[(0.02973080240190029, 0.07770626991987228), (0.07770626991987228, 0.11664925217628479), (0.11664925217628479, 0.23250193297863012), (0.23250193297863012, 0.38502268791198735), (0.38502268791198735, 0.6742244362831116)]","[1.8, 2.0, 2.1, 2.8000000000000003, 2.8000000000000003]",0.8676749108734403,0.8733607468326294
tempscale_global_cp,5.0,mobilenet_v3_large,0.06,0.0277183297511519,0.9411764705882352,4.800245098039215,3.1909107954677824,0.9339853300733496,4.721271393643032,3.1101320889862647,"[(0.02973080240190029, 0.07770626991987228), (0.07770626991987228, 0.11664925217628479), (0.11664925217628479, 0.23250193297863012), (0.23250193297863012, 0.38502268791198735), (0.38502268791198735, 0.6742244362831116)]","[1.8, 2.0, 2.1, 2.8000000000000003, 2.8000000000000003]",0.884219028520499,0.8824183151811513
tempscale_global_cp,5.0,mobilenet_v3_large,0.07,0.0292200441250024,0.9301470588235294,4.650735294117647,3.0920239656963524,0.9339853300733496,4.569682151589242,2.9735032226087816,"[(0.02973080240190029, 0.07770626991987228), (0.07770626991987228, 0.11664925217628479), (0.11664925217628479, 0.23250193297863012), (0.23250193297863012, 0.38502268791198735), (0.38502268791198735, 0.6742244362831116)]","[1.8, 2.0, 2.1, 2.8000000000000003, 2.8000000000000003]",0.8821022727272727,0.8858635252278284
tempscale_global_cp,5.0,mobilenet_v3_large,0.08,0.0325171630438868,0.920343137254902,4.370098039215686,2.859930753000313,0.9339853300733496,4.310513447432763,2.8187135702549595,"[(0.02973080240190029, 0.07770626991987228), (0.07770626991987228, 0.11664925217628479), (0.11664925217628479, 0.23250193297863012), (0.23250193297863012, 0.38502268791198735), (0.38502268791198735, 0.6742244362831116)]","[1.8, 2.0, 2.1, 2.8000000000000003, 2.8000000000000003]",0.883578431372549,0.8917537230495666
tempscale_global_cp,5.0,mobilenet_v3_large,0.09,0.0380210631394766,0.9105392156862744,3.964460784313725,2.5175777542038555,0.9290953545232272,3.936430317848411,2.485334583283641,"[(0.02973080240190029, 0.07770626991987228), (0.07770626991987228, 0.11664925217628479), (0.11664925217628479, 0.23250193297863012), (0.23250193297863012, 0.38502268791198735), (0.38502268791198735, 0.6742244362831116)]","[1.8, 2.0, 2.1, 2.8000000000000003, 2.8000000000000003]",0.8878954991087343,0.8978106245832407
tempscale_global_cp,5.0,mobilenet_v3_large,0.1,0.0396583127923995,0.9019607843137256,3.85906862745098,2.456681787911283,0.9266503667481664,3.8288508557457215,2.3620986275791385,"[(0.02973080240190029, 0.07770626991987228), (0.07770626991987228, 0.11664925217628479), (0.11664925217628479, 0.23250193297863012), (0.23250193297863012, 0.38502268791198735), (0.38502268791198735, 0.6742244362831116)]","[1.8, 2.0, 2.1, 2.8000000000000003, 2.8000000000000003]",0.886001559714795,0.8990331184707714
